10020,5.27182,586700,poly-s2-p10020.graphml
10040,5.37845,587656,poly-s2-p10040.graphml
10060,5.3831,588560,poly-s2-p10060.graphml
10080,5.23255,589516,poly-s2-p10080.graphml
1010,0.4261,65096,poly-s2-p1010.graphml
10120,5.29153,592808,poly-s2-p10120.graphml
10140,5.27588,594060,poly-s2-p10140.graphml
10160,5.26801,594632,poly-s2-p10160.graphml
10180,5.3323,595988,poly-s2-p10180.graphml
1020,0.435063,65832,poly-s2-p1020.graphml
10220,6.02139,598432,poly-s2-p10220.graphml
10240,5.35693,599484,poly-s2-p10240.graphml
10260,5.38273,600988,poly-s2-p10260.graphml
10280,5.38351,601760,poly-s2-p10280.graphml
1030,0.438988,66604,poly-s2-p1030.graphml
10320,5.76607,604736,poly-s2-p10320.graphml
10340,5.7351,605460,poly-s2-p10340.graphml
10360,5.65196,607140,poly-s2-p10360.graphml
10380,5.64908,608800,poly-s2-p10380.graphml
1040,0.462836,67096,poly-s2-p1040.graphml
10420,5.81084,610864,poly-s2-p10420.graphml
10440,5.47418,611652,poly-s2-p10440.graphml
10460,5.49332,613552,poly-s2-p10460.graphml
10480,5.5114,614408,poly-s2-p10480.graphml
1050,0.448132,67800,poly-s2-p1050.graphml
10520,5.56282,616568,poly-s2-p10520.graphml
10540,7.0061,617532,poly-s2-p10540.graphml
10560,6.32967,619304,poly-s2-p10560.graphml
10580,6.32907,620076,poly-s2-p10580.graphml
1060,0.500837,68152,poly-s2-p1060.graphml
10620,6.07562,622136,poly-s2-p10620.graphml
10640,5.9057,623640,poly-s2-p10640.graphml
10660,5.86325,624904,poly-s2-p10660.graphml
10680,5.82968,625500,poly-s2-p10680.graphml
1070,0.477935,69220,poly-s2-p1070.graphml
10720,5.74918,628420,poly-s2-p10720.graphml
10740,6.06541,629444,poly-s2-p10740.graphml
10760,5.689,630692,poly-s2-p10760.graphml
10780,6.49141,632036,poly-s2-p10780.graphml
1080,0.473774,69820,poly-s2-p1080.graphml
10820,5.96794,633800,poly-s2-p10820.graphml
10840,6.4017,635168,poly-s2-p10840.graphml
10860,5.87152,636636,poly-s2-p10860.graphml
10880,5.97896,637548,poly-s2-p10880.graphml
1090,0.501125,69820,poly-s2-p1090.graphml
10920,6.13982,639340,poly-s2-p10920.graphml
10940,6.4421,641528,poly-s2-p10940.graphml
10960,6.04025,642024,poly-s2-p10960.graphml
10980,6.06521,643224,poly-s2-p10980.graphml
10,0.001608,8468,poly-s2-p10.graphml
11020,6.64374,645064,poly-s2-p11020.graphml
11040,6.39055,646268,poly-s2-p11040.graphml
11060,6.11561,647352,poly-s2-p11060.graphml
11080,5.90197,647772,poly-s2-p11080.graphml
110,0.044896,14492,poly-s2-p110.graphml
1110,0.485636,71104,poly-s2-p1110.graphml
11120,6.37153,650584,poly-s2-p11120.graphml
11140,6.07808,650828,poly-s2-p11140.graphml
11160,6.78758,652328,poly-s2-p11160.graphml
11180,6.11717,653580,poly-s2-p11180.graphml
1120,0.48564,71520,poly-s2-p1120.graphml
11220,6.3288,655608,poly-s2-p11220.graphml
11240,6.03669,657048,poly-s2-p11240.graphml
11260,5.98071,658372,poly-s2-p11260.graphml
11280,6.22918,659276,poly-s2-p11280.graphml
1130,0.487961,72448,poly-s2-p1130.graphml
11320,6.24813,661248,poly-s2-p11320.graphml
11340,6.75851,662428,poly-s2-p11340.graphml
11360,7.12345,663904,poly-s2-p11360.graphml
11380,6.71774,665088,poly-s2-p11380.graphml
1140,0.491899,72616,poly-s2-p1140.graphml
11420,6.07077,667128,poly-s2-p11420.graphml
11440,6.11985,668548,poly-s2-p11440.graphml
11460,6.13749,669684,poly-s2-p11460.graphml
11480,6.14962,671320,poly-s2-p11480.graphml
1150,0.498638,73512,poly-s2-p1150.graphml
11520,6.15465,673400,poly-s2-p11520.graphml
11540,6.61128,674292,poly-s2-p11540.graphml
11560,6.19005,675880,poly-s2-p11560.graphml
11580,6.17536,676588,poly-s2-p11580.graphml
1160,0.506429,73848,poly-s2-p1160.graphml
11620,6.33694,679192,poly-s2-p11620.graphml
11640,6.26732,680476,poly-s2-p11640.graphml
11660,6.35951,681696,poly-s2-p11660.graphml
11680,6.426,682588,poly-s2-p11680.graphml
1170,0.507279,74112,poly-s2-p1170.graphml
11720,6.28965,685044,poly-s2-p11720.graphml
11740,6.28218,685888,poly-s2-p11740.graphml
11760,6.43976,687236,poly-s2-p11760.graphml
11780,6.46879,688776,poly-s2-p11780.graphml
1180,0.516105,75064,poly-s2-p1180.graphml
11820,6.51561,690144,poly-s2-p11820.graphml
11840,6.4837,691416,poly-s2-p11840.graphml
11860,6.52521,692248,poly-s2-p11860.graphml
11880,6.36121,696456,poly-s2-p11880.graphml
1190,0.513286,75832,poly-s2-p1190.graphml
11920,6.41771,698028,poly-s2-p11920.graphml
11940,7.31825,699576,poly-s2-p11940.graphml
11960,7.15722,701492,poly-s2-p11960.graphml
11980,6.60804,701368,poly-s2-p11980.graphml
12020,6.94626,705084,poly-s2-p12020.graphml
12040,6.81868,705860,poly-s2-p12040.graphml
12060,7.37064,707204,poly-s2-p12060.graphml
12080,6.68675,706388,poly-s2-p12080.graphml
120,0.051733,14188,poly-s2-p120.graphml
1210,0.548417,76456,poly-s2-p1210.graphml
12120,6.75355,710016,poly-s2-p12120.graphml
12140,6.85567,712656,poly-s2-p12140.graphml
12160,7.31116,712380,poly-s2-p12160.graphml
12180,6.9638,713736,poly-s2-p12180.graphml
1220,0.546615,77256,poly-s2-p1220.graphml
12220,7.1458,714356,poly-s2-p12220.graphml
12240,6.86759,718552,poly-s2-p12240.graphml
12260,6.79634,719204,poly-s2-p12260.graphml
12280,6.73914,719792,poly-s2-p12280.graphml
1230,0.595936,77608,poly-s2-p1230.graphml
12320,6.91867,722708,poly-s2-p12320.graphml
12340,7.40762,724856,poly-s2-p12340.graphml
12360,7.03679,725912,poly-s2-p12360.graphml
12380,6.75477,727608,poly-s2-p12380.graphml
1240,0.545501,78488,poly-s2-p1240.graphml
12420,6.82338,727744,poly-s2-p12420.graphml
12440,7.27039,729120,poly-s2-p12440.graphml
12460,6.76307,730756,poly-s2-p12460.graphml
12480,6.73815,732188,poly-s2-p12480.graphml
1250,0.557944,79008,poly-s2-p1250.graphml
12520,6.87973,732596,poly-s2-p12520.graphml
12540,6.98879,736140,poly-s2-p12540.graphml
12560,6.86024,734196,poly-s2-p12560.graphml
12580,6.81433,736256,poly-s2-p12580.graphml
1260,0.558373,79776,poly-s2-p1260.graphml
12620,6.96078,738068,poly-s2-p12620.graphml
12640,6.94051,740480,poly-s2-p12640.graphml
12660,6.83608,740752,poly-s2-p12660.graphml
12680,7.43024,741892,poly-s2-p12680.graphml
1270,0.559745,80252,poly-s2-p1270.graphml
12720,6.94884,747124,poly-s2-p12720.graphml
12740,7.15884,746256,poly-s2-p12740.graphml
12760,7.311,746048,poly-s2-p12760.graphml
12780,6.91554,750056,poly-s2-p12780.graphml
1280,0.569247,81208,poly-s2-p1280.graphml
12820,6.95024,751880,poly-s2-p12820.graphml
12840,7.90465,751884,poly-s2-p12840.graphml
12860,7.91063,754248,poly-s2-p12860.graphml
12880,7.93185,754984,poly-s2-p12880.graphml
1290,0.589793,81284,poly-s2-p1290.graphml
12920,7.3375,756472,poly-s2-p12920.graphml
12940,7.13781,756064,poly-s2-p12940.graphml
12960,7.08217,759068,poly-s2-p12960.graphml
12980,7.26466,759860,poly-s2-p12980.graphml
13020,7.49962,762232,poly-s2-p13020.graphml
13040,7.68738,763104,poly-s2-p13040.graphml
13060,7.35075,763248,poly-s2-p13060.graphml
13080,7.50497,765232,poly-s2-p13080.graphml
130,0.050227,15184,poly-s2-p130.graphml
1310,0.578133,82556,poly-s2-p1310.graphml
13120,8.13347,768144,poly-s2-p13120.graphml
13140,8.16157,770172,poly-s2-p13140.graphml
13160,7.62259,769876,poly-s2-p13160.graphml
13180,7.9321,769956,poly-s2-p13180.graphml
1320,0.643721,83224,poly-s2-p1320.graphml
13220,7.22225,774412,poly-s2-p13220.graphml
13240,7.1382,774604,poly-s2-p13240.graphml
13260,7.65825,776428,poly-s2-p13260.graphml
13280,7.20009,776680,poly-s2-p13280.graphml
1330,0.636121,84464,poly-s2-p1330.graphml
13320,7.62068,778564,poly-s2-p13320.graphml
13340,8.06869,778600,poly-s2-p13340.graphml
13360,7.71732,780272,poly-s2-p13360.graphml
13380,9.93333,782732,poly-s2-p13380.graphml
1340,0.65354,84960,poly-s2-p1340.graphml
13420,7.23818,784632,poly-s2-p13420.graphml
13440,7.53058,784068,poly-s2-p13440.graphml
13460,7.68001,786164,poly-s2-p13460.graphml
13480,7.49381,787644,poly-s2-p13480.graphml
1350,0.594039,85272,poly-s2-p1350.graphml
13520,7.29845,788632,poly-s2-p13520.graphml
13540,7.29935,789540,poly-s2-p13540.graphml
13560,7.34865,792452,poly-s2-p13560.graphml
13580,7.43857,790852,poly-s2-p13580.graphml
1360,0.626829,86856,poly-s2-p1360.graphml
13620,7.49375,795128,poly-s2-p13620.graphml
13640,7.3868,795088,poly-s2-p13640.graphml
13660,7.667,797904,poly-s2-p13660.graphml
13680,7.42905,798368,poly-s2-p13680.graphml
1370,0.603646,86952,poly-s2-p1370.graphml
13720,7.77482,800260,poly-s2-p13720.graphml
13740,7.82062,800688,poly-s2-p13740.graphml
13760,7.64181,801944,poly-s2-p13760.graphml
13780,7.46813,804364,poly-s2-p13780.graphml
1380,0.6114,86936,poly-s2-p1380.graphml
13820,8.06592,807232,poly-s2-p13820.graphml
13840,7.86048,806736,poly-s2-p13840.graphml
13860,7.71019,806980,poly-s2-p13860.graphml
13880,7.57695,809740,poly-s2-p13880.graphml
1390,0.613425,88148,poly-s2-p1390.graphml
13920,7.56075,811972,poly-s2-p13920.graphml
13940,7.66396,811716,poly-s2-p13940.graphml
13960,7.87648,814824,poly-s2-p13960.graphml
13980,7.67525,815796,poly-s2-p13980.graphml
14020,7.77383,816824,poly-s2-p14020.graphml
14040,8.43654,819364,poly-s2-p14040.graphml
14060,8.29811,821036,poly-s2-p14060.graphml
14080,8.00246,821892,poly-s2-p14080.graphml
140,0.053362,15432,poly-s2-p140.graphml
1410,0.626956,89008,poly-s2-p1410.graphml
14120,7.68496,823220,poly-s2-p14120.graphml
14140,7.76876,824688,poly-s2-p14140.graphml
14160,8.28277,825200,poly-s2-p14160.graphml
14180,8.00602,826992,poly-s2-p14180.graphml
1420,0.648722,89260,poly-s2-p1420.graphml
14220,7.90033,827620,poly-s2-p14220.graphml
14240,8.3535,830380,poly-s2-p14240.graphml
14260,7.85198,830660,poly-s2-p14260.graphml
14280,8.00545,831320,poly-s2-p14280.graphml
1430,0.787463,89712,poly-s2-p1430.graphml
14320,8.02074,834332,poly-s2-p14320.graphml
14340,8.10353,836680,poly-s2-p14340.graphml
14360,8.73265,837240,poly-s2-p14360.graphml
14380,8.2447,838760,poly-s2-p14380.graphml
1440,0.637614,90516,poly-s2-p1440.graphml
14420,7.86582,840692,poly-s2-p14420.graphml
14440,7.86219,840232,poly-s2-p14440.graphml
14460,7.87977,840012,poly-s2-p14460.graphml
14480,7.89748,844508,poly-s2-p14480.graphml
1450,0.635807,90828,poly-s2-p1450.graphml
14520,8.08722,846592,poly-s2-p14520.graphml
14540,8.30427,845856,poly-s2-p14540.graphml
14560,8.43934,848344,poly-s2-p14560.graphml
14580,8.39098,849184,poly-s2-p14580.graphml
1460,0.653213,91420,poly-s2-p1460.graphml
14620,8.08058,852188,poly-s2-p14620.graphml
14640,7.98672,853372,poly-s2-p14640.graphml
14660,8.00896,853792,poly-s2-p14660.graphml
14680,8.07902,854672,poly-s2-p14680.graphml
1470,0.654144,91972,poly-s2-p1470.graphml
14720,8.3774,857908,poly-s2-p14720.graphml
14740,8.17101,856668,poly-s2-p14740.graphml
14760,8.3637,859736,poly-s2-p14760.graphml
14780,8.42356,860008,poly-s2-p14780.graphml
1480,0.726214,92708,poly-s2-p1480.graphml
14820,8.41113,862480,poly-s2-p14820.graphml
14840,8.39972,864392,poly-s2-p14840.graphml
14860,8.23159,865284,poly-s2-p14860.graphml
14880,8.10885,864500,poly-s2-p14880.graphml
1490,0.66212,92968,poly-s2-p1490.graphml
14920,8.17602,868892,poly-s2-p14920.graphml
14940,8.29787,868648,poly-s2-p14940.graphml
14960,8.22134,871336,poly-s2-p14960.graphml
14980,8.66666,872852,poly-s2-p14980.graphml
15020,8.5722,876016,poly-s2-p15020.graphml
15040,8.22929,875180,poly-s2-p15040.graphml
15060,8.48081,877712,poly-s2-p15060.graphml
15080,8.26146,877260,poly-s2-p15080.graphml
150,0.059389,15756,poly-s2-p150.graphml
1510,0.663829,93732,poly-s2-p1510.graphml
15120,8.43766,880704,poly-s2-p15120.graphml
15140,8.25155,878844,poly-s2-p15140.graphml
15160,8.29708,882528,poly-s2-p15160.graphml
15180,8.34565,882588,poly-s2-p15180.graphml
1520,0.67545,94608,poly-s2-p1520.graphml
15220,8.57848,886388,poly-s2-p15220.graphml
15240,8.52219,885704,poly-s2-p15240.graphml
15260,8.57968,889076,poly-s2-p15260.graphml
15280,8.75049,887976,poly-s2-p15280.graphml
1530,0.678716,95172,poly-s2-p1530.graphml
15320,8.42396,891104,poly-s2-p15320.graphml
15340,8.52604,892712,poly-s2-p15340.graphml
15360,8.77192,894784,poly-s2-p15360.graphml
15380,8.44355,895716,poly-s2-p15380.graphml
1540,0.67461,95448,poly-s2-p1540.graphml
15420,8.47968,897224,poly-s2-p15420.graphml
15440,8.48322,897700,poly-s2-p15440.graphml
15460,8.46745,899588,poly-s2-p15460.graphml
15480,8.47699,900704,poly-s2-p15480.graphml
1550,0.707526,96464,poly-s2-p1550.graphml
15520,8.53919,902904,poly-s2-p15520.graphml
15540,8.67603,905436,poly-s2-p15540.graphml
15560,8.52186,907572,poly-s2-p15560.graphml
15580,8.56239,907352,poly-s2-p15580.graphml
1560,0.693924,97108,poly-s2-p1560.graphml
15620,8.54107,909468,poly-s2-p15620.graphml
15640,8.52954,910312,poly-s2-p15640.graphml
15660,8.58917,912280,poly-s2-p15660.graphml
15680,9.04353,910928,poly-s2-p15680.graphml
1570,0.703555,98220,poly-s2-p1570.graphml
15720,8.87686,913980,poly-s2-p15720.graphml
15740,9.05882,916024,poly-s2-p15740.graphml
15760,8.6826,916964,poly-s2-p15760.graphml
15780,8.95308,917532,poly-s2-p15780.graphml
1580,0.707796,97660,poly-s2-p1580.graphml
15820,9.17516,919736,poly-s2-p15820.graphml
15840,8.83103,920380,poly-s2-p15840.graphml
15860,9.05246,920740,poly-s2-p15860.graphml
15880,8.97077,922940,poly-s2-p15880.graphml
1590,0.712587,99296,poly-s2-p1590.graphml
15920,9.45295,925528,poly-s2-p15920.graphml
15940,9.31462,926364,poly-s2-p15940.graphml
15960,9.11526,928212,poly-s2-p15960.graphml
15980,8.78668,927800,poly-s2-p15980.graphml
16020,9.05849,930876,poly-s2-p16020.graphml
16040,9.16645,931548,poly-s2-p16040.graphml
16060,8.88079,933092,poly-s2-p16060.graphml
16080,8.82057,932604,poly-s2-p16080.graphml
160,0.05908,16448,poly-s2-p160.graphml
1610,0.717022,100068,poly-s2-p1610.graphml
16120,8.88416,936656,poly-s2-p16120.graphml
16140,8.89262,937328,poly-s2-p16140.graphml
16160,8.87493,940140,poly-s2-p16160.graphml
16180,8.92711,938724,poly-s2-p16180.graphml
1620,0.722115,100944,poly-s2-p1620.graphml
16220,9.2771,941232,poly-s2-p16220.graphml
16240,9.26033,942636,poly-s2-p16240.graphml
16260,9.12753,943516,poly-s2-p16260.graphml
16280,8.93806,944912,poly-s2-p16280.graphml
1630,0.731156,101392,poly-s2-p1630.graphml
16320,9.09736,947244,poly-s2-p16320.graphml
16340,9.42962,948768,poly-s2-p16340.graphml
16360,9.08832,950028,poly-s2-p16360.graphml
16380,9.74741,950944,poly-s2-p16380.graphml
1640,0.842478,102084,poly-s2-p1640.graphml
16420,9.26176,955568,poly-s2-p16420.graphml
16440,9.51162,956468,poly-s2-p16440.graphml
16460,9.84375,956708,poly-s2-p16460.graphml
16480,9.35953,958508,poly-s2-p16480.graphml
1650,0.742063,102648,poly-s2-p1650.graphml
16520,9.12983,962196,poly-s2-p16520.graphml
16540,9.32267,962124,poly-s2-p16540.graphml
16560,9.35213,962404,poly-s2-p16560.graphml
16580,9.29039,965016,poly-s2-p16580.graphml
1660,0.753157,103152,poly-s2-p1660.graphml
16620,9.32001,966332,poly-s2-p16620.graphml
16640,9.43477,969044,poly-s2-p16640.graphml
16660,9.33441,969988,poly-s2-p16660.graphml
16680,9.20231,969136,poly-s2-p16680.graphml
1670,0.749404,103316,poly-s2-p1670.graphml
16720,10.0517,972060,poly-s2-p16720.graphml
16740,9.82404,972888,poly-s2-p16740.graphml
16760,9.39034,974204,poly-s2-p16760.graphml
16780,9.35499,974976,poly-s2-p16780.graphml
1680,0.774915,104824,poly-s2-p1680.graphml
16820,9.30691,977036,poly-s2-p16820.graphml
16840,9.95918,979076,poly-s2-p16840.graphml
16860,9.37567,980180,poly-s2-p16860.graphml
16880,9.41262,980712,poly-s2-p16880.graphml
1690,0.769045,105332,poly-s2-p1690.graphml
16920,10.2185,983172,poly-s2-p16920.graphml
16940,9.89659,985792,poly-s2-p16940.graphml
16960,9.57494,985896,poly-s2-p16960.graphml
16980,9.66572,985776,poly-s2-p16980.graphml
17020,9.58928,989264,poly-s2-p17020.graphml
17040,9.90478,989364,poly-s2-p17040.graphml
17060,9.81109,991192,poly-s2-p17060.graphml
17080,9.43511,991944,poly-s2-p17080.graphml
170,0.06062,17636,poly-s2-p170.graphml
1710,0.795733,105552,poly-s2-p1710.graphml
17120,9.72568,994164,poly-s2-p17120.graphml
17140,9.5711,995768,poly-s2-p17140.graphml
17160,10.1638,996248,poly-s2-p17160.graphml
17180,9.68004,998056,poly-s2-p17180.graphml
1720,0.765832,106476,poly-s2-p1720.graphml
17220,9.8012,1001896,poly-s2-p17220.graphml
17240,9.95558,1002812,poly-s2-p17240.graphml
17260,10.1303,1002036,poly-s2-p17260.graphml
17280,9.89815,1002544,poly-s2-p17280.graphml
1730,0.906593,106940,poly-s2-p1730.graphml
17320,10.1131,1004516,poly-s2-p17320.graphml
17340,9.88614,1006548,poly-s2-p17340.graphml
17360,9.64408,1007664,poly-s2-p17360.graphml
17380,9.65807,1007536,poly-s2-p17380.graphml
1740,0.794964,107556,poly-s2-p1740.graphml
17420,11.0754,1011580,poly-s2-p17420.graphml
17440,10.0059,1012356,poly-s2-p17440.graphml
17460,9.94911,1012952,poly-s2-p17460.graphml
17480,9.68289,1014696,poly-s2-p17480.graphml
1750,0.778319,108140,poly-s2-p1750.graphml
17520,9.74776,1016916,poly-s2-p17520.graphml
17540,9.80182,1018360,poly-s2-p17540.graphml
17560,9.93127,1020712,poly-s2-p17560.graphml
17580,9.82165,1020604,poly-s2-p17580.graphml
1760,0.799441,108620,poly-s2-p1760.graphml
17620,10.1739,1022708,poly-s2-p17620.graphml
17640,9.91376,1023920,poly-s2-p17640.graphml
17660,10.7478,1023612,poly-s2-p17660.graphml
17680,10.1805,1025368,poly-s2-p17680.graphml
1770,0.852978,109136,poly-s2-p1770.graphml
17720,10.0947,1027632,poly-s2-p17720.graphml
17740,11.4328,1029468,poly-s2-p17740.graphml
17760,10.2581,1029604,poly-s2-p17760.graphml
17780,11.2255,1031008,poly-s2-p17780.graphml
1780,0.858443,109848,poly-s2-p1780.graphml
17820,11.2052,1033380,poly-s2-p17820.graphml
17840,11.2266,1033988,poly-s2-p17840.graphml
17860,10.3034,1036164,poly-s2-p17860.graphml
17880,10.0398,1035744,poly-s2-p17880.graphml
1790,0.844458,110808,poly-s2-p1790.graphml
17920,11.65,1039072,poly-s2-p17920.graphml
17940,11.6109,1040940,poly-s2-p17940.graphml
17960,11.5622,1041128,poly-s2-p17960.graphml
17980,10.1975,1043120,poly-s2-p17980.graphml
18020,10.2181,1045336,poly-s2-p18020.graphml
18040,10.1411,1045948,poly-s2-p18040.graphml
18060,10.1276,1046932,poly-s2-p18060.graphml
18080,10.8244,1047624,poly-s2-p18080.graphml
180,0.074827,18024,poly-s2-p180.graphml
1810,0.864549,111820,poly-s2-p1810.graphml
18120,11.3273,1050268,poly-s2-p18120.graphml
18140,10.6089,1052620,poly-s2-p18140.graphml
18160,10.3909,1052680,poly-s2-p18160.graphml
18180,10.2447,1054636,poly-s2-p18180.graphml
1820,0.843529,111708,poly-s2-p1820.graphml
18220,11.2246,1056348,poly-s2-p18220.graphml
18240,10.8859,1058404,poly-s2-p18240.graphml
18260,11.1009,1058104,poly-s2-p18260.graphml
18280,11.2799,1059976,poly-s2-p18280.graphml
1830,0.834556,112012,poly-s2-p1830.graphml
18320,10.8857,1062316,poly-s2-p18320.graphml
18340,11.0744,1063128,poly-s2-p18340.graphml
18360,11.3346,1064724,poly-s2-p18360.graphml
18380,11.2603,1065532,poly-s2-p18380.graphml
1840,0.836255,112744,poly-s2-p1840.graphml
18420,10.2339,1067368,poly-s2-p18420.graphml
18440,10.2115,1068728,poly-s2-p18440.graphml
18460,10.5151,1069880,poly-s2-p18460.graphml
18480,10.2476,1071552,poly-s2-p18480.graphml
1850,0.84337,113168,poly-s2-p1850.graphml
18520,10.347,1072660,poly-s2-p18520.graphml
18540,10.2866,1074312,poly-s2-p18540.graphml
18560,10.546,1074696,poly-s2-p18560.graphml
18580,11.4268,1076812,poly-s2-p18580.graphml
1860,0.913615,114456,poly-s2-p1860.graphml
18620,10.4556,1079640,poly-s2-p18620.graphml
18640,10.8309,1079872,poly-s2-p18640.graphml
18660,10.4177,1081136,poly-s2-p18660.graphml
18680,11.6894,1082372,poly-s2-p18680.graphml
1870,0.869047,114736,poly-s2-p1870.graphml
18720,10.668,1083836,poly-s2-p18720.graphml
18740,12.4947,1085692,poly-s2-p18740.graphml
18760,10.959,1087100,poly-s2-p18760.graphml
18780,12.8392,1087820,poly-s2-p18780.graphml
1880,0.89823,115340,poly-s2-p1880.graphml
18820,10.6178,1089932,poly-s2-p18820.graphml
18840,13.3001,1091476,poly-s2-p18840.graphml
18860,13.0753,1091640,poly-s2-p18860.graphml
18880,11.9223,1092852,poly-s2-p18880.graphml
1890,0.981598,115472,poly-s2-p1890.graphml
18920,10.7345,1095896,poly-s2-p18920.graphml
18940,11.4122,1096732,poly-s2-p18940.graphml
18960,11.0646,1097924,poly-s2-p18960.graphml
18980,12.0439,1098152,poly-s2-p18980.graphml
19020,12.0505,1101288,poly-s2-p19020.graphml
19040,11.4801,1101576,poly-s2-p19040.graphml
19060,12.1582,1103684,poly-s2-p19060.graphml
19080,10.735,1103780,poly-s2-p19080.graphml
190,0.074318,18504,poly-s2-p190.graphml
1910,0.883345,117540,poly-s2-p1910.graphml
19120,11.326,1105888,poly-s2-p19120.graphml
19140,11.1847,1107992,poly-s2-p19140.graphml
19160,13.0716,1108992,poly-s2-p19160.graphml
19180,12.5058,1110756,poly-s2-p19180.graphml
1920,0.934672,117632,poly-s2-p1920.graphml
19220,11.6696,1112312,poly-s2-p19220.graphml
19240,14.1067,1113352,poly-s2-p19240.graphml
19260,14.259,1114236,poly-s2-p19260.graphml
19280,13.2502,1115544,poly-s2-p19280.graphml
1930,0.879496,118116,poly-s2-p1930.graphml
19320,11.2171,1117152,poly-s2-p19320.graphml
19340,11.1711,1117908,poly-s2-p19340.graphml
19360,11.1386,1119228,poly-s2-p19360.graphml
19380,10.7316,1120944,poly-s2-p19380.graphml
1940,0.987093,118988,poly-s2-p1940.graphml
19420,11.2613,1123620,poly-s2-p19420.graphml
19440,12.2732,1124720,poly-s2-p19440.graphml
19460,10.8385,1125208,poly-s2-p19460.graphml
19480,10.8563,1126664,poly-s2-p19480.graphml
1950,0.889434,118880,poly-s2-p1950.graphml
19520,12.0516,1128808,poly-s2-p19520.graphml
19540,11.3057,1130572,poly-s2-p19540.graphml
19560,11.1181,1131036,poly-s2-p19560.graphml
19580,11.2153,1133272,poly-s2-p19580.graphml
1960,0.935799,119932,poly-s2-p1960.graphml
19620,12.3095,1134624,poly-s2-p19620.graphml
19640,12.6844,1135668,poly-s2-p19640.graphml
19660,11.9458,1136892,poly-s2-p19660.graphml
19680,11.2421,1138620,poly-s2-p19680.graphml
1970,0.905032,120560,poly-s2-p1970.graphml
19720,11.0416,1140464,poly-s2-p19720.graphml
19740,11.0943,1141808,poly-s2-p19740.graphml
19760,11.2875,1142436,poly-s2-p19760.graphml
19780,11.0737,1143580,poly-s2-p19780.graphml
1980,0.902481,120804,poly-s2-p1980.graphml
19820,11.3785,1146636,poly-s2-p19820.graphml
19840,11.2725,1147248,poly-s2-p19840.graphml
19860,11.1945,1148988,poly-s2-p19860.graphml
19880,11.4667,1149640,poly-s2-p19880.graphml
1990,1.09728,121620,poly-s2-p1990.graphml
19920,11.8996,1151828,poly-s2-p19920.graphml
19940,11.9612,1152932,poly-s2-p19940.graphml
19960,11.205,1154096,poly-s2-p19960.graphml
19980,11.1976,1155340,poly-s2-p19980.graphml
20020,11.2042,1157836,poly-s2-p20020.graphml
20040,11.3467,1158680,poly-s2-p20040.graphml
20060,11.2861,1160088,poly-s2-p20060.graphml
20080,11.2634,1161064,poly-s2-p20080.graphml
2010,0.938986,123340,poly-s2-p2010.graphml
20120,11.4385,1163572,poly-s2-p20120.graphml
20140,11.2795,1164392,poly-s2-p20140.graphml
20160,11.3363,1165904,poly-s2-p20160.graphml
20180,11.3572,1167196,poly-s2-p20180.graphml
2020,0.938693,123904,poly-s2-p2020.graphml
20220,11.3989,1169584,poly-s2-p20220.graphml
20240,11.367,1170088,poly-s2-p20240.graphml
20260,11.5235,1170728,poly-s2-p20260.graphml
20280,11.5943,1172244,poly-s2-p20280.graphml
2030,0.941154,124220,poly-s2-p2030.graphml
20320,11.5173,1174524,poly-s2-p20320.graphml
20340,11.5903,1175376,poly-s2-p20340.graphml
20360,12.7152,1177208,poly-s2-p20360.graphml
20380,12.469,1178612,poly-s2-p20380.graphml
2040,1.06461,124544,poly-s2-p2040.graphml
20420,12.3438,1180420,poly-s2-p20420.graphml
20440,12.5552,1181908,poly-s2-p20440.graphml
20460,12.5783,1182772,poly-s2-p20460.graphml
20480,13.0394,1184256,poly-s2-p20480.graphml
2050,0.989713,125888,poly-s2-p2050.graphml
20520,12.484,1186804,poly-s2-p20520.graphml
20540,13.3512,1188588,poly-s2-p20540.graphml
20560,12.8071,1189380,poly-s2-p20560.graphml
20580,12.324,1190068,poly-s2-p20580.graphml
2060,0.9852,126420,poly-s2-p2060.graphml
20620,11.7282,1192096,poly-s2-p20620.graphml
20640,11.6258,1193752,poly-s2-p20640.graphml
20660,11.7524,1194052,poly-s2-p20660.graphml
20680,12.5204,1196448,poly-s2-p20680.graphml
2070,1.16499,127108,poly-s2-p2070.graphml
20720,12.9165,1197868,poly-s2-p20720.graphml
20740,13.0039,1198924,poly-s2-p20740.graphml
20760,11.9682,1200644,poly-s2-p20760.graphml
20780,12.5963,1201928,poly-s2-p20780.graphml
2080,0.959615,127628,poly-s2-p2080.graphml
20820,11.8424,1203824,poly-s2-p20820.graphml
20840,11.7157,1204904,poly-s2-p20840.graphml
20860,11.9339,1206968,poly-s2-p20860.graphml
20880,11.8219,1207844,poly-s2-p20880.graphml
2090,0.969603,128448,poly-s2-p2090.graphml
20920,12.106,1209436,poly-s2-p20920.graphml
20940,14.2043,1210900,poly-s2-p20940.graphml
20960,13.9775,1212540,poly-s2-p20960.graphml
20980,14.9245,1213732,poly-s2-p20980.graphml
20,0.006275,8684,poly-s2-p20.graphml
21020,14.2056,1214908,poly-s2-p21020.graphml
21040,12.3342,1216424,poly-s2-p21040.graphml
21060,15.2771,1217984,poly-s2-p21060.graphml
21080,11.9626,1218580,poly-s2-p21080.graphml
210,0.079134,19676,poly-s2-p210.graphml
2110,0.975538,129184,poly-s2-p2110.graphml
21120,11.968,1219796,poly-s2-p21120.graphml
21140,11.9371,1221588,poly-s2-p21140.graphml
21160,12.2983,1222816,poly-s2-p21160.graphml
21180,13.302,1223920,poly-s2-p21180.graphml
2120,0.980997,129960,poly-s2-p2120.graphml
21220,12.0261,1226220,poly-s2-p21220.graphml
21240,11.9867,1227412,poly-s2-p21240.graphml
21260,12.009,1228300,poly-s2-p21260.graphml
21280,12.2752,1229112,poly-s2-p21280.graphml
2130,0.984938,130240,poly-s2-p2130.graphml
21320,12.3335,1231368,poly-s2-p21320.graphml
21340,12.1643,1232520,poly-s2-p21340.graphml
21360,12.0828,1233480,poly-s2-p21360.graphml
21380,12.0748,1234300,poly-s2-p21380.graphml
2140,1.0006,130548,poly-s2-p2140.graphml
21420,12.1603,1235628,poly-s2-p21420.graphml
21440,12.1152,1237384,poly-s2-p21440.graphml
21460,12.1774,1237960,poly-s2-p21460.graphml
21480,12.0625,1239792,poly-s2-p21480.graphml
2150,1.01829,131644,poly-s2-p2150.graphml
21520,12.1874,1241752,poly-s2-p21520.graphml
21540,12.1657,1243480,poly-s2-p21540.graphml
21560,12.2101,1243672,poly-s2-p21560.graphml
21580,12.2525,1245208,poly-s2-p21580.graphml
2160,1.01648,131960,poly-s2-p2160.graphml
21620,12.4063,1246776,poly-s2-p21620.graphml
21640,12.4552,1248436,poly-s2-p21640.graphml
21660,12.501,1249244,poly-s2-p21660.graphml
21680,12.2935,1250028,poly-s2-p21680.graphml
2170,0.997266,132184,poly-s2-p2170.graphml
21720,12.2389,1252364,poly-s2-p21720.graphml
21740,12.3203,1253632,poly-s2-p21740.graphml
21760,12.3467,1254692,poly-s2-p21760.graphml
21780,12.9404,1255552,poly-s2-p21780.graphml
2180,1.00377,132568,poly-s2-p2180.graphml
21820,14.216,1257540,poly-s2-p21820.graphml
21840,15.2165,1258956,poly-s2-p21840.graphml
21860,12.8355,1259304,poly-s2-p21860.graphml
21880,15.6137,1261528,poly-s2-p21880.graphml
2190,1.0105,133324,poly-s2-p2190.graphml
21920,13.0758,1263288,poly-s2-p21920.graphml
21940,14.0637,1264444,poly-s2-p21940.graphml
21960,14.2435,1265972,poly-s2-p21960.graphml
21980,12.9402,1266832,poly-s2-p21980.graphml
22020,13.4298,1269816,poly-s2-p22020.graphml
22040,15.462,1270728,poly-s2-p22040.graphml
22060,14.7391,1271044,poly-s2-p22060.graphml
22080,13.4713,1273952,poly-s2-p22080.graphml
220,0.087724,20356,poly-s2-p220.graphml
2210,1.09306,134384,poly-s2-p2210.graphml
22120,13.3241,1274804,poly-s2-p22120.graphml
22140,12.993,1276272,poly-s2-p22140.graphml
22160,13.3685,1277560,poly-s2-p22160.graphml
22180,13.2571,1278672,poly-s2-p22180.graphml
2220,1.34095,135396,poly-s2-p2220.graphml
22220,13.9543,1281028,poly-s2-p22220.graphml
22240,13.3447,1283100,poly-s2-p22240.graphml
22260,12.8202,1283488,poly-s2-p22260.graphml
22280,12.6111,1284980,poly-s2-p22280.graphml
2230,1.04115,135496,poly-s2-p2230.graphml
22320,12.7427,1287816,poly-s2-p22320.graphml
22340,13.7477,1288640,poly-s2-p22340.graphml
22360,13.152,1290340,poly-s2-p22360.graphml
22380,12.9209,1291204,poly-s2-p22380.graphml
2240,1.11504,136376,poly-s2-p2240.graphml
22420,14.6319,1292916,poly-s2-p22420.graphml
22440,15.1048,1294172,poly-s2-p22440.graphml
22460,15.6695,1295840,poly-s2-p22460.graphml
22480,12.8247,1296632,poly-s2-p22480.graphml
2250,1.04517,136952,poly-s2-p2250.graphml
22520,12.8388,1299252,poly-s2-p22520.graphml
22540,13.4068,1301092,poly-s2-p22540.graphml
22560,13.1937,1302188,poly-s2-p22560.graphml
22580,14.5124,1303000,poly-s2-p22580.graphml
2260,1.17721,137208,poly-s2-p2260.graphml
22620,13.8983,1305968,poly-s2-p22620.graphml
22640,13.8226,1306816,poly-s2-p22640.graphml
22660,14.4938,1308572,poly-s2-p22660.graphml
22680,13.4695,1309736,poly-s2-p22680.graphml
2270,1.10742,138168,poly-s2-p2270.graphml
22720,13.0108,1311744,poly-s2-p22720.graphml
22740,12.8894,1313076,poly-s2-p22740.graphml
22760,13.4637,1314068,poly-s2-p22760.graphml
22780,12.9306,1314868,poly-s2-p22780.graphml
2280,1.05785,138416,poly-s2-p2280.graphml
22820,13.5332,1317008,poly-s2-p22820.graphml
22840,13.2307,1318476,poly-s2-p22840.graphml
22860,13.27,1319592,poly-s2-p22860.graphml
22880,13.0484,1320740,poly-s2-p22880.graphml
2290,1.10719,138900,poly-s2-p2290.graphml
22920,13.0615,1323436,poly-s2-p22920.graphml
22940,13.024,1324592,poly-s2-p22940.graphml
22960,13.454,1325736,poly-s2-p22960.graphml
22980,13.213,1327016,poly-s2-p22980.graphml
23020,13.6925,1329732,poly-s2-p23020.graphml
23040,13.4831,1331016,poly-s2-p23040.graphml
23060,13.6489,1331636,poly-s2-p23060.graphml
23080,13.5066,1332960,poly-s2-p23080.graphml
230,0.087803,20668,poly-s2-p230.graphml
2310,1.0839,140292,poly-s2-p2310.graphml
23120,18.8857,1335060,poly-s2-p23120.graphml
23140,13.606,1336204,poly-s2-p23140.graphml
23160,14.2687,1337104,poly-s2-p23160.graphml
23180,14.0553,1338208,poly-s2-p23180.graphml
2320,1.08881,140872,poly-s2-p2320.graphml
23220,13.2456,1340848,poly-s2-p23220.graphml
23240,13.3907,1342192,poly-s2-p23240.graphml
23260,13.1475,1343280,poly-s2-p23260.graphml
23280,13.1989,1344452,poly-s2-p23280.graphml
2330,1.08383,141556,poly-s2-p2330.graphml
23320,13.2099,1346488,poly-s2-p23320.graphml
23340,13.2392,1347640,poly-s2-p23340.graphml
23360,13.3635,1348504,poly-s2-p23360.graphml
23380,13.2965,1349736,poly-s2-p23380.graphml
2340,1.08839,142036,poly-s2-p2340.graphml
23420,13.3031,1351956,poly-s2-p23420.graphml
23440,13.3868,1353324,poly-s2-p23440.graphml
23460,13.4391,1354528,poly-s2-p23460.graphml
23480,13.3675,1355268,poly-s2-p23480.graphml
2350,1.11268,142972,poly-s2-p2350.graphml
23520,13.3792,1357352,poly-s2-p23520.graphml
23540,13.3654,1358584,poly-s2-p23540.graphml
23560,13.5079,1359468,poly-s2-p23560.graphml
23580,13.4419,1360844,poly-s2-p23580.graphml
2360,1.1245,143176,poly-s2-p2360.graphml
23620,13.4198,1363560,poly-s2-p23620.graphml
23640,13.4923,1364032,poly-s2-p23640.graphml
23660,13.451,1365164,poly-s2-p23660.graphml
23680,13.4694,1366608,poly-s2-p23680.graphml
2370,1.13576,144028,poly-s2-p2370.graphml
23720,13.6557,1369132,poly-s2-p23720.graphml
23740,13.5623,1369952,poly-s2-p23740.graphml
23760,13.6035,1371304,poly-s2-p23760.graphml
23780,13.5468,1372360,poly-s2-p23780.graphml
2380,1.14152,144136,poly-s2-p2380.graphml
23820,13.5505,1375164,poly-s2-p23820.graphml
23840,13.6032,1375868,poly-s2-p23840.graphml
23860,13.5656,1377264,poly-s2-p23860.graphml
23880,13.624,1378700,poly-s2-p23880.graphml
2390,1.15987,144724,poly-s2-p2390.graphml
23920,13.8841,1381316,poly-s2-p23920.graphml
23940,14.0274,1383788,poly-s2-p23940.graphml
23960,13.8249,1384564,poly-s2-p23960.graphml
23980,15.0235,1385912,poly-s2-p23980.graphml
24020,14.8376,1387340,poly-s2-p24020.graphml
24040,15.5919,1390224,poly-s2-p24040.graphml
24060,14.2381,1389620,poly-s2-p24060.graphml
24080,14.0662,1392848,poly-s2-p24080.graphml
240,0.092424,21504,poly-s2-p240.graphml
2410,1.14537,145812,poly-s2-p2410.graphml
24120,13.7699,1393108,poly-s2-p24120.graphml
24140,13.7795,1393988,poly-s2-p24140.graphml
24160,14.2834,1395292,poly-s2-p24160.graphml
24180,13.9242,1396988,poly-s2-p24180.graphml
2420,1.1319,146652,poly-s2-p2420.graphml
24220,14.0269,1399844,poly-s2-p24220.graphml
24240,13.9706,1399740,poly-s2-p24240.graphml
24260,13.9285,1401200,poly-s2-p24260.graphml
24280,14.1345,1402356,poly-s2-p24280.graphml
2430,1.17788,147144,poly-s2-p2430.graphml
24320,13.8627,1404904,poly-s2-p24320.graphml
24340,13.8836,1406540,poly-s2-p24340.graphml
24360,13.9372,1408084,poly-s2-p24360.graphml
24380,13.8964,1408920,poly-s2-p24380.graphml
2440,1.14239,147836,poly-s2-p2440.graphml
24420,13.9767,1412152,poly-s2-p24420.graphml
24440,13.9209,1413076,poly-s2-p24440.graphml
24460,14.0392,1415192,poly-s2-p24460.graphml
24480,13.991,1415156,poly-s2-p24480.graphml
2450,1.15276,148452,poly-s2-p2450.graphml
24520,14.0262,1418272,poly-s2-p24520.graphml
24540,14.9537,1419880,poly-s2-p24540.graphml
24560,14.0676,1420824,poly-s2-p24560.graphml
24580,14.0762,1421508,poly-s2-p24580.graphml
2460,1.15705,148932,poly-s2-p2460.graphml
24620,14.3117,1423956,poly-s2-p24620.graphml
24640,15.2477,1425096,poly-s2-p24640.graphml
24660,14.639,1425552,poly-s2-p24660.graphml
24680,14.6801,1428388,poly-s2-p24680.graphml
2470,1.20842,149400,poly-s2-p2470.graphml
24720,14.4607,1429904,poly-s2-p24720.graphml
24740,14.7074,1432628,poly-s2-p24740.graphml
24760,14.7245,1431256,poly-s2-p24760.graphml
24780,14.7069,1433608,poly-s2-p24780.graphml
2480,1.23285,150024,poly-s2-p2480.graphml
24820,15.1496,1435956,poly-s2-p24820.graphml
24840,15.5254,1435584,poly-s2-p24840.graphml
24860,15.5422,1438472,poly-s2-p24860.graphml
24880,15.173,1440176,poly-s2-p24880.graphml
2490,1.28996,150768,poly-s2-p2490.graphml
24920,14.9446,1440472,poly-s2-p24920.graphml
24940,14.7517,1441584,poly-s2-p24940.graphml
24960,15.3066,1441816,poly-s2-p24960.graphml
24980,14.7188,1445608,poly-s2-p24980.graphml
25020,14.4402,1446448,poly-s2-p25020.graphml
25040,14.7105,1447208,poly-s2-p25040.graphml
25060,14.7373,1448068,poly-s2-p25060.graphml
25080,14.8766,1450584,poly-s2-p25080.graphml
250,0.103688,21916,poly-s2-p250.graphml
2510,1.26408,151868,poly-s2-p2510.graphml
25120,14.5319,1454364,poly-s2-p25120.graphml
25140,14.6112,1455076,poly-s2-p25140.graphml
25160,15.1371,1456392,poly-s2-p25160.graphml
25180,14.7645,1456220,poly-s2-p25180.graphml
2520,1.18293,152444,poly-s2-p2520.graphml
25220,15.1731,1458504,poly-s2-p25220.graphml
25240,15.4794,1459980,poly-s2-p25240.graphml
25260,14.9753,1461284,poly-s2-p25260.graphml
25280,15.5904,1462148,poly-s2-p25280.graphml
2530,1.29814,152596,poly-s2-p2530.graphml
25320,15.0275,1464976,poly-s2-p25320.graphml
25340,15.1754,1465056,poly-s2-p25340.graphml
25360,15.4661,1465152,poly-s2-p25360.graphml
25380,15.596,1465444,poly-s2-p25380.graphml
2540,1.52686,154020,poly-s2-p2540.graphml
25420,16.7803,1469108,poly-s2-p25420.graphml
25440,14.9666,1471592,poly-s2-p25440.graphml
25460,14.9138,1471868,poly-s2-p25460.graphml
25480,15.2168,1472860,poly-s2-p25480.graphml
2550,1.27844,154456,poly-s2-p2550.graphml
25520,15.0185,1475812,poly-s2-p25520.graphml
25540,15.0283,1476724,poly-s2-p25540.graphml
25560,14.9424,1477276,poly-s2-p25560.graphml
25580,15.6586,1480064,poly-s2-p25580.graphml
2560,1.45175,154952,poly-s2-p2560.graphml
25620,15.386,1482212,poly-s2-p25620.graphml
25640,14.8629,1482388,poly-s2-p25640.graphml
25660,14.879,1483168,poly-s2-p25660.graphml
25680,14.8552,1483732,poly-s2-p25680.graphml
2570,1.20948,155868,poly-s2-p2570.graphml
25720,14.7697,1486912,poly-s2-p25720.graphml
25740,14.8483,1488252,poly-s2-p25740.graphml
25760,14.8023,1489800,poly-s2-p25760.graphml
25780,14.7593,1489208,poly-s2-p25780.graphml
2580,1.27517,156156,poly-s2-p2580.graphml
25820,14.9187,1492940,poly-s2-p25820.graphml
25840,15.1113,1494352,poly-s2-p25840.graphml
25860,15.9781,1495520,poly-s2-p25860.graphml
25880,15.2512,1496560,poly-s2-p25880.graphml
2590,1.24685,157236,poly-s2-p2590.graphml
25920,16.4738,1499096,poly-s2-p25920.graphml
25940,16.3093,1500112,poly-s2-p25940.graphml
25960,15.2221,1499328,poly-s2-p25960.graphml
25980,14.9565,1503324,poly-s2-p25980.graphml
26020,15.1712,1504040,poly-s2-p26020.graphml
26040,15.0387,1504388,poly-s2-p26040.graphml
26060,15.8479,1505556,poly-s2-p26060.graphml
26080,15.1071,1507124,poly-s2-p26080.graphml
260,0.100083,22108,poly-s2-p260.graphml
2610,1.39619,158344,poly-s2-p2610.graphml
26120,15.5168,1509504,poly-s2-p26120.graphml
26140,16.9796,1510152,poly-s2-p26140.graphml
26160,15.5731,1511664,poly-s2-p26160.graphml
26180,16.1918,1512720,poly-s2-p26180.graphml
2620,1.26454,158892,poly-s2-p2620.graphml
26220,15.6812,1517664,poly-s2-p26220.graphml
26240,15.3703,1517716,poly-s2-p26240.graphml
26260,17.939,1516948,poly-s2-p26260.graphml
26280,15.2325,1519568,poly-s2-p26280.graphml
2630,1.32053,159200,poly-s2-p2630.graphml
26320,16.9812,1522556,poly-s2-p26320.graphml
26340,16.3044,1522004,poly-s2-p26340.graphml
26360,16.2932,1524052,poly-s2-p26360.graphml
26380,15.5008,1525424,poly-s2-p26380.graphml
2640,1.41814,160304,poly-s2-p2640.graphml
26420,16.4588,1525048,poly-s2-p26420.graphml
26440,16.8485,1528120,poly-s2-p26440.graphml
26460,15.4203,1527808,poly-s2-p26460.graphml
26480,16.283,1528900,poly-s2-p26480.graphml
2650,1.30861,160776,poly-s2-p2650.graphml
26520,16.8082,1532976,poly-s2-p26520.graphml
26540,20.0375,1533336,poly-s2-p26540.graphml
26560,15.3809,1535016,poly-s2-p26560.graphml
26580,17.5881,1535056,poly-s2-p26580.graphml
2660,1.29437,161092,poly-s2-p2660.graphml
26620,19.4865,1536880,poly-s2-p26620.graphml
26640,16.8891,1539080,poly-s2-p26640.graphml
26660,15.78,1539544,poly-s2-p26660.graphml
26680,16.3176,1540796,poly-s2-p26680.graphml
2670,1.31875,161088,poly-s2-p2670.graphml
26720,16.8722,1542956,poly-s2-p26720.graphml
26740,16.9074,1543676,poly-s2-p26740.graphml
26760,16.5909,1544848,poly-s2-p26760.graphml
26780,16.5481,1547884,poly-s2-p26780.graphml
2680,1.28039,162192,poly-s2-p2680.graphml
26820,17.7372,1551196,poly-s2-p26820.graphml
26840,18.1833,1551172,poly-s2-p26840.graphml
26860,16.0715,1553056,poly-s2-p26860.graphml
26880,16.9883,1551724,poly-s2-p26880.graphml
2690,2.21416,162116,poly-s2-p2690.graphml
26920,15.7319,1556540,poly-s2-p26920.graphml
26940,16.0237,1555520,poly-s2-p26940.graphml
26960,15.4919,1558352,poly-s2-p26960.graphml
26980,15.9193,1560716,poly-s2-p26980.graphml
27020,15.5837,1560840,poly-s2-p27020.graphml
27040,15.5865,1564460,poly-s2-p27040.graphml
27060,16.1714,1562956,poly-s2-p27060.graphml
27080,15.6995,1565900,poly-s2-p27080.graphml
270,0.101315,22744,poly-s2-p270.graphml
2710,1.29027,163912,poly-s2-p2710.graphml
27120,15.5717,1567500,poly-s2-p27120.graphml
27140,15.5294,1568892,poly-s2-p27140.graphml
27160,16.5349,1567020,poly-s2-p27160.graphml
27180,16.5308,1569268,poly-s2-p27180.graphml
2720,1.46839,164464,poly-s2-p2720.graphml
27220,17.1079,1571520,poly-s2-p27220.graphml
27240,17.1829,1573604,poly-s2-p27240.graphml
27260,15.9084,1574752,poly-s2-p27260.graphml
27280,15.7514,1575624,poly-s2-p27280.graphml
2730,1.51776,164376,poly-s2-p2730.graphml
27320,17.7764,1578968,poly-s2-p27320.graphml
27340,17.1329,1579620,poly-s2-p27340.graphml
27360,15.7953,1580200,poly-s2-p27360.graphml
27380,15.8036,1582104,poly-s2-p27380.graphml
2740,1.34803,165216,poly-s2-p2740.graphml
27420,16.0971,1584308,poly-s2-p27420.graphml
27440,16.3524,1587056,poly-s2-p27440.graphml
27460,17.6156,1585740,poly-s2-p27460.graphml
27480,16.1861,1585608,poly-s2-p27480.graphml
2750,1.35072,165892,poly-s2-p2750.graphml
27520,15.7747,1590632,poly-s2-p27520.graphml
27540,15.8823,1588824,poly-s2-p27540.graphml
27560,15.8971,1591988,poly-s2-p27560.graphml
27580,16.0556,1593044,poly-s2-p27580.graphml
2760,1.31931,166680,poly-s2-p2760.graphml
27620,16.0501,1594748,poly-s2-p27620.graphml
27640,15.9697,1595224,poly-s2-p27640.graphml
27660,16.1145,1596780,poly-s2-p27660.graphml
27680,16.2011,1598872,poly-s2-p27680.graphml
2770,1.32367,167124,poly-s2-p2770.graphml
27720,16.0649,1601528,poly-s2-p27720.graphml
27740,15.9155,1599960,poly-s2-p27740.graphml
27760,16.277,1601388,poly-s2-p27760.graphml
27780,17.0136,1601772,poly-s2-p27780.graphml
2780,1.37932,167624,poly-s2-p2780.graphml
27820,16.5328,1604040,poly-s2-p27820.graphml
27840,16.5916,1605060,poly-s2-p27840.graphml
27860,17.0171,1606472,poly-s2-p27860.graphml
27880,16.9052,1607236,poly-s2-p27880.graphml
2790,1.43133,168220,poly-s2-p2790.graphml
27920,17.1153,1609900,poly-s2-p27920.graphml
27940,16.8883,1610784,poly-s2-p27940.graphml
27960,16.7896,1611956,poly-s2-p27960.graphml
27980,16.8782,1614140,poly-s2-p27980.graphml
28020,16.6459,1617752,poly-s2-p28020.graphml
28040,16.1149,1620044,poly-s2-p28040.graphml
28060,17.9722,1619540,poly-s2-p28060.graphml
28080,18.3016,1620776,poly-s2-p28080.graphml
280,0.112272,23504,poly-s2-p280.graphml
2810,1.49764,169688,poly-s2-p2810.graphml
28120,17.9942,1623652,poly-s2-p28120.graphml
28140,17.9327,1624428,poly-s2-p28140.graphml
28160,18.1415,1626828,poly-s2-p28160.graphml
28180,18.1232,1626496,poly-s2-p28180.graphml
2820,1.48819,170000,poly-s2-p2820.graphml
28220,16.9427,1629604,poly-s2-p28220.graphml
28240,16.9513,1628488,poly-s2-p28240.graphml
28260,18.601,1629612,poly-s2-p28260.graphml
28280,19.7424,1630228,poly-s2-p28280.graphml
2830,1.54848,170560,poly-s2-p2830.graphml
28320,17.7783,1633040,poly-s2-p28320.graphml
28340,17.7757,1633660,poly-s2-p28340.graphml
28360,17.7105,1635132,poly-s2-p28360.graphml
28380,18.015,1636512,poly-s2-p28380.graphml
2840,1.50417,170924,poly-s2-p2840.graphml
28420,16.3894,1640424,poly-s2-p28420.graphml
28440,16.7802,1641436,poly-s2-p28440.graphml
28460,16.356,1642280,poly-s2-p28460.graphml
28480,16.3883,1644260,poly-s2-p28480.graphml
2850,1.3495,171392,poly-s2-p2850.graphml
28520,16.4568,1645188,poly-s2-p28520.graphml
28540,16.4982,1647852,poly-s2-p28540.graphml
28560,16.4485,1650280,poly-s2-p28560.graphml
28580,16.5442,1649740,poly-s2-p28580.graphml
2860,1.39565,172312,poly-s2-p2860.graphml
28620,16.4992,1651844,poly-s2-p28620.graphml
28640,16.4825,1654744,poly-s2-p28640.graphml
28660,16.487,1655768,poly-s2-p28660.graphml
28680,17.6564,1655600,poly-s2-p28680.graphml
2870,1.99607,172924,poly-s2-p2870.graphml
28720,25.848,1659124,poly-s2-p28720.graphml
28740,21.4161,1660256,poly-s2-p28740.graphml
28760,18.835,1661388,poly-s2-p28760.graphml
28780,19.9483,1661912,poly-s2-p28780.graphml
2880,1.40172,173280,poly-s2-p2880.graphml
28820,16.7828,1665108,poly-s2-p28820.graphml
28840,17.0635,1665388,poly-s2-p28840.graphml
28860,18.4664,1668376,poly-s2-p28860.graphml
28880,17.018,1668484,poly-s2-p28880.graphml
2890,1.39988,173584,poly-s2-p2890.graphml
28920,16.8804,1671124,poly-s2-p28920.graphml
28940,16.825,1672320,poly-s2-p28940.graphml
28960,16.7676,1673436,poly-s2-p28960.graphml
28980,17.0777,1673936,poly-s2-p28980.graphml
29020,18.4535,1677224,poly-s2-p29020.graphml
29040,17.2114,1678304,poly-s2-p29040.graphml
29060,16.9398,1678992,poly-s2-p29060.graphml
29080,18.2277,1680520,poly-s2-p29080.graphml
290,0.117703,24280,poly-s2-p290.graphml
2910,1.41063,174868,poly-s2-p2910.graphml
29120,17.3317,1681680,poly-s2-p29120.graphml
29140,17.7695,1682740,poly-s2-p29140.graphml
29160,18.4013,1684352,poly-s2-p29160.graphml
29180,17.7263,1684804,poly-s2-p29180.graphml
2920,1.43367,175796,poly-s2-p2920.graphml
29220,17.0112,1690120,poly-s2-p29220.graphml
29240,17.949,1689240,poly-s2-p29240.graphml
29260,17.988,1689696,poly-s2-p29260.graphml
29280,17.4958,1692072,poly-s2-p29280.graphml
2930,1.41871,176160,poly-s2-p2930.graphml
29320,18.415,1693112,poly-s2-p29320.graphml
29340,17.5575,1695692,poly-s2-p29340.graphml
29360,17.5162,1699056,poly-s2-p29360.graphml
29380,16.9686,1698232,poly-s2-p29380.graphml
2940,1.51604,177124,poly-s2-p2940.graphml
29420,17.0451,1700952,poly-s2-p29420.graphml
29440,19.0293,1702996,poly-s2-p29440.graphml
29460,18.8605,1702744,poly-s2-p29460.graphml
29480,17.4311,1705964,poly-s2-p29480.graphml
2950,1.49582,177416,poly-s2-p2950.graphml
29520,17.8593,1706428,poly-s2-p29520.graphml
29540,17.6346,1709016,poly-s2-p29540.graphml
29560,18.1607,1707924,poly-s2-p29560.graphml
29580,17.8917,1709892,poly-s2-p29580.graphml
2960,1.52552,177992,poly-s2-p2960.graphml
29620,18.0265,1714276,poly-s2-p29620.graphml
29640,17.1714,1713920,poly-s2-p29640.graphml
29660,17.3132,1715828,poly-s2-p29660.graphml
29680,17.8646,1715444,poly-s2-p29680.graphml
2970,1.69085,178068,poly-s2-p2970.graphml
29720,17.7484,1719076,poly-s2-p29720.graphml
29740,17.7228,1717932,poly-s2-p29740.graphml
29760,17.2808,1721448,poly-s2-p29760.graphml
29780,17.5688,1721892,poly-s2-p29780.graphml
2980,1.44949,179164,poly-s2-p2980.graphml
29820,18.1958,1723216,poly-s2-p29820.graphml
29840,17.7406,1724364,poly-s2-p29840.graphml
29860,17.2847,1726304,poly-s2-p29860.graphml
29880,17.4119,1727284,poly-s2-p29880.graphml
2990,1.43889,180308,poly-s2-p2990.graphml
29920,17.3378,1728568,poly-s2-p29920.graphml
29940,18.2317,1731104,poly-s2-p29940.graphml
29960,17.8202,1730296,poly-s2-p29960.graphml
29980,18.0863,1732500,poly-s2-p29980.graphml
30020,17.6078,1735204,poly-s2-p30020.graphml
30040,17.673,1736324,poly-s2-p30040.graphml
30060,17.9717,1736252,poly-s2-p30060.graphml
30080,18.9563,1736868,poly-s2-p30080.graphml
3010,1.53745,180968,poly-s2-p3010.graphml
30120,20.1644,1738888,poly-s2-p30120.graphml
30140,19.3331,1741440,poly-s2-p30140.graphml
30160,20.4285,1739980,poly-s2-p30160.graphml
30180,19.6982,1741908,poly-s2-p30180.graphml
3020,1.62885,181856,poly-s2-p3020.graphml
30220,21.3457,1744888,poly-s2-p30220.graphml
30240,20.6597,1747480,poly-s2-p30240.graphml
30260,20.1095,1748124,poly-s2-p30260.graphml
30280,21.6745,1749584,poly-s2-p30280.graphml
3030,1.4793,182252,poly-s2-p3030.graphml
30320,24.7312,1752764,poly-s2-p30320.graphml
30340,18.7035,1751364,poly-s2-p30340.graphml
30360,17.879,1752772,poly-s2-p30360.graphml
30380,19.0745,1754828,poly-s2-p30380.graphml
3040,1.44308,182400,poly-s2-p3040.graphml
30420,17.8117,1757620,poly-s2-p30420.graphml
30440,19.3616,1757612,poly-s2-p30440.graphml
30460,18.0911,1760412,poly-s2-p30460.graphml
30480,17.6949,1760604,poly-s2-p30480.graphml
3050,1.47736,182876,poly-s2-p3050.graphml
30520,18.6777,1761232,poly-s2-p30520.graphml
30540,18.9686,1763184,poly-s2-p30540.graphml
30560,17.7083,1764400,poly-s2-p30560.graphml
30580,18.4266,1767116,poly-s2-p30580.graphml
3060,1.46267,183868,poly-s2-p3060.graphml
30620,17.7537,1768576,poly-s2-p30620.graphml
30640,17.7853,1771056,poly-s2-p30640.graphml
30660,17.7187,1769552,poly-s2-p30660.graphml
30680,19.1725,1772388,poly-s2-p30680.graphml
3070,1.46572,183984,poly-s2-p3070.graphml
30720,17.8431,1773928,poly-s2-p30720.graphml
30740,18.6217,1773080,poly-s2-p30740.graphml
30760,18.7185,1775176,poly-s2-p30760.graphml
30780,18.7097,1777596,poly-s2-p30780.graphml
3080,1.47076,184332,poly-s2-p3080.graphml
30820,17.8613,1778868,poly-s2-p30820.graphml
30840,18.3123,1780128,poly-s2-p30840.graphml
30860,19.4238,1782864,poly-s2-p30860.graphml
30880,18.9476,1783728,poly-s2-p30880.graphml
3090,1.53384,184664,poly-s2-p3090.graphml
30920,19.0645,1785636,poly-s2-p30920.graphml
30940,19.4281,1786448,poly-s2-p30940.graphml
30960,18.3515,1787084,poly-s2-p30960.graphml
30980,18.0147,1788988,poly-s2-p30980.graphml
30,0.009466,9268,poly-s2-p30.graphml
31020,18.4901,1792220,poly-s2-p31020.graphml
31040,18.0561,1791444,poly-s2-p31040.graphml
31060,18.3341,1793400,poly-s2-p31060.graphml
31080,18.4901,1794840,poly-s2-p31080.graphml
310,0.120702,25176,poly-s2-p310.graphml
3110,1.4793,186324,poly-s2-p3110.graphml
31120,18.3965,1796204,poly-s2-p31120.graphml
31140,18.332,1797460,poly-s2-p31140.graphml
31160,18.785,1799936,poly-s2-p31160.graphml
31180,18.3606,1801072,poly-s2-p31180.graphml
3120,1.65113,186444,poly-s2-p3120.graphml
31220,18.5829,1802760,poly-s2-p31220.graphml
31240,18.6896,1803648,poly-s2-p31240.graphml
31260,18.2179,1805204,poly-s2-p31260.graphml
31280,18.2072,1805528,poly-s2-p31280.graphml
3130,1.49628,186628,poly-s2-p3130.graphml
31320,18.306,1809024,poly-s2-p31320.graphml
31340,18.5348,1808068,poly-s2-p31340.graphml
31360,19.3465,1810592,poly-s2-p31360.graphml
31380,19.5516,1809912,poly-s2-p31380.graphml
3140,1.49507,188068,poly-s2-p3140.graphml
31420,18.2451,1814748,poly-s2-p31420.graphml
31440,18.3001,1815184,poly-s2-p31440.graphml
31460,19.3202,1818392,poly-s2-p31460.graphml
31480,18.8642,1818036,poly-s2-p31480.graphml
3150,1.56213,188576,poly-s2-p3150.graphml
31520,18.803,1822424,poly-s2-p31520.graphml
31540,18.7788,1822156,poly-s2-p31540.graphml
31560,18.9105,1824100,poly-s2-p31560.graphml
31580,19.6405,1824288,poly-s2-p31580.graphml
3160,1.50777,189244,poly-s2-p3160.graphml
31620,18.4264,1827220,poly-s2-p31620.graphml
31640,20.1436,1827744,poly-s2-p31640.graphml
31660,19.3355,1828124,poly-s2-p31660.graphml
31680,18.5772,1828984,poly-s2-p31680.graphml
3170,1.78072,189400,poly-s2-p3170.graphml
31720,19.7554,1832708,poly-s2-p31720.graphml
31740,19.3157,1833444,poly-s2-p31740.graphml
31760,19.5762,1833892,poly-s2-p31760.graphml
31780,18.6314,1835448,poly-s2-p31780.graphml
3180,1.51549,190760,poly-s2-p3180.graphml
31820,18.6019,1836064,poly-s2-p31820.graphml
31840,18.5052,1837696,poly-s2-p31840.graphml
31860,20.0758,1840108,poly-s2-p31860.graphml
31880,19.3328,1841952,poly-s2-p31880.graphml
3190,1.53388,191268,poly-s2-p3190.graphml
31920,19.6748,1842768,poly-s2-p31920.graphml
31940,19.233,1843572,poly-s2-p31940.graphml
31960,18.9554,1846908,poly-s2-p31960.graphml
31980,18.8313,1847432,poly-s2-p31980.graphml
32020,20.1684,1847940,poly-s2-p32020.graphml
32040,19.283,1849332,poly-s2-p32040.graphml
32060,19.269,1851296,poly-s2-p32060.graphml
32080,19.371,1852568,poly-s2-p32080.graphml
320,0.134328,26016,poly-s2-p320.graphml
3210,1.59528,192664,poly-s2-p3210.graphml
32120,19.0333,1856288,poly-s2-p32120.graphml
32140,18.932,1856084,poly-s2-p32140.graphml
32160,20.0839,1856716,poly-s2-p32160.graphml
32180,20.7196,1860692,poly-s2-p32180.graphml
3220,1.63515,192868,poly-s2-p3220.graphml
32220,18.931,1861648,poly-s2-p32220.graphml
32240,18.9545,1863060,poly-s2-p32240.graphml
32260,19.4321,1864504,poly-s2-p32260.graphml
32280,19.2476,1866156,poly-s2-p32280.graphml
3230,1.81049,193756,poly-s2-p3230.graphml
32320,21.1544,1867936,poly-s2-p32320.graphml
32340,21.2282,1869076,poly-s2-p32340.graphml
32360,19.0551,1870780,poly-s2-p32360.graphml
32380,18.9524,1872212,poly-s2-p32380.graphml
3240,1.75861,194216,poly-s2-p3240.graphml
32420,20.0264,1873800,poly-s2-p32420.graphml
32440,18.967,1872912,poly-s2-p32440.graphml
32460,21.0854,1874632,poly-s2-p32460.graphml
32480,19.4414,1877608,poly-s2-p32480.graphml
3250,1.63139,194748,poly-s2-p3250.graphml
32520,20.3293,1879148,poly-s2-p32520.graphml
32540,20.4957,1880628,poly-s2-p32540.graphml
32560,19.2769,1879840,poly-s2-p32560.graphml
32580,21.0637,1882428,poly-s2-p32580.graphml
3260,1.57052,195292,poly-s2-p3260.graphml
32620,19.8535,1884196,poly-s2-p32620.graphml
32640,19.3684,1885968,poly-s2-p32640.graphml
32660,19.3525,1885440,poly-s2-p32660.graphml
32680,19.3316,1888232,poly-s2-p32680.graphml
3270,1.65202,196060,poly-s2-p3270.graphml
32720,19.7766,1890272,poly-s2-p32720.graphml
32740,20.1056,1890004,poly-s2-p32740.graphml
32760,19.3945,1891076,poly-s2-p32760.graphml
32780,19.3127,1897336,poly-s2-p32780.graphml
3280,1.61396,196368,poly-s2-p3280.graphml
32820,20.4896,1900680,poly-s2-p32820.graphml
32840,20.1025,1902700,poly-s2-p32840.graphml
32860,20.1374,1903384,poly-s2-p32860.graphml
32880,19.4378,1904976,poly-s2-p32880.graphml
3290,1.57413,197212,poly-s2-p3290.graphml
32920,19.1787,1905912,poly-s2-p32920.graphml
32940,19.7306,1907472,poly-s2-p32940.graphml
32960,20.3246,1908428,poly-s2-p32960.graphml
32980,19.9468,1908964,poly-s2-p32980.graphml
33020,20.7531,1910284,poly-s2-p33020.graphml
33040,19.499,1910968,poly-s2-p33040.graphml
33060,19.3343,1914300,poly-s2-p33060.graphml
33080,19.5215,1914464,poly-s2-p33080.graphml
330,0.128319,26944,poly-s2-p330.graphml
3310,1.58647,198460,poly-s2-p3310.graphml
33120,19.32,1916916,poly-s2-p33120.graphml
33140,19.5367,1915772,poly-s2-p33140.graphml
33160,19.4365,1917592,poly-s2-p33160.graphml
33180,20.9841,1920040,poly-s2-p33180.graphml
3320,1.77427,199328,poly-s2-p3320.graphml
33220,19.4521,1922820,poly-s2-p33220.graphml
33240,19.7644,1923712,poly-s2-p33240.graphml
33260,19.7196,1923672,poly-s2-p33260.graphml
33280,19.7362,1923984,poly-s2-p33280.graphml
3330,1.62818,199244,poly-s2-p3330.graphml
33320,19.5285,1927344,poly-s2-p33320.graphml
33340,19.7591,1927852,poly-s2-p33340.graphml
33360,20.4234,1928764,poly-s2-p33360.graphml
33380,20.664,1931920,poly-s2-p33380.graphml
3340,1.61689,200512,poly-s2-p3340.graphml
33420,19.4904,1932636,poly-s2-p33420.graphml
33440,19.4056,1932772,poly-s2-p33440.graphml
33460,21.6986,1936048,poly-s2-p33460.graphml
33480,21.1798,1936800,poly-s2-p33480.graphml
3350,1.89779,200660,poly-s2-p3350.graphml
33520,22.5302,1938244,poly-s2-p33520.graphml
33540,21.2388,1939620,poly-s2-p33540.graphml
33560,21.1401,1941180,poly-s2-p33560.graphml
33580,21.1654,1941144,poly-s2-p33580.graphml
3360,1.76362,201292,poly-s2-p3360.graphml
33620,21.5677,1943616,poly-s2-p33620.graphml
33640,21.7833,1945500,poly-s2-p33640.graphml
33660,22.0273,1944052,poly-s2-p33660.graphml
33680,21.9802,1945608,poly-s2-p33680.graphml
3370,1.81194,201864,poly-s2-p3370.graphml
33720,22.062,1947256,poly-s2-p33720.graphml
33740,22.2192,1948532,poly-s2-p33740.graphml
33760,22.0284,1949752,poly-s2-p33760.graphml
33780,22.2244,1951292,poly-s2-p33780.graphml
3380,1.64765,202656,poly-s2-p3380.graphml
33820,19.7322,1953520,poly-s2-p33820.graphml
33840,19.8386,1954696,poly-s2-p33840.graphml
33860,20.6957,1955528,poly-s2-p33860.graphml
33880,22.765,1957388,poly-s2-p33880.graphml
3390,1.83917,202708,poly-s2-p3390.graphml
33920,23.605,1961080,poly-s2-p33920.graphml
33940,21.9536,1960888,poly-s2-p33940.graphml
33960,21.8001,1961820,poly-s2-p33960.graphml
33980,21.9721,1963340,poly-s2-p33980.graphml
34020,21.8238,1965060,poly-s2-p34020.graphml
34040,21.5733,1966528,poly-s2-p34040.graphml
34060,21.8552,1968036,poly-s2-p34060.graphml
34080,22.0575,1969432,poly-s2-p34080.graphml
340,0.15955,27052,poly-s2-p340.graphml
3410,1.81226,204168,poly-s2-p3410.graphml
34120,21.8221,1971128,poly-s2-p34120.graphml
34140,21.9022,1972552,poly-s2-p34140.graphml
34160,22.0021,1973752,poly-s2-p34160.graphml
34180,21.4747,1978136,poly-s2-p34180.graphml
3420,1.66603,204684,poly-s2-p3420.graphml
34220,20.242,1980372,poly-s2-p34220.graphml
34240,20.7855,1981308,poly-s2-p34240.graphml
34260,21.0629,1981788,poly-s2-p34260.graphml
34280,20.1312,1983152,poly-s2-p34280.graphml
3430,1.65514,205060,poly-s2-p3430.graphml
34320,21.0842,1984592,poly-s2-p34320.graphml
34340,20.2601,1986364,poly-s2-p34340.graphml
34360,20.2866,1987020,poly-s2-p34360.graphml
34380,20.2512,1989636,poly-s2-p34380.graphml
3440,1.67085,205460,poly-s2-p3440.graphml
34420,20.2443,1989748,poly-s2-p34420.graphml
34440,20.2306,1991228,poly-s2-p34440.graphml
34460,20.3392,1993944,poly-s2-p34460.graphml
34480,20.2401,1993248,poly-s2-p34480.graphml
3450,1.68462,205792,poly-s2-p3450.graphml
34520,20.3226,1995284,poly-s2-p34520.graphml
34540,20.4334,1995536,poly-s2-p34540.graphml
34560,20.403,1999064,poly-s2-p34560.graphml
34580,20.387,1999472,poly-s2-p34580.graphml
3460,1.68202,206372,poly-s2-p3460.graphml
34620,20.3993,2001032,poly-s2-p34620.graphml
34640,20.4339,2004164,poly-s2-p34640.graphml
34660,20.3822,2003356,poly-s2-p34660.graphml
34680,20.4239,2004788,poly-s2-p34680.graphml
3470,1.67921,207144,poly-s2-p3470.graphml
34720,20.3931,2007856,poly-s2-p34720.graphml
34740,20.3682,2008736,poly-s2-p34740.graphml
34760,20.3732,2009172,poly-s2-p34760.graphml
34780,20.3938,2011172,poly-s2-p34780.graphml
3480,1.67682,207432,poly-s2-p3480.graphml
34820,20.417,2011556,poly-s2-p34820.graphml
34840,20.4597,2015896,poly-s2-p34840.graphml
34860,20.4595,2015596,poly-s2-p34860.graphml
34880,20.5219,2016292,poly-s2-p34880.graphml
3490,1.6887,208056,poly-s2-p3490.graphml
34920,20.5254,2018336,poly-s2-p34920.graphml
34940,20.5324,2020812,poly-s2-p34940.graphml
34960,20.8042,2021212,poly-s2-p34960.graphml
34980,20.5677,2022424,poly-s2-p34980.graphml
35020,20.5306,2025328,poly-s2-p35020.graphml
35040,20.6516,2024244,poly-s2-p35040.graphml
35060,20.7113,2024888,poly-s2-p35060.graphml
35080,20.9041,2027692,poly-s2-p35080.graphml
350,0.138,27332,poly-s2-p350.graphml
3510,1.70164,209328,poly-s2-p3510.graphml
35120,20.643,2031852,poly-s2-p35120.graphml
35140,20.7468,2031076,poly-s2-p35140.graphml
35160,20.4299,2031880,poly-s2-p35160.graphml
35180,20.4672,2035120,poly-s2-p35180.graphml
3520,1.69551,210036,poly-s2-p3520.graphml
35220,20.499,2035792,poly-s2-p35220.graphml
35240,20.5194,2037252,poly-s2-p35240.graphml
35260,20.6017,2037464,poly-s2-p35260.graphml
35280,20.7237,2039604,poly-s2-p35280.graphml
3530,1.70274,210312,poly-s2-p3530.graphml
35320,20.5375,2041652,poly-s2-p35320.graphml
35340,20.6996,2042472,poly-s2-p35340.graphml
35360,20.5488,2043724,poly-s2-p35360.graphml
35380,20.6184,2044200,poly-s2-p35380.graphml
3540,1.79795,210944,poly-s2-p3540.graphml
35420,20.5921,2046648,poly-s2-p35420.graphml
35440,20.6348,2046680,poly-s2-p35440.graphml
35460,20.586,2049136,poly-s2-p35460.graphml
35480,20.6767,2051056,poly-s2-p35480.graphml
3550,1.72442,211744,poly-s2-p3550.graphml
35520,20.6437,2052412,poly-s2-p35520.graphml
35540,20.7181,2054876,poly-s2-p35540.graphml
35560,20.7426,2054896,poly-s2-p35560.graphml
35580,20.6799,2054812,poly-s2-p35580.graphml
3560,1.71972,211960,poly-s2-p3560.graphml
35620,20.7897,2057628,poly-s2-p35620.graphml
35640,20.7657,2058008,poly-s2-p35640.graphml
35660,20.8931,2059804,poly-s2-p35660.graphml
35680,20.7846,2061952,poly-s2-p35680.graphml
3570,1.73624,212588,poly-s2-p3570.graphml
35720,20.8626,2065356,poly-s2-p35720.graphml
35740,20.8845,2065156,poly-s2-p35740.graphml
35760,20.8589,2065944,poly-s2-p35760.graphml
35780,20.8538,2067388,poly-s2-p35780.graphml
3580,1.72669,213768,poly-s2-p3580.graphml
35820,20.7871,2069404,poly-s2-p35820.graphml
35840,20.857,2069060,poly-s2-p35840.graphml
35860,20.814,2071380,poly-s2-p35860.graphml
35880,20.9644,2072832,poly-s2-p35880.graphml
3590,1.7368,213744,poly-s2-p3590.graphml
35920,20.9412,2073844,poly-s2-p35920.graphml
35940,20.9993,2077036,poly-s2-p35940.graphml
35960,21.093,2077576,poly-s2-p35960.graphml
35980,20.9249,2080164,poly-s2-p35980.graphml
36020,20.9795,2082252,poly-s2-p36020.graphml
36040,20.9677,2082156,poly-s2-p36040.graphml
36060,21.6155,2083552,poly-s2-p36060.graphml
36080,21.0181,2085580,poly-s2-p36080.graphml
360,0.145265,28124,poly-s2-p360.graphml
3610,1.73012,215384,poly-s2-p3610.graphml
36120,21.0276,2089136,poly-s2-p36120.graphml
36140,21.0448,2087620,poly-s2-p36140.graphml
36160,21.1324,2088912,poly-s2-p36160.graphml
36180,21.0696,2091400,poly-s2-p36180.graphml
3620,1.74204,216288,poly-s2-p3620.graphml
36220,21.0725,2092396,poly-s2-p36220.graphml
36240,21.1007,2093764,poly-s2-p36240.graphml
36260,21.2564,2095048,poly-s2-p36260.graphml
36280,21.13,2096356,poly-s2-p36280.graphml
3630,1.76438,216516,poly-s2-p3630.graphml
36320,21.3257,2099332,poly-s2-p36320.graphml
36340,21.1787,2102120,poly-s2-p36340.graphml
36360,21.2441,2100848,poly-s2-p36360.graphml
36380,21.1869,2102300,poly-s2-p36380.graphml
3640,1.78786,217268,poly-s2-p3640.graphml
36420,21.5983,2105588,poly-s2-p36420.graphml
36440,21.3603,2106168,poly-s2-p36440.graphml
36460,21.2889,2106352,poly-s2-p36460.graphml
36480,21.5304,2109680,poly-s2-p36480.graphml
3650,1.76076,217624,poly-s2-p3650.graphml
36520,21.3561,2112136,poly-s2-p36520.graphml
36540,21.3472,2111928,poly-s2-p36540.graphml
36560,21.3395,2112164,poly-s2-p36560.graphml
36580,21.3197,2113944,poly-s2-p36580.graphml
3660,1.776,217712,poly-s2-p3660.graphml
36620,21.7775,2117104,poly-s2-p36620.graphml
36640,21.3393,2119608,poly-s2-p36640.graphml
36660,21.5513,2119980,poly-s2-p36660.graphml
36680,21.3817,2119520,poly-s2-p36680.graphml
3670,1.78672,218628,poly-s2-p3670.graphml
36720,21.4985,2122972,poly-s2-p36720.graphml
36740,21.4038,2121860,poly-s2-p36740.graphml
36760,21.4409,2123280,poly-s2-p36760.graphml
36780,21.6231,2125096,poly-s2-p36780.graphml
3680,1.79699,219500,poly-s2-p3680.graphml
36820,21.5269,2128460,poly-s2-p36820.graphml
36840,21.5596,2129396,poly-s2-p36840.graphml
36860,21.9346,2130648,poly-s2-p36860.graphml
36880,21.5548,2133660,poly-s2-p36880.graphml
3690,1.78674,219592,poly-s2-p3690.graphml
36920,21.581,2132060,poly-s2-p36920.graphml
36940,21.585,2135900,poly-s2-p36940.graphml
36960,21.6249,2136708,poly-s2-p36960.graphml
36980,21.6024,2137528,poly-s2-p36980.graphml
37020,21.5627,2140560,poly-s2-p37020.graphml
37040,21.7226,2139508,poly-s2-p37040.graphml
37060,21.6702,2142636,poly-s2-p37060.graphml
37080,21.6551,2144276,poly-s2-p37080.graphml
370,0.140724,28176,poly-s2-p370.graphml
3710,1.80342,220860,poly-s2-p3710.graphml
37120,21.662,2146452,poly-s2-p37120.graphml
37140,21.7458,2147044,poly-s2-p37140.graphml
37160,21.6355,2148072,poly-s2-p37160.graphml
37180,21.7195,2149384,poly-s2-p37180.graphml
3720,1.80952,221432,poly-s2-p3720.graphml
37220,21.7147,2151128,poly-s2-p37220.graphml
37240,21.7098,2151536,poly-s2-p37240.graphml
37260,21.7339,2153208,poly-s2-p37260.graphml
37280,21.6817,2154804,poly-s2-p37280.graphml
3730,1.805,222432,poly-s2-p3730.graphml
37320,21.7564,2156216,poly-s2-p37320.graphml
37340,21.7373,2156988,poly-s2-p37340.graphml
37360,21.7703,2158628,poly-s2-p37360.graphml
37380,21.7178,2160096,poly-s2-p37380.graphml
3740,1.8173,223128,poly-s2-p3740.graphml
37420,21.9187,2162628,poly-s2-p37420.graphml
37440,21.7946,2163100,poly-s2-p37440.graphml
37460,21.8518,2164576,poly-s2-p37460.graphml
37480,21.8115,2166836,poly-s2-p37480.graphml
3750,1.8196,223772,poly-s2-p3750.graphml
37520,21.9337,2168488,poly-s2-p37520.graphml
37540,21.8796,2170096,poly-s2-p37540.graphml
37560,21.9556,2171728,poly-s2-p37560.graphml
37580,21.9816,2172584,poly-s2-p37580.graphml
3760,1.81866,224008,poly-s2-p3760.graphml
37620,21.9583,2174860,poly-s2-p37620.graphml
37640,22.1134,2173424,poly-s2-p37640.graphml
37660,21.9587,2174836,poly-s2-p37660.graphml
37680,21.9532,2177532,poly-s2-p37680.graphml
3770,1.89774,224700,poly-s2-p3770.graphml
37720,21.9584,2180600,poly-s2-p37720.graphml
37740,21.9818,2180932,poly-s2-p37740.graphml
37760,22.2547,2181612,poly-s2-p37760.graphml
37780,22.0986,2181876,poly-s2-p37780.graphml
3780,1.83896,225216,poly-s2-p3780.graphml
37820,22.1216,2184028,poly-s2-p37820.graphml
37840,22.1239,2185480,poly-s2-p37840.graphml
37860,22.0865,2188096,poly-s2-p37860.graphml
37880,22.1845,2189244,poly-s2-p37880.graphml
3790,1.84625,225812,poly-s2-p3790.graphml
37920,22.1429,2191668,poly-s2-p37920.graphml
37940,22.167,2192060,poly-s2-p37940.graphml
37960,22.1962,2193764,poly-s2-p37960.graphml
37980,22.8115,2194612,poly-s2-p37980.graphml
38020,22.1885,2197688,poly-s2-p38020.graphml
38040,22.2411,2198208,poly-s2-p38040.graphml
38060,22.2695,2199416,poly-s2-p38060.graphml
38080,22.3067,2200284,poly-s2-p38080.graphml
380,0.145928,29084,poly-s2-p380.graphml
3810,1.86437,227468,poly-s2-p3810.graphml
38120,22.2056,2202184,poly-s2-p38120.graphml
38140,22.338,2205460,poly-s2-p38140.graphml
38160,22.2837,2203764,poly-s2-p38160.graphml
38180,22.3208,2206372,poly-s2-p38180.graphml
3820,1.87787,227840,poly-s2-p3820.graphml
38220,23.375,2209604,poly-s2-p38220.graphml
38240,22.3681,2208004,poly-s2-p38240.graphml
38260,22.3703,2211940,poly-s2-p38260.graphml
38280,22.3296,2212544,poly-s2-p38280.graphml
3830,1.86387,228400,poly-s2-p3830.graphml
38320,22.4625,2215900,poly-s2-p38320.graphml
38340,22.4145,2215984,poly-s2-p38340.graphml
38360,23.1948,2217464,poly-s2-p38360.graphml
38380,23.3954,2217072,poly-s2-p38380.graphml
3840,2.07598,228880,poly-s2-p3840.graphml
38420,23.129,2219568,poly-s2-p38420.graphml
38440,23.3003,2221480,poly-s2-p38440.graphml
38460,23.1869,2222992,poly-s2-p38460.graphml
38480,23.4681,2222684,poly-s2-p38480.graphml
3850,1.90181,229584,poly-s2-p3850.graphml
38520,23.4941,2226988,poly-s2-p38520.graphml
38540,23.2151,2227456,poly-s2-p38540.graphml
38560,23.3522,2228492,poly-s2-p38560.graphml
38580,23.3731,2229116,poly-s2-p38580.graphml
3860,2.08245,230088,poly-s2-p3860.graphml
38620,23.372,2231756,poly-s2-p38620.graphml
38640,23.6135,2232700,poly-s2-p38640.graphml
38660,23.3706,2234004,poly-s2-p38660.graphml
38680,23.7976,2234292,poly-s2-p38680.graphml
3870,1.89673,230420,poly-s2-p3870.graphml
38720,23.6565,2238340,poly-s2-p38720.graphml
38740,22.7991,2239160,poly-s2-p38740.graphml
38760,22.7338,2238212,poly-s2-p38760.graphml
38780,23.0109,2241692,poly-s2-p38780.graphml
3880,1.90172,231144,poly-s2-p3880.graphml
38820,22.7315,2244820,poly-s2-p38820.graphml
38840,22.7063,2244912,poly-s2-p38840.graphml
38860,22.8371,2245412,poly-s2-p38860.graphml
38880,22.8222,2247452,poly-s2-p38880.graphml
3890,1.89654,231400,poly-s2-p3890.graphml
38920,22.7252,2248200,poly-s2-p38920.graphml
38940,22.8658,2249888,poly-s2-p38940.graphml
38960,22.8873,2250740,poly-s2-p38960.graphml
38980,22.8718,2251920,poly-s2-p38980.graphml
39020,22.9706,2256300,poly-s2-p39020.graphml
39040,23.1657,2255532,poly-s2-p39040.graphml
39060,22.9035,2256920,poly-s2-p39060.graphml
39080,22.9431,2257448,poly-s2-p39080.graphml
390,0.148391,29968,poly-s2-p390.graphml
3910,1.91212,232372,poly-s2-p3910.graphml
39120,22.9833,2259588,poly-s2-p39120.graphml
39140,23.004,2262300,poly-s2-p39140.graphml
39160,22.9667,2264296,poly-s2-p39160.graphml
39180,22.9524,2265044,poly-s2-p39180.graphml
3920,1.9353,233560,poly-s2-p3920.graphml
39220,23.0448,2267064,poly-s2-p39220.graphml
39240,22.9543,2268088,poly-s2-p39240.graphml
39260,23.0625,2267288,poly-s2-p39260.graphml
39280,22.9866,2270396,poly-s2-p39280.graphml
3930,1.91432,234136,poly-s2-p3930.graphml
39320,23.0419,2272628,poly-s2-p39320.graphml
39340,22.9773,2273976,poly-s2-p39340.graphml
39360,23.1004,2275048,poly-s2-p39360.graphml
39380,23.0033,2275820,poly-s2-p39380.graphml
3940,1.91409,234472,poly-s2-p3940.graphml
39420,23.2193,2277820,poly-s2-p39420.graphml
39440,23.2049,2279172,poly-s2-p39440.graphml
39460,23.0655,2281408,poly-s2-p39460.graphml
39480,23.1182,2281832,poly-s2-p39480.graphml
3950,1.9146,235208,poly-s2-p3950.graphml
39520,23.2468,2285236,poly-s2-p39520.graphml
39540,23.106,2285008,poly-s2-p39540.graphml
39560,23.2878,2286572,poly-s2-p39560.graphml
39580,23.1802,2288124,poly-s2-p39580.graphml
3960,1.9772,235864,poly-s2-p3960.graphml
39620,23.1799,2291160,poly-s2-p39620.graphml
39640,23.1857,2291956,poly-s2-p39640.graphml
39660,23.2472,2292120,poly-s2-p39660.graphml
39680,23.2693,2292296,poly-s2-p39680.graphml
3970,1.93482,236376,poly-s2-p3970.graphml
39720,23.3821,2295036,poly-s2-p39720.graphml
39740,23.3129,2297116,poly-s2-p39740.graphml
39760,23.3283,2297220,poly-s2-p39760.graphml
39780,23.4041,2299064,poly-s2-p39780.graphml
3980,1.96466,236844,poly-s2-p3980.graphml
39820,23.409,2301272,poly-s2-p39820.graphml
39840,23.3789,2303100,poly-s2-p39840.graphml
39860,23.443,2304976,poly-s2-p39860.graphml
39880,23.4147,2304840,poly-s2-p39880.graphml
3990,1.93994,237368,poly-s2-p3990.graphml
39920,23.4381,2306380,poly-s2-p39920.graphml
39940,23.45,2309796,poly-s2-p39940.graphml
39960,23.4644,2309748,poly-s2-p39960.graphml
39980,23.5215,2311464,poly-s2-p39980.graphml
4010,1.9612,238528,poly-s2-p4010.graphml
4020,1.97785,238712,poly-s2-p4020.graphml
4030,1.96795,239280,poly-s2-p4030.graphml
4040,1.96921,239564,poly-s2-p4040.graphml
4050,1.96899,240324,poly-s2-p4050.graphml
4060,1.98303,241400,poly-s2-p4060.graphml
4070,1.97205,241728,poly-s2-p4070.graphml
4080,1.99408,242584,poly-s2-p4080.graphml
4090,2.00745,242840,poly-s2-p4090.graphml
40,0.018027,9748,poly-s2-p40.graphml
410,0.158892,30524,poly-s2-p410.graphml
4110,2.01207,245060,poly-s2-p4110.graphml
4120,2.00672,245264,poly-s2-p4120.graphml
4130,1.99967,245916,poly-s2-p4130.graphml
4140,2.07766,246212,poly-s2-p4140.graphml
4150,2.0226,246788,poly-s2-p4150.graphml
4160,2.03828,246828,poly-s2-p4160.graphml
4170,2.05215,247732,poly-s2-p4170.graphml
4180,2.04548,248560,poly-s2-p4180.graphml
4190,2.06233,249292,poly-s2-p4190.graphml
420,0.163769,31004,poly-s2-p420.graphml
4210,2.07875,250292,poly-s2-p4210.graphml
4220,2.14182,251144,poly-s2-p4220.graphml
4230,2.08606,251316,poly-s2-p4230.graphml
4240,2.09616,251376,poly-s2-p4240.graphml
4250,2.08995,252064,poly-s2-p4250.graphml
4260,2.09945,252560,poly-s2-p4260.graphml
4270,2.1148,253804,poly-s2-p4270.graphml
4280,2.1017,254044,poly-s2-p4280.graphml
4290,2.09905,254632,poly-s2-p4290.graphml
430,0.180372,32044,poly-s2-p430.graphml
4310,2.13535,255756,poly-s2-p4310.graphml
4320,2.12809,256600,poly-s2-p4320.graphml
4330,2.16511,257092,poly-s2-p4330.graphml
4340,2.14627,257800,poly-s2-p4340.graphml
4350,2.1435,258376,poly-s2-p4350.graphml
4360,2.15035,258648,poly-s2-p4360.graphml
4370,2.14882,259128,poly-s2-p4370.graphml
4380,2.15731,259876,poly-s2-p4380.graphml
4390,2.17753,260396,poly-s2-p4390.graphml
440,0.170483,32972,poly-s2-p440.graphml
4410,2.17285,261412,poly-s2-p4410.graphml
4420,2.17991,261932,poly-s2-p4420.graphml
4430,2.16935,262704,poly-s2-p4430.graphml
4440,2.17731,262892,poly-s2-p4440.graphml
4450,2.18254,263580,poly-s2-p4450.graphml
4460,2.19145,263692,poly-s2-p4460.graphml
4470,2.2048,264228,poly-s2-p4470.graphml
4480,2.21533,265476,poly-s2-p4480.graphml
4490,2.20672,266436,poly-s2-p4490.graphml
450,0.179601,33168,poly-s2-p450.graphml
4510,2.22883,267412,poly-s2-p4510.graphml
4520,2.23584,267672,poly-s2-p4520.graphml
4530,2.2362,268664,poly-s2-p4530.graphml
4540,2.24113,268712,poly-s2-p4540.graphml
4550,2.23313,269496,poly-s2-p4550.graphml
4560,2.24165,269764,poly-s2-p4560.graphml
4570,2.2541,270220,poly-s2-p4570.graphml
4580,2.25956,271004,poly-s2-p4580.graphml
4590,2.25205,271420,poly-s2-p4590.graphml
460,0.183138,33820,poly-s2-p460.graphml
4610,2.27504,272684,poly-s2-p4610.graphml
4620,2.27122,273060,poly-s2-p4620.graphml
4630,2.30958,273920,poly-s2-p4630.graphml
4640,2.2823,274304,poly-s2-p4640.graphml
4650,2.29104,275060,poly-s2-p4650.graphml
4660,2.30996,275204,poly-s2-p4660.graphml
4670,2.30666,276216,poly-s2-p4670.graphml
4680,2.31636,276584,poly-s2-p4680.graphml
4690,2.30991,277376,poly-s2-p4690.graphml
470,0.201089,34148,poly-s2-p470.graphml
4710,2.32749,278544,poly-s2-p4710.graphml
4720,2.33643,279396,poly-s2-p4720.graphml
4730,2.33646,280196,poly-s2-p4730.graphml
4740,2.34465,280576,poly-s2-p4740.graphml
4750,2.35462,281180,poly-s2-p4750.graphml
4760,2.36396,281588,poly-s2-p4760.graphml
4770,2.36887,282228,poly-s2-p4770.graphml
4780,2.3639,283156,poly-s2-p4780.graphml
4790,2.38479,283640,poly-s2-p4790.graphml
480,0.190181,34412,poly-s2-p480.graphml
4810,2.37918,284732,poly-s2-p4810.graphml
4820,2.39222,285276,poly-s2-p4820.graphml
4830,2.39684,286196,poly-s2-p4830.graphml
4840,2.40688,286540,poly-s2-p4840.graphml
4850,2.41764,286508,poly-s2-p4850.graphml
4860,2.43879,287692,poly-s2-p4860.graphml
4870,2.41402,288284,poly-s2-p4870.graphml
4880,2.40941,289040,poly-s2-p4880.graphml
4890,2.42141,289448,poly-s2-p4890.graphml
490,0.205349,35868,poly-s2-p490.graphml
4910,2.43759,291028,poly-s2-p4910.graphml
4920,2.46749,291760,poly-s2-p4920.graphml
4930,2.4539,292024,poly-s2-p4930.graphml
4940,2.4545,292520,poly-s2-p4940.graphml
4950,2.45407,293120,poly-s2-p4950.graphml
4960,2.45355,293504,poly-s2-p4960.graphml
4970,2.5296,294032,poly-s2-p4970.graphml
4980,2.47518,294580,poly-s2-p4980.graphml
4990,2.46335,295704,poly-s2-p4990.graphml
5010,2.46622,295940,poly-s2-p5010.graphml
5020,2.49043,296880,poly-s2-p5020.graphml
5030,2.49566,297724,poly-s2-p5030.graphml
5040,2.48643,297792,poly-s2-p5040.graphml
5050,2.49824,298652,poly-s2-p5050.graphml
5060,2.49429,299280,poly-s2-p5060.graphml
5070,2.51484,300108,poly-s2-p5070.graphml
5080,2.50975,300396,poly-s2-p5080.graphml
5090,2.50945,300568,poly-s2-p5090.graphml
50,0.016943,10688,poly-s2-p50.graphml
510,0.204546,36572,poly-s2-p510.graphml
5110,2.53681,302272,poly-s2-p5110.graphml
5120,2.55999,302980,poly-s2-p5120.graphml
5130,2.55343,303048,poly-s2-p5130.graphml
5140,2.57793,303840,poly-s2-p5140.graphml
5150,2.53831,303844,poly-s2-p5150.graphml
5160,2.55649,304516,poly-s2-p5160.graphml
5170,2.57402,306056,poly-s2-p5170.graphml
5180,2.57249,306300,poly-s2-p5180.graphml
5190,2.59534,306988,poly-s2-p5190.graphml
520,0.21618,37164,poly-s2-p520.graphml
5210,2.58559,307560,poly-s2-p5210.graphml
5220,2.61599,308136,poly-s2-p5220.graphml
5230,2.62118,309000,poly-s2-p5230.graphml
5240,2.60075,309664,poly-s2-p5240.graphml
5250,2.59056,309936,poly-s2-p5250.graphml
5260,2.61136,310984,poly-s2-p5260.graphml
5270,2.61265,310868,poly-s2-p5270.graphml
5280,2.61273,311948,poly-s2-p5280.graphml
5290,2.63261,312548,poly-s2-p5290.graphml
530,0.21297,37724,poly-s2-p530.graphml
5310,2.68763,313536,poly-s2-p5310.graphml
5320,2.66246,314276,poly-s2-p5320.graphml
5330,2.6544,314152,poly-s2-p5330.graphml
5340,2.65717,315104,poly-s2-p5340.graphml
5350,2.66177,315564,poly-s2-p5350.graphml
5360,2.67378,316244,poly-s2-p5360.graphml
5370,2.67777,315992,poly-s2-p5370.graphml
5380,2.81246,317468,poly-s2-p5380.graphml
5390,2.68806,318216,poly-s2-p5390.graphml
540,0.215003,38284,poly-s2-p540.graphml
5410,2.69764,319420,poly-s2-p5410.graphml
5420,2.6962,319540,poly-s2-p5420.graphml
5430,2.70203,320076,poly-s2-p5430.graphml
5440,2.71078,320616,poly-s2-p5440.graphml
5450,2.72345,321380,poly-s2-p5450.graphml
5460,2.72282,322332,poly-s2-p5460.graphml
5470,2.72632,322720,poly-s2-p5470.graphml
5480,2.74022,323012,poly-s2-p5480.graphml
5490,2.75632,324240,poly-s2-p5490.graphml
550,0.220927,38860,poly-s2-p550.graphml
5510,2.75362,325176,poly-s2-p5510.graphml
5520,2.76054,325836,poly-s2-p5520.graphml
5530,2.76242,326744,poly-s2-p5530.graphml
5540,2.77009,326268,poly-s2-p5540.graphml
5550,2.79107,327520,poly-s2-p5550.graphml
5560,2.79036,328268,poly-s2-p5560.graphml
5570,2.78713,329200,poly-s2-p5570.graphml
5580,2.78871,329388,poly-s2-p5580.graphml
5590,2.83151,330784,poly-s2-p5590.graphml
560,0.243851,39924,poly-s2-p560.graphml
5610,2.82128,331764,poly-s2-p5610.graphml
5620,2.8206,331700,poly-s2-p5620.graphml
5630,2.80607,331984,poly-s2-p5630.graphml
5640,2.83052,333428,poly-s2-p5640.graphml
5650,2.82146,333192,poly-s2-p5650.graphml
5660,2.83141,333372,poly-s2-p5660.graphml
5670,2.84037,335132,poly-s2-p5670.graphml
5680,2.87155,335268,poly-s2-p5680.graphml
5690,2.86078,335668,poly-s2-p5690.graphml
570,0.233368,40152,poly-s2-p570.graphml
5710,2.86852,336560,poly-s2-p5710.graphml
5720,2.85984,337008,poly-s2-p5720.graphml
5730,2.88817,337584,poly-s2-p5730.graphml
5740,2.89036,338528,poly-s2-p5740.graphml
5750,2.88735,338984,poly-s2-p5750.graphml
5760,2.89851,339700,poly-s2-p5760.graphml
5770,2.89603,340388,poly-s2-p5770.graphml
5780,2.91237,340500,poly-s2-p5780.graphml
5790,2.91507,341528,poly-s2-p5790.graphml
580,0.239385,40856,poly-s2-p580.graphml
5810,2.90993,342860,poly-s2-p5810.graphml
5820,2.92541,343032,poly-s2-p5820.graphml
5830,2.94007,343652,poly-s2-p5830.graphml
5840,2.93815,344128,poly-s2-p5840.graphml
5850,2.93925,344360,poly-s2-p5850.graphml
5860,2.94996,345564,poly-s2-p5860.graphml
5870,2.95558,346172,poly-s2-p5870.graphml
5880,2.94366,346432,poly-s2-p5880.graphml
5890,2.95708,346812,poly-s2-p5890.graphml
590,0.240705,41508,poly-s2-p590.graphml
5910,2.96613,348216,poly-s2-p5910.graphml
5920,3.0233,348796,poly-s2-p5920.graphml
5930,2.98332,349328,poly-s2-p5930.graphml
5940,3.00444,350292,poly-s2-p5940.graphml
5950,3.01067,351860,poly-s2-p5950.graphml
5960,3.00545,352292,poly-s2-p5960.graphml
5970,3.02201,351400,poly-s2-p5970.graphml
5980,3.03581,351972,poly-s2-p5980.graphml
5990,3.01063,352752,poly-s2-p5990.graphml
6010,3.04656,353628,poly-s2-p6010.graphml
6020,3.03871,354264,poly-s2-p6020.graphml
6030,3.05199,354964,poly-s2-p6030.graphml
6040,3.04343,355260,poly-s2-p6040.graphml
6050,3.06197,356160,poly-s2-p6050.graphml
6060,3.04125,357336,poly-s2-p6060.graphml
6070,3.08209,357292,poly-s2-p6070.graphml
6080,3.07629,357580,poly-s2-p6080.graphml
6090,3.06087,359176,poly-s2-p6090.graphml
60,0.021443,11188,poly-s2-p60.graphml
610,0.245732,42812,poly-s2-p610.graphml
6110,3.0772,359480,poly-s2-p6110.graphml
6120,3.09029,359788,poly-s2-p6120.graphml
6130,3.09355,360576,poly-s2-p6130.graphml
6140,3.11802,360420,poly-s2-p6140.graphml
6150,3.11478,361804,poly-s2-p6150.graphml
6160,3.10744,362452,poly-s2-p6160.graphml
6170,3.1086,363052,poly-s2-p6170.graphml
6180,3.13594,363720,poly-s2-p6180.graphml
6190,3.14556,363920,poly-s2-p6190.graphml
620,0.266268,43404,poly-s2-p620.graphml
6210,3.16334,365112,poly-s2-p6210.graphml
6220,3.14373,365660,poly-s2-p6220.graphml
6230,3.15223,366044,poly-s2-p6230.graphml
6240,3.1301,366576,poly-s2-p6240.graphml
6250,3.17411,367432,poly-s2-p6250.graphml
6260,3.16487,368348,poly-s2-p6260.graphml
6270,3.38523,370192,poly-s2-p6270.graphml
6280,3.16171,369732,poly-s2-p6280.graphml
6290,3.18523,370132,poly-s2-p6290.graphml
630,0.259135,43656,poly-s2-p630.graphml
6310,3.18628,371436,poly-s2-p6310.graphml
6320,3.2466,373132,poly-s2-p6320.graphml
6330,3.1923,372824,poly-s2-p6330.graphml
6340,3.21334,373340,poly-s2-p6340.graphml
6350,3.2065,373828,poly-s2-p6350.graphml
6360,3.2174,374360,poly-s2-p6360.graphml
6370,3.2279,375040,poly-s2-p6370.graphml
6380,3.2208,375860,poly-s2-p6380.graphml
6390,3.23705,377468,poly-s2-p6390.graphml
640,0.268911,44228,poly-s2-p640.graphml
6410,3.24157,377120,poly-s2-p6410.graphml
6420,3.29313,379388,poly-s2-p6420.graphml
6430,3.23827,378092,poly-s2-p6430.graphml
6440,3.26025,379120,poly-s2-p6440.graphml
6450,3.27268,379872,poly-s2-p6450.graphml
6460,3.28048,380400,poly-s2-p6460.graphml
6470,3.27372,381904,poly-s2-p6470.graphml
6480,3.28251,382552,poly-s2-p6480.graphml
6490,3.26228,383076,poly-s2-p6490.graphml
650,0.270452,44704,poly-s2-p650.graphml
6510,3.30286,384320,poly-s2-p6510.graphml
6520,3.299,384492,poly-s2-p6520.graphml
6530,3.31444,384056,poly-s2-p6530.graphml
6540,3.33381,384708,poly-s2-p6540.graphml
6550,3.33098,384844,poly-s2-p6550.graphml
6560,3.30971,385416,poly-s2-p6560.graphml
6570,3.54111,386084,poly-s2-p6570.graphml
6580,3.32674,386568,poly-s2-p6580.graphml
6590,3.33866,388332,poly-s2-p6590.graphml
660,0.276631,45900,poly-s2-p660.graphml
6610,3.36045,388508,poly-s2-p6610.graphml
6620,3.34885,388764,poly-s2-p6620.graphml
6630,3.37089,390008,poly-s2-p6630.graphml
6640,3.35547,390716,poly-s2-p6640.graphml
6650,3.45411,391476,poly-s2-p6650.graphml
6660,3.39558,391224,poly-s2-p6660.graphml
6670,3.4007,391928,poly-s2-p6670.graphml
6680,3.39795,392524,poly-s2-p6680.graphml
6690,3.39911,393260,poly-s2-p6690.graphml
670,0.281507,46292,poly-s2-p670.graphml
6710,3.42347,394320,poly-s2-p6710.graphml
6720,3.4349,395068,poly-s2-p6720.graphml
6730,3.42883,395948,poly-s2-p6730.graphml
6740,3.41902,396680,poly-s2-p6740.graphml
6750,3.44139,397100,poly-s2-p6750.graphml
6760,3.43926,397200,poly-s2-p6760.graphml
6770,3.45318,397436,poly-s2-p6770.graphml
6780,3.45929,399432,poly-s2-p6780.graphml
6790,3.45103,399456,poly-s2-p6790.graphml
680,0.282311,46568,poly-s2-p680.graphml
6810,3.46005,400144,poly-s2-p6810.graphml
6820,3.47307,401276,poly-s2-p6820.graphml
6830,3.49032,401544,poly-s2-p6830.graphml
6840,3.48888,402024,poly-s2-p6840.graphml
6850,3.49467,403636,poly-s2-p6850.graphml
6860,3.4973,404380,poly-s2-p6860.graphml
6870,3.50347,404788,poly-s2-p6870.graphml
6880,3.51444,404284,poly-s2-p6880.graphml
6890,3.51824,404468,poly-s2-p6890.graphml
690,0.287647,47268,poly-s2-p690.graphml
6910,3.51934,406212,poly-s2-p6910.graphml
6920,3.53004,406304,poly-s2-p6920.graphml
6930,3.51668,406884,poly-s2-p6930.graphml
6940,3.52695,408568,poly-s2-p6940.graphml
6950,3.52532,408032,poly-s2-p6950.graphml
6960,3.53361,408716,poly-s2-p6960.graphml
6970,3.57917,408872,poly-s2-p6970.graphml
6980,3.57677,410592,poly-s2-p6980.graphml
6990,3.58232,409484,poly-s2-p6990.graphml
7010,3.56432,410956,poly-s2-p7010.graphml
7020,3.57934,412460,poly-s2-p7020.graphml
7030,3.5753,412220,poly-s2-p7030.graphml
7040,3.57401,412772,poly-s2-p7040.graphml
7050,3.57043,413108,poly-s2-p7050.graphml
7060,3.58493,413788,poly-s2-p7060.graphml
7070,3.58579,414892,poly-s2-p7070.graphml
7080,3.6059,415328,poly-s2-p7080.graphml
7090,3.66333,416036,poly-s2-p7090.graphml
70,0.027086,11952,poly-s2-p70.graphml
710,0.301497,48560,poly-s2-p710.graphml
7110,3.61771,417984,poly-s2-p7110.graphml
7120,3.63121,417544,poly-s2-p7120.graphml
7130,3.627,418040,poly-s2-p7130.graphml
7140,3.63664,419544,poly-s2-p7140.graphml
7150,3.6382,419364,poly-s2-p7150.graphml
7160,3.65276,419640,poly-s2-p7160.graphml
7170,3.65003,421056,poly-s2-p7170.graphml
7180,3.65579,420828,poly-s2-p7180.graphml
7190,3.65854,421528,poly-s2-p7190.graphml
720,0.303478,48768,poly-s2-p720.graphml
7210,3.6837,423092,poly-s2-p7210.graphml
7220,3.68434,423528,poly-s2-p7220.graphml
7230,3.69199,423948,poly-s2-p7230.graphml
7240,3.74286,424868,poly-s2-p7240.graphml
7250,3.70647,425252,poly-s2-p7250.graphml
7260,3.73432,426204,poly-s2-p7260.graphml
7270,3.73794,426496,poly-s2-p7270.graphml
7280,3.71832,426792,poly-s2-p7280.graphml
7290,3.72108,427408,poly-s2-p7290.graphml
730,0.311222,49576,poly-s2-p730.graphml
7310,3.73431,429688,poly-s2-p7310.graphml
7320,3.73145,429860,poly-s2-p7320.graphml
7330,3.75638,430312,poly-s2-p7330.graphml
7340,3.75024,431428,poly-s2-p7340.graphml
7350,3.7525,431116,poly-s2-p7350.graphml
7360,3.7496,431688,poly-s2-p7360.graphml
7370,3.77411,432068,poly-s2-p7370.graphml
7380,3.77416,432320,poly-s2-p7380.graphml
7390,3.8208,433484,poly-s2-p7390.graphml
740,0.317846,50072,poly-s2-p740.graphml
7410,3.83794,434524,poly-s2-p7410.graphml
7420,3.79111,435736,poly-s2-p7420.graphml
7430,3.80373,436004,poly-s2-p7430.graphml
7440,3.79787,436848,poly-s2-p7440.graphml
7450,3.91154,437028,poly-s2-p7450.graphml
7460,3.81535,438700,poly-s2-p7460.graphml
7470,3.80624,438288,poly-s2-p7470.graphml
7480,3.82834,439192,poly-s2-p7480.graphml
7490,3.82521,439556,poly-s2-p7490.graphml
750,0.322651,50132,poly-s2-p750.graphml
7510,3.86594,440752,poly-s2-p7510.graphml
7520,3.86933,441700,poly-s2-p7520.graphml
7530,3.85818,442964,poly-s2-p7530.graphml
7540,3.87729,443860,poly-s2-p7540.graphml
7550,3.86914,443204,poly-s2-p7550.graphml
7560,3.87593,443364,poly-s2-p7560.graphml
7570,3.9052,444572,poly-s2-p7570.graphml
7580,3.90514,446116,poly-s2-p7580.graphml
7590,3.93717,445496,poly-s2-p7590.graphml
760,0.320186,51272,poly-s2-p760.graphml
7610,3.88988,447308,poly-s2-p7610.graphml
7620,3.96839,447200,poly-s2-p7620.graphml
7630,3.90506,447496,poly-s2-p7630.graphml
7640,3.91653,448728,poly-s2-p7640.graphml
7650,3.93852,448500,poly-s2-p7650.graphml
7660,4.01809,448916,poly-s2-p7660.graphml
7670,3.94067,449784,poly-s2-p7670.graphml
7680,3.97538,450552,poly-s2-p7680.graphml
7690,3.9614,450584,poly-s2-p7690.graphml
770,0.339689,51536,poly-s2-p770.graphml
7710,3.9436,451336,poly-s2-p7710.graphml
7720,3.95065,451792,poly-s2-p7720.graphml
7730,3.94102,452760,poly-s2-p7730.graphml
7740,3.96764,453256,poly-s2-p7740.graphml
7750,4.03141,453576,poly-s2-p7750.graphml
7760,3.98874,454096,poly-s2-p7760.graphml
7770,4.00711,455788,poly-s2-p7770.graphml
7780,4.00094,455092,poly-s2-p7780.graphml
7790,4.00688,456088,poly-s2-p7790.graphml
780,0.328935,52264,poly-s2-p780.graphml
7810,4.00948,457564,poly-s2-p7810.graphml
7820,4.02569,458084,poly-s2-p7820.graphml
7830,4.04185,458896,poly-s2-p7830.graphml
7840,4.01779,458872,poly-s2-p7840.graphml
7850,4.02625,460144,poly-s2-p7850.graphml
7860,4.06685,460112,poly-s2-p7860.graphml
7870,4.02301,462288,poly-s2-p7870.graphml
7880,4.04755,461120,poly-s2-p7880.graphml
7890,4.05917,461744,poly-s2-p7890.graphml
790,0.347848,53200,poly-s2-p790.graphml
7910,4.14325,462440,poly-s2-p7910.graphml
7920,4.05053,463316,poly-s2-p7920.graphml
7930,4.06339,464340,poly-s2-p7930.graphml
7940,4.06857,464468,poly-s2-p7940.graphml
7950,4.06897,465624,poly-s2-p7950.graphml
7960,4.07772,465704,poly-s2-p7960.graphml
7970,4.09105,466780,poly-s2-p7970.graphml
7980,4.0938,466864,poly-s2-p7980.graphml
7990,4.11133,467872,poly-s2-p7990.graphml
8010,4.11281,468660,poly-s2-p8010.graphml
8020,4.12206,469904,poly-s2-p8020.graphml
8030,4.14996,469720,poly-s2-p8030.graphml
8040,4.19584,470228,poly-s2-p8040.graphml
8050,4.14296,470928,poly-s2-p8050.graphml
8060,4.18577,471712,poly-s2-p8060.graphml
8070,4.15314,472080,poly-s2-p8070.graphml
8080,4.15146,473300,poly-s2-p8080.graphml
8090,4.15716,472888,poly-s2-p8090.graphml
80,0.03096,12148,poly-s2-p80.graphml
810,0.342939,54912,poly-s2-p810.graphml
8110,4.19778,474440,poly-s2-p8110.graphml
8120,4.17632,475664,poly-s2-p8120.graphml
8130,4.19613,476256,poly-s2-p8130.graphml
8140,4.1916,476072,poly-s2-p8140.graphml
8150,4.24408,476896,poly-s2-p8150.graphml
8160,4.21014,477244,poly-s2-p8160.graphml
8170,4.23156,478404,poly-s2-p8170.graphml
8180,4.20592,478864,poly-s2-p8180.graphml
8190,4.20805,479460,poly-s2-p8190.graphml
820,0.354758,55064,poly-s2-p820.graphml
8210,4.2141,481984,poly-s2-p8210.graphml
8220,4.22704,482068,poly-s2-p8220.graphml
8230,4.25508,482648,poly-s2-p8230.graphml
8240,4.26568,483224,poly-s2-p8240.graphml
8250,4.24179,483104,poly-s2-p8250.graphml
8260,4.27809,484316,poly-s2-p8260.graphml
8270,4.26996,485388,poly-s2-p8270.graphml
8280,4.27029,486232,poly-s2-p8280.graphml
8290,4.2764,485996,poly-s2-p8290.graphml
830,0.35694,55440,poly-s2-p830.graphml
8310,4.27871,487252,poly-s2-p8310.graphml
8320,4.2735,488216,poly-s2-p8320.graphml
8330,4.27292,488388,poly-s2-p8330.graphml
8340,4.29181,488944,poly-s2-p8340.graphml
8350,4.31608,489560,poly-s2-p8350.graphml
8360,4.29775,489424,poly-s2-p8360.graphml
8370,4.30511,490600,poly-s2-p8370.graphml
8380,4.32669,491960,poly-s2-p8380.graphml
8390,4.32312,492256,poly-s2-p8390.graphml
840,0.358568,56108,poly-s2-p840.graphml
8410,4.34808,492588,poly-s2-p8410.graphml
8420,4.36043,493224,poly-s2-p8420.graphml
8430,4.35157,493948,poly-s2-p8430.graphml
8440,4.37419,494480,poly-s2-p8440.graphml
8450,4.40437,495412,poly-s2-p8450.graphml
8460,4.37418,495732,poly-s2-p8460.graphml
8470,4.37625,496828,poly-s2-p8470.graphml
8480,4.40563,496524,poly-s2-p8480.graphml
8490,4.37416,496932,poly-s2-p8490.graphml
850,0.370156,56684,poly-s2-p850.graphml
8510,4.41645,498936,poly-s2-p8510.graphml
8520,4.41618,499260,poly-s2-p8520.graphml
8530,4.42656,499420,poly-s2-p8530.graphml
8540,4.41127,499932,poly-s2-p8540.graphml
8550,4.41721,500244,poly-s2-p8550.graphml
8560,4.40724,500296,poly-s2-p8560.graphml
8570,4.48805,501168,poly-s2-p8570.graphml
8580,4.44052,502736,poly-s2-p8580.graphml
8590,4.44451,502424,poly-s2-p8590.graphml
860,0.367505,57408,poly-s2-p860.graphml
8610,4.46215,504104,poly-s2-p8610.graphml
8620,4.47659,504976,poly-s2-p8620.graphml
8630,4.45951,504624,poly-s2-p8630.graphml
8640,4.47069,506192,poly-s2-p8640.graphml
8650,4.57941,506192,poly-s2-p8650.graphml
8660,4.49047,507092,poly-s2-p8660.graphml
8670,4.49751,507412,poly-s2-p8670.graphml
8680,4.49816,508132,poly-s2-p8680.graphml
8690,4.48221,508880,poly-s2-p8690.graphml
870,0.38278,57260,poly-s2-p870.graphml
8710,4.4946,509492,poly-s2-p8710.graphml
8720,4.49708,510760,poly-s2-p8720.graphml
8730,4.51262,510864,poly-s2-p8730.graphml
8740,4.51552,512192,poly-s2-p8740.graphml
8750,4.53006,511632,poly-s2-p8750.graphml
8760,4.69072,512908,poly-s2-p8760.graphml
8770,4.7087,514556,poly-s2-p8770.graphml
8780,4.70174,513576,poly-s2-p8780.graphml
8790,4.70513,514176,poly-s2-p8790.graphml
880,0.383392,58204,poly-s2-p880.graphml
8810,4.7266,515352,poly-s2-p8810.graphml
8820,4.80593,516712,poly-s2-p8820.graphml
8830,4.72588,516604,poly-s2-p8830.graphml
8840,4.75626,517640,poly-s2-p8840.graphml
8850,4.73857,517752,poly-s2-p8850.graphml
8860,4.74151,518824,poly-s2-p8860.graphml
8870,4.83701,518976,poly-s2-p8870.graphml
8880,4.78063,518896,poly-s2-p8880.graphml
8890,4.84421,519968,poly-s2-p8890.graphml
890,0.38723,58196,poly-s2-p890.graphml
8910,4.77398,521536,poly-s2-p8910.graphml
8920,4.77196,520956,poly-s2-p8920.graphml
8930,4.79629,522444,poly-s2-p8930.graphml
8940,4.78565,523184,poly-s2-p8940.graphml
8950,4.86646,523732,poly-s2-p8950.graphml
8960,4.88681,524160,poly-s2-p8960.graphml
8970,5.03283,524712,poly-s2-p8970.graphml
8980,4.8236,525408,poly-s2-p8980.graphml
8990,4.89964,525460,poly-s2-p8990.graphml
9010,4.9855,526936,poly-s2-p9010.graphml
9020,4.86312,527880,poly-s2-p9020.graphml
9030,4.86719,527596,poly-s2-p9030.graphml
9040,4.86037,528428,poly-s2-p9040.graphml
9050,4.91743,528816,poly-s2-p9050.graphml
9060,4.90828,529340,poly-s2-p9060.graphml
9070,4.80573,530164,poly-s2-p9070.graphml
9080,4.7324,531244,poly-s2-p9080.graphml
9090,4.74195,531064,poly-s2-p9090.graphml
90,0.033384,12952,poly-s2-p90.graphml
910,0.389499,59612,poly-s2-p910.graphml
9110,4.7386,532536,poly-s2-p9110.graphml
9120,4.76463,533480,poly-s2-p9120.graphml
9130,4.76151,534120,poly-s2-p9130.graphml
9140,4.75373,533780,poly-s2-p9140.graphml
9150,4.75285,534836,poly-s2-p9150.graphml
9160,4.86118,535656,poly-s2-p9160.graphml
9170,5.19578,536944,poly-s2-p9170.graphml
9180,4.81194,536768,poly-s2-p9180.graphml
9190,4.87424,538128,poly-s2-p9190.graphml
920,0.401173,59920,poly-s2-p920.graphml
9210,4.89016,539680,poly-s2-p9210.graphml
9220,4.83055,538572,poly-s2-p9220.graphml
9230,4.85569,540128,poly-s2-p9230.graphml
9240,4.88986,540572,poly-s2-p9240.graphml
9250,4.86668,541060,poly-s2-p9250.graphml
9260,4.89381,541396,poly-s2-p9260.graphml
9270,5.37324,542492,poly-s2-p9270.graphml
9280,4.91657,542092,poly-s2-p9280.graphml
9290,4.9354,543164,poly-s2-p9290.graphml
930,0.413928,61448,poly-s2-p930.graphml
9310,4.93823,544584,poly-s2-p9310.graphml
9320,5.19067,545172,poly-s2-p9320.graphml
9330,5.0339,545648,poly-s2-p9330.graphml
9340,4.91746,546724,poly-s2-p9340.graphml
9350,5.24482,547380,poly-s2-p9350.graphml
9360,5.21479,548068,poly-s2-p9360.graphml
9370,5.09655,548420,poly-s2-p9370.graphml
9380,5.12719,549244,poly-s2-p9380.graphml
9390,5.20732,549680,poly-s2-p9390.graphml
940,0.44643,62000,poly-s2-p940.graphml
9410,5.09089,551476,poly-s2-p9410.graphml
9420,5.24918,551108,poly-s2-p9420.graphml
9430,5.05804,552108,poly-s2-p9430.graphml
9440,5.09423,552004,poly-s2-p9440.graphml
9450,5.09291,552904,poly-s2-p9450.graphml
9460,5.17494,553636,poly-s2-p9460.graphml
9470,5.20051,554476,poly-s2-p9470.graphml
9480,5.19933,554564,poly-s2-p9480.graphml
9490,5.21277,555644,poly-s2-p9490.graphml
950,0.432708,62256,poly-s2-p950.graphml
9510,5.16054,556892,poly-s2-p9510.graphml
9520,5.22563,557404,poly-s2-p9520.graphml
9530,5.21347,558132,poly-s2-p9530.graphml
9540,5.14844,558884,poly-s2-p9540.graphml
9550,5.2023,559436,poly-s2-p9550.graphml
9560,5.16276,559996,poly-s2-p9560.graphml
9570,5.1963,559968,poly-s2-p9570.graphml
9580,5.20817,560752,poly-s2-p9580.graphml
9590,5.22178,562076,poly-s2-p9590.graphml
960,0.44653,62588,poly-s2-p960.graphml
9610,5.19403,563228,poly-s2-p9610.graphml
9620,5.49629,563496,poly-s2-p9620.graphml
9630,5.18272,563892,poly-s2-p9630.graphml
9640,5.20619,565164,poly-s2-p9640.graphml
9650,5.20051,565164,poly-s2-p9650.graphml
9660,5.29601,565792,poly-s2-p9660.graphml
9670,5.28453,566476,poly-s2-p9670.graphml
9680,5.17641,566596,poly-s2-p9680.graphml
9690,5.19918,567436,poly-s2-p9690.graphml
970,0.423899,63124,poly-s2-p970.graphml
9710,5.13065,568636,poly-s2-p9710.graphml
9720,5.12267,569720,poly-s2-p9720.graphml
9730,5.18032,570064,poly-s2-p9730.graphml
9740,5.31515,570840,poly-s2-p9740.graphml
9750,5.25494,571152,poly-s2-p9750.graphml
9760,5.21658,571780,poly-s2-p9760.graphml
9770,5.45037,572488,poly-s2-p9770.graphml
9780,5.2215,572668,poly-s2-p9780.graphml
9790,5.47231,573544,poly-s2-p9790.graphml
980,0.425441,63788,poly-s2-p980.graphml
9810,5.33996,574776,poly-s2-p9810.graphml
9820,5.35468,575756,poly-s2-p9820.graphml
9830,5.42013,575780,poly-s2-p9830.graphml
9840,5.3376,575996,poly-s2-p9840.graphml
9850,5.3874,576980,poly-s2-p9850.graphml
9860,5.34731,577504,poly-s2-p9860.graphml
9870,5.47695,578108,poly-s2-p9870.graphml
9880,5.58484,578124,poly-s2-p9880.graphml
9890,5.3416,580128,poly-s2-p9890.graphml
990,0.46375,64272,poly-s2-p990.graphml
9910,5.40934,580612,poly-s2-p9910.graphml
9920,5.40399,580860,poly-s2-p9920.graphml
9930,5.42269,581196,poly-s2-p9930.graphml
9940,5.37171,582376,poly-s2-p9940.graphml
9950,5.3703,582716,poly-s2-p9950.graphml
9960,5.41345,583028,poly-s2-p9960.graphml
9970,5.39485,583752,poly-s2-p9970.graphml
9980,5.39575,584312,poly-s2-p9980.graphml
9990,5.39534,585020,poly-s2-p9990.graphml
