10020,4.89678,586724,poly-s2-p10020.graphml
10040,4.87397,587844,poly-s2-p10040.graphml
10060,5.01819,588540,poly-s2-p10060.graphml
10080,4.88603,589656,poly-s2-p10080.graphml
1010,0.39282,65272,poly-s2-p1010.graphml
10120,4.91576,592744,poly-s2-p10120.graphml
10140,5.00596,594416,poly-s2-p10140.graphml
10160,4.93979,595060,poly-s2-p10160.graphml
10180,5.08887,595832,poly-s2-p10180.graphml
1020,0.473886,66000,poly-s2-p1020.graphml
10220,5.1711,598264,poly-s2-p10220.graphml
10240,4.96291,599248,poly-s2-p10240.graphml
10260,4.9661,601308,poly-s2-p10260.graphml
10280,4.98787,601584,poly-s2-p10280.graphml
1030,0.402567,66884,poly-s2-p1030.graphml
10320,5.33333,604716,poly-s2-p10320.graphml
10340,5.09431,605696,poly-s2-p10340.graphml
10360,5.07623,607352,poly-s2-p10360.graphml
10380,5.01896,608656,poly-s2-p10380.graphml
1040,0.403527,67140,poly-s2-p1040.graphml
10420,5.07037,610504,poly-s2-p10420.graphml
10440,5.06083,611920,poly-s2-p10440.graphml
10460,5.22185,613180,poly-s2-p10460.graphml
10480,5.74022,614220,poly-s2-p10480.graphml
1050,0.417538,67744,poly-s2-p1050.graphml
10520,5.43267,616636,poly-s2-p10520.graphml
10540,5.14529,617960,poly-s2-p10540.graphml
10560,5.16903,619300,poly-s2-p10560.graphml
10580,5.2295,620072,poly-s2-p10580.graphml
1060,0.453392,67936,poly-s2-p1060.graphml
10620,5.30779,621968,poly-s2-p10620.graphml
10640,5.20996,623640,poly-s2-p10640.graphml
10660,5.24572,625272,poly-s2-p10660.graphml
10680,5.27189,625728,poly-s2-p10680.graphml
1070,0.435831,69136,poly-s2-p1070.graphml
10720,5.30553,628348,poly-s2-p10720.graphml
10740,5.27442,629456,poly-s2-p10740.graphml
10760,5.30742,630704,poly-s2-p10760.graphml
10780,5.32775,631772,poly-s2-p10780.graphml
1080,0.464289,69780,poly-s2-p1080.graphml
10820,5.38664,633820,poly-s2-p10820.graphml
10840,5.34802,635520,poly-s2-p10840.graphml
10860,5.31364,636420,poly-s2-p10860.graphml
10880,5.32626,637592,poly-s2-p10880.graphml
1090,0.426709,69860,poly-s2-p1090.graphml
10920,5.33511,639636,poly-s2-p10920.graphml
10940,5.38158,641492,poly-s2-p10940.graphml
10960,5.36606,642332,poly-s2-p10960.graphml
10980,5.40033,643480,poly-s2-p10980.graphml
10,0.00144,8468,poly-s2-p10.graphml
11020,5.87723,645388,poly-s2-p11020.graphml
11040,5.45893,646404,poly-s2-p11040.graphml
11060,5.42659,647568,poly-s2-p11060.graphml
11080,5.45379,648040,poly-s2-p11080.graphml
110,0.043973,14388,poly-s2-p110.graphml
1110,0.445165,71132,poly-s2-p1110.graphml
11120,5.48017,650576,poly-s2-p11120.graphml
11140,5.51176,650852,poly-s2-p11140.graphml
11160,5.45784,652580,poly-s2-p11160.graphml
11180,5.53001,653416,poly-s2-p11180.graphml
1120,0.434172,71252,poly-s2-p1120.graphml
11220,5.52735,656068,poly-s2-p11220.graphml
11240,5.53989,656992,poly-s2-p11240.graphml
11260,5.59761,658132,poly-s2-p11260.graphml
11280,5.53102,659172,poly-s2-p11280.graphml
1130,0.470997,72360,poly-s2-p1130.graphml
11320,5.67389,661324,poly-s2-p11320.graphml
11340,5.60102,662468,poly-s2-p11340.graphml
11360,5.66694,663836,poly-s2-p11360.graphml
11380,5.89932,665572,poly-s2-p11380.graphml
1140,0.454179,72708,poly-s2-p1140.graphml
11420,5.59516,667292,poly-s2-p11420.graphml
11440,6.51669,668712,poly-s2-p11440.graphml
11460,6.25042,669716,poly-s2-p11460.graphml
11480,6.12997,671244,poly-s2-p11480.graphml
1150,0.460922,73424,poly-s2-p1150.graphml
11520,5.7024,673384,poly-s2-p11520.graphml
11540,6.78666,674552,poly-s2-p11540.graphml
11560,5.73573,675716,poly-s2-p11560.graphml
11580,5.76342,676620,poly-s2-p11580.graphml
1160,0.458344,73892,poly-s2-p1160.graphml
11620,5.76833,678972,poly-s2-p11620.graphml
11640,5.74885,680780,poly-s2-p11640.graphml
11660,5.8303,681476,poly-s2-p11660.graphml
11680,7.04756,682364,poly-s2-p11680.graphml
1170,0.523322,74056,poly-s2-p1170.graphml
11720,6.13584,685412,poly-s2-p11720.graphml
11740,5.801,686016,poly-s2-p11740.graphml
11760,5.80015,687080,poly-s2-p11760.graphml
11780,5.88075,688648,poly-s2-p11780.graphml
1180,0.478362,75236,poly-s2-p1180.graphml
11820,5.82536,689964,poly-s2-p11820.graphml
11840,6.88578,691680,poly-s2-p11840.graphml
11860,6.89575,692420,poly-s2-p11860.graphml
11880,5.88933,696892,poly-s2-p11880.graphml
1190,0.472309,76072,poly-s2-p1190.graphml
11920,6.1365,698456,poly-s2-p11920.graphml
11940,6.14841,699236,poly-s2-p11940.graphml
11960,6.40779,700000,poly-s2-p11960.graphml
11980,6.47219,702216,poly-s2-p11980.graphml
12020,6.26775,704528,poly-s2-p12020.graphml
12040,6.31004,705056,poly-s2-p12040.graphml
12060,6.47652,706116,poly-s2-p12060.graphml
12080,6.0668,706980,poly-s2-p12080.graphml
120,0.044056,14556,poly-s2-p120.graphml
1210,0.482833,76352,poly-s2-p1210.graphml
12120,6.71553,709684,poly-s2-p12120.graphml
12140,7.6667,710796,poly-s2-p12140.graphml
12160,6.5774,711568,poly-s2-p12160.graphml
12180,6.99166,713484,poly-s2-p12180.graphml
1220,0.512752,76940,poly-s2-p1220.graphml
12220,6.43067,716216,poly-s2-p12220.graphml
12240,6.62152,717188,poly-s2-p12240.graphml
12260,7.10057,718400,poly-s2-p12260.graphml
12280,6.48596,719248,poly-s2-p12280.graphml
1230,0.49618,77660,poly-s2-p1230.graphml
12320,6.63997,724168,poly-s2-p12320.graphml
12340,7.34794,722460,poly-s2-p12340.graphml
12360,6.37095,724104,poly-s2-p12360.graphml
12380,6.67439,725712,poly-s2-p12380.graphml
1240,0.503188,78500,poly-s2-p1240.graphml
12420,6.72192,729100,poly-s2-p12420.graphml
12440,6.29104,731336,poly-s2-p12440.graphml
12460,7.08401,729992,poly-s2-p12460.graphml
12480,7.26469,730768,poly-s2-p12480.graphml
1250,0.519435,79076,poly-s2-p1250.graphml
12520,6.42597,734236,poly-s2-p12520.graphml
12540,6.77475,734716,poly-s2-p12540.graphml
12560,7.72891,734636,poly-s2-p12560.graphml
12580,7.42155,735700,poly-s2-p12580.graphml
1260,0.779266,79932,poly-s2-p1260.graphml
12620,7.60083,738608,poly-s2-p12620.graphml
12640,7.55658,741212,poly-s2-p12640.graphml
12660,6.4902,741872,poly-s2-p12660.graphml
12680,6.49417,742628,poly-s2-p12680.graphml
1270,0.780646,80136,poly-s2-p1270.graphml
12720,7.90373,747104,poly-s2-p12720.graphml
12740,7.76547,746200,poly-s2-p12740.graphml
12760,7.18276,746456,poly-s2-p12760.graphml
12780,7.12318,748860,poly-s2-p12780.graphml
1280,0.539264,81280,poly-s2-p1280.graphml
12820,7.89533,753260,poly-s2-p12820.graphml
12840,6.75255,753712,poly-s2-p12840.graphml
12860,7.60834,754340,poly-s2-p12860.graphml
12880,7.49568,753332,poly-s2-p12880.graphml
1290,0.645501,81360,poly-s2-p1290.graphml
12920,7.3473,756468,poly-s2-p12920.graphml
12940,7.44018,757536,poly-s2-p12940.graphml
12960,6.82422,758764,poly-s2-p12960.graphml
12980,7.76763,759980,poly-s2-p12980.graphml
13020,7.37509,762828,poly-s2-p13020.graphml
13040,7.60661,764084,poly-s2-p13040.graphml
13060,7.55014,765528,poly-s2-p13060.graphml
13080,7.00466,765276,poly-s2-p13080.graphml
130,0.051903,15284,poly-s2-p130.graphml
1310,0.618002,82336,poly-s2-p1310.graphml
13120,8.24342,768500,poly-s2-p13120.graphml
13140,8.49711,769136,poly-s2-p13140.graphml
13160,9.01053,768740,poly-s2-p13160.graphml
13180,6.83306,771352,poly-s2-p13180.graphml
1320,0.529488,83296,poly-s2-p1320.graphml
13220,6.90454,772016,poly-s2-p13220.graphml
13240,6.67044,773740,poly-s2-p13240.graphml
13260,7.29983,775236,poly-s2-p13260.graphml
13280,8.16296,776016,poly-s2-p13280.graphml
1330,0.619861,84456,poly-s2-p1330.graphml
13320,7.67839,778568,poly-s2-p13320.graphml
13340,8.05514,780628,poly-s2-p13340.graphml
13360,7.45183,781856,poly-s2-p13360.graphml
13380,8.56353,782892,poly-s2-p13380.graphml
1340,0.758349,84960,poly-s2-p1340.graphml
13420,8.02188,784068,poly-s2-p13420.graphml
13440,7.49253,785452,poly-s2-p13440.graphml
13460,7.38216,787168,poly-s2-p13460.graphml
13480,7.32524,787756,poly-s2-p13480.graphml
1350,0.551582,85344,poly-s2-p1350.graphml
13520,7.59329,789364,poly-s2-p13520.graphml
13540,7.16133,790976,poly-s2-p13540.graphml
13560,7.81351,791204,poly-s2-p13560.graphml
13580,8.11153,793948,poly-s2-p13580.graphml
1360,0.558194,86716,poly-s2-p1360.graphml
13620,6.90449,793404,poly-s2-p13620.graphml
13640,6.86869,796088,poly-s2-p13640.graphml
13660,6.86485,797420,poly-s2-p13660.graphml
13680,6.91548,800432,poly-s2-p13680.graphml
1370,0.557406,87164,poly-s2-p1370.graphml
13720,6.90766,802604,poly-s2-p13720.graphml
13740,6.89864,802152,poly-s2-p13740.graphml
13760,6.92546,803112,poly-s2-p13760.graphml
13780,6.9505,803268,poly-s2-p13780.graphml
1380,0.556179,86996,poly-s2-p1380.graphml
13820,6.93816,807484,poly-s2-p13820.graphml
13840,6.9535,807100,poly-s2-p13840.graphml
13860,6.97127,808864,poly-s2-p13860.graphml
13880,7.0401,809672,poly-s2-p13880.graphml
1390,0.57438,88044,poly-s2-p1390.graphml
13920,7.06305,811424,poly-s2-p13920.graphml
13940,7.02758,811700,poly-s2-p13940.graphml
13960,7.06675,813240,poly-s2-p13960.graphml
13980,7.04096,815652,poly-s2-p13980.graphml
14020,7.06242,819004,poly-s2-p14020.graphml
14040,7.16784,819032,poly-s2-p14040.graphml
14060,7.10753,819728,poly-s2-p14060.graphml
14080,7.14439,820196,poly-s2-p14080.graphml
140,0.051604,15544,poly-s2-p140.graphml
1410,0.582415,88716,poly-s2-p1410.graphml
14120,7.0862,824104,poly-s2-p14120.graphml
14140,7.72247,823268,poly-s2-p14140.graphml
14160,7.17902,824368,poly-s2-p14160.graphml
14180,7.16339,825988,poly-s2-p14180.graphml
1420,0.573796,89040,poly-s2-p1420.graphml
14220,7.19604,829656,poly-s2-p14220.graphml
14240,7.19779,829120,poly-s2-p14240.graphml
14260,7.22267,831168,poly-s2-p14260.graphml
14280,7.23745,832484,poly-s2-p14280.graphml
1430,0.576663,89664,poly-s2-p1430.graphml
14320,7.71193,835480,poly-s2-p14320.graphml
14340,7.96006,836072,poly-s2-p14340.graphml
14360,7.52442,837732,poly-s2-p14360.graphml
14380,7.54693,838872,poly-s2-p14380.graphml
1440,0.599257,90544,poly-s2-p1440.graphml
14420,8.24778,840904,poly-s2-p14420.graphml
14440,7.65159,841580,poly-s2-p14440.graphml
14460,8.16267,842676,poly-s2-p14460.graphml
14480,7.74795,843776,poly-s2-p14480.graphml
1450,0.64989,90872,poly-s2-p1450.graphml
14520,7.81517,847144,poly-s2-p14520.graphml
14540,8.26159,848144,poly-s2-p14540.graphml
14560,8.57759,847804,poly-s2-p14560.graphml
14580,7.42364,848160,poly-s2-p14580.graphml
1460,0.595172,91620,poly-s2-p1460.graphml
14620,7.59176,851352,poly-s2-p14620.graphml
14640,7.41818,852984,poly-s2-p14640.graphml
14660,7.44249,854188,poly-s2-p14660.graphml
14680,7.48397,855928,poly-s2-p14680.graphml
1470,0.592813,92024,poly-s2-p1470.graphml
14720,7.50379,857404,poly-s2-p14720.graphml
14740,7.49033,857572,poly-s2-p14740.graphml
14760,7.51507,859332,poly-s2-p14760.graphml
14780,7.54066,860128,poly-s2-p14780.graphml
1480,0.598133,92584,poly-s2-p1480.graphml
14820,7.53383,862432,poly-s2-p14820.graphml
14840,7.52699,864096,poly-s2-p14840.graphml
14860,7.53615,863356,poly-s2-p14860.graphml
14880,7.57333,865472,poly-s2-p14880.graphml
1490,0.60292,93092,poly-s2-p1490.graphml
14920,7.611,868608,poly-s2-p14920.graphml
14940,7.69082,870812,poly-s2-p14940.graphml
14960,7.62501,871136,poly-s2-p14960.graphml
14980,7.74601,873736,poly-s2-p14980.graphml
15020,7.67771,875096,poly-s2-p15020.graphml
15040,7.70113,875560,poly-s2-p15040.graphml
15060,9.16923,879328,poly-s2-p15060.graphml
15080,8.90414,879824,poly-s2-p15080.graphml
150,0.059765,15716,poly-s2-p150.graphml
1510,0.70286,93960,poly-s2-p1510.graphml
15120,8.85485,878916,poly-s2-p15120.graphml
15140,8.56957,878956,poly-s2-p15140.graphml
15160,8.5829,882320,poly-s2-p15160.graphml
15180,8.24795,883212,poly-s2-p15180.graphml
1520,0.699335,94332,poly-s2-p1520.graphml
15220,9.26515,886116,poly-s2-p15220.graphml
15240,8.09122,888144,poly-s2-p15240.graphml
15260,7.85591,886928,poly-s2-p15260.graphml
15280,8.12712,888208,poly-s2-p15280.graphml
1530,0.65311,95384,poly-s2-p1530.graphml
15320,8.86517,893032,poly-s2-p15320.graphml
15340,8.49132,893800,poly-s2-p15340.graphml
15360,8.34881,894196,poly-s2-p15360.graphml
15380,8.64914,896200,poly-s2-p15380.graphml
1540,0.817621,95636,poly-s2-p1540.graphml
15420,9.32033,895760,poly-s2-p15420.graphml
15440,8.09793,898172,poly-s2-p15440.graphml
15460,8.40166,899184,poly-s2-p15460.graphml
15480,7.9875,902156,poly-s2-p15480.graphml
1550,0.674885,96464,poly-s2-p1550.graphml
15520,8.147,904172,poly-s2-p15520.graphml
15540,8.18596,904732,poly-s2-p15540.graphml
15560,9.58465,906624,poly-s2-p15560.graphml
15580,9.57699,906576,poly-s2-p15580.graphml
1560,0.754012,97256,poly-s2-p1560.graphml
15620,8.60548,907848,poly-s2-p15620.graphml
15640,9.11306,910012,poly-s2-p15640.graphml
15660,9.7471,910620,poly-s2-p15660.graphml
15680,9.24822,912636,poly-s2-p15680.graphml
1570,0.73923,98240,poly-s2-p1570.graphml
15720,9.09327,914324,poly-s2-p15720.graphml
15740,9.05182,916816,poly-s2-p15740.graphml
15760,9.50564,915924,poly-s2-p15760.graphml
15780,9.17862,917256,poly-s2-p15780.graphml
1580,0.791124,97820,poly-s2-p1580.graphml
15820,8.77065,919696,poly-s2-p15820.graphml
15840,8.12615,919544,poly-s2-p15840.graphml
15860,8.11222,920896,poly-s2-p15860.graphml
15880,8.12309,921984,poly-s2-p15880.graphml
1590,0.643779,99204,poly-s2-p1590.graphml
15920,8.26,925540,poly-s2-p15920.graphml
15940,8.87796,927388,poly-s2-p15940.graphml
15960,8.52734,926768,poly-s2-p15960.graphml
15980,8.78861,928372,poly-s2-p15980.graphml
16020,8.59684,930248,poly-s2-p16020.graphml
16040,8.42884,931704,poly-s2-p16040.graphml
16060,8.51434,932912,poly-s2-p16060.graphml
16080,9.12537,935428,poly-s2-p16080.graphml
160,0.063581,16444,poly-s2-p160.graphml
1610,0.684716,100380,poly-s2-p1610.graphml
16120,8.82515,937232,poly-s2-p16120.graphml
16140,9.23032,935956,poly-s2-p16140.graphml
16160,8.56927,937868,poly-s2-p16160.graphml
16180,9.19643,940320,poly-s2-p16180.graphml
1620,0.663405,100832,poly-s2-p1620.graphml
16220,9.30889,943412,poly-s2-p16220.graphml
16240,8.41655,942884,poly-s2-p16240.graphml
16260,8.33509,945512,poly-s2-p16260.graphml
16280,9.56612,944704,poly-s2-p16280.graphml
1630,0.851571,101468,poly-s2-p1630.graphml
16320,8.9485,947948,poly-s2-p16320.graphml
16340,8.98574,948528,poly-s2-p16340.graphml
16360,9.49463,950772,poly-s2-p16360.graphml
16380,9.22274,951696,poly-s2-p16380.graphml
1640,0.753916,101888,poly-s2-p1640.graphml
16420,8.90496,955564,poly-s2-p16420.graphml
16440,8.88696,957552,poly-s2-p16440.graphml
16460,8.59,956920,poly-s2-p16460.graphml
16480,8.75214,959432,poly-s2-p16480.graphml
1650,0.690935,102808,poly-s2-p1650.graphml
16520,8.87404,960780,poly-s2-p16520.graphml
16540,9.56389,962584,poly-s2-p16540.graphml
16560,10.0152,962640,poly-s2-p16560.graphml
16580,9.39449,963940,poly-s2-p16580.graphml
1660,0.834165,103016,poly-s2-p1660.graphml
16620,8.78651,966020,poly-s2-p16620.graphml
16640,8.58038,967772,poly-s2-p16640.graphml
16660,8.59587,968156,poly-s2-p16660.graphml
16680,8.57338,969560,poly-s2-p16680.graphml
1670,0.687505,103548,poly-s2-p1670.graphml
16720,8.59475,971280,poly-s2-p16720.graphml
16740,8.61145,972220,poly-s2-p16740.graphml
16760,9.08709,974352,poly-s2-p16760.graphml
16780,8.64603,975136,poly-s2-p16780.graphml
1680,0.692825,104452,poly-s2-p1680.graphml
16820,8.62813,978316,poly-s2-p16820.graphml
16840,8.68113,978808,poly-s2-p16840.graphml
16860,8.68645,980092,poly-s2-p16860.graphml
16880,8.64283,981612,poly-s2-p16880.graphml
1690,0.699517,105152,poly-s2-p1690.graphml
16920,8.64378,983060,poly-s2-p16920.graphml
16940,8.7442,984508,poly-s2-p16940.graphml
16960,8.78436,985784,poly-s2-p16960.graphml
16980,8.74243,986040,poly-s2-p16980.graphml
17020,8.72003,988576,poly-s2-p17020.graphml
17040,8.71169,990484,poly-s2-p17040.graphml
17060,8.83776,991036,poly-s2-p17060.graphml
17080,8.78546,992024,poly-s2-p17080.graphml
170,0.061378,17348,poly-s2-p170.graphml
1710,0.706673,105472,poly-s2-p1710.graphml
17120,8.82931,996148,poly-s2-p17120.graphml
17140,8.8484,997800,poly-s2-p17140.graphml
17160,8.84888,997908,poly-s2-p17160.graphml
17180,8.86118,997960,poly-s2-p17180.graphml
1720,0.701948,106428,poly-s2-p1720.graphml
17220,8.84077,1000680,poly-s2-p17220.graphml
17240,8.81681,1002108,poly-s2-p17240.graphml
17260,8.84938,1002048,poly-s2-p17260.graphml
17280,8.87037,1004220,poly-s2-p17280.graphml
1730,0.712527,106824,poly-s2-p1730.graphml
17320,8.86762,1005232,poly-s2-p17320.graphml
17340,8.86851,1006692,poly-s2-p17340.graphml
17360,8.88045,1007384,poly-s2-p17360.graphml
17380,9.22301,1009112,poly-s2-p17380.graphml
1740,0.723115,107404,poly-s2-p1740.graphml
17420,8.94682,1011392,poly-s2-p17420.graphml
17440,8.94942,1012340,poly-s2-p17440.graphml
17460,8.92883,1014280,poly-s2-p17460.graphml
17480,8.94965,1014696,poly-s2-p17480.graphml
1750,0.711219,108048,poly-s2-p1750.graphml
17520,9.01247,1016652,poly-s2-p17520.graphml
17540,8.96743,1017640,poly-s2-p17540.graphml
17560,8.98327,1019596,poly-s2-p17560.graphml
17580,9.05123,1020700,poly-s2-p17580.graphml
1760,0.724326,108560,poly-s2-p1760.graphml
17620,9.01901,1022788,poly-s2-p17620.graphml
17640,9.01927,1024064,poly-s2-p17640.graphml
17660,9.06256,1024836,poly-s2-p17660.graphml
17680,9.08372,1026076,poly-s2-p17680.graphml
1770,0.728399,109192,poly-s2-p1770.graphml
17720,9.10584,1028444,poly-s2-p17720.graphml
17740,9.14983,1030240,poly-s2-p17740.graphml
17760,9.23386,1029900,poly-s2-p17760.graphml
17780,9.14478,1031384,poly-s2-p17780.graphml
1780,0.738913,109796,poly-s2-p1780.graphml
17820,9.14069,1033752,poly-s2-p17820.graphml
17840,9.1711,1034764,poly-s2-p17840.graphml
17860,9.18504,1035768,poly-s2-p17860.graphml
17880,9.19957,1036056,poly-s2-p17880.graphml
1790,0.745868,110892,poly-s2-p1790.graphml
17920,9.1993,1039028,poly-s2-p17920.graphml
17940,9.35913,1040204,poly-s2-p17940.graphml
17960,9.21982,1041800,poly-s2-p17960.graphml
17980,9.22432,1043796,poly-s2-p17980.graphml
18020,9.26444,1044872,poly-s2-p18020.graphml
18040,9.26932,1046076,poly-s2-p18040.graphml
18060,9.28818,1048500,poly-s2-p18060.graphml
18080,9.29172,1048040,poly-s2-p18080.graphml
180,0.067557,18036,poly-s2-p180.graphml
1810,0.757559,112044,poly-s2-p1810.graphml
18120,9.32863,1050868,poly-s2-p18120.graphml
18140,9.32444,1052444,poly-s2-p18140.graphml
18160,9.36522,1053080,poly-s2-p18160.graphml
18180,9.35534,1054104,poly-s2-p18180.graphml
1820,0.757009,111732,poly-s2-p1820.graphml
18220,9.51726,1057308,poly-s2-p18220.graphml
18240,9.38431,1057068,poly-s2-p18240.graphml
18260,9.39932,1058420,poly-s2-p18260.graphml
18280,9.38696,1059716,poly-s2-p18280.graphml
1830,0.808047,112180,poly-s2-p1830.graphml
18320,9.44225,1063068,poly-s2-p18320.graphml
18340,9.45126,1063996,poly-s2-p18340.graphml
18360,9.72817,1064800,poly-s2-p18360.graphml
18380,9.46383,1065424,poly-s2-p18380.graphml
1840,0.760964,112740,poly-s2-p1840.graphml
18420,9.59789,1068104,poly-s2-p18420.graphml
18440,9.6216,1069280,poly-s2-p18440.graphml
18460,9.73937,1070168,poly-s2-p18460.graphml
18480,9.59485,1072296,poly-s2-p18480.graphml
1850,0.774528,113272,poly-s2-p1850.graphml
18520,9.60249,1073616,poly-s2-p18520.graphml
18540,9.66686,1074208,poly-s2-p18540.graphml
18560,9.60099,1074648,poly-s2-p18560.graphml
18580,9.62101,1077048,poly-s2-p18580.graphml
1860,0.769653,114456,poly-s2-p1860.graphml
18620,9.63632,1080932,poly-s2-p18620.graphml
18640,9.66709,1079976,poly-s2-p18640.graphml
18660,9.65636,1081856,poly-s2-p18660.graphml
18680,9.67349,1082624,poly-s2-p18680.graphml
1870,0.779728,114904,poly-s2-p1870.graphml
18720,9.70832,1084536,poly-s2-p18720.graphml
18740,9.69492,1085268,poly-s2-p18740.graphml
18760,10.188,1087032,poly-s2-p18760.graphml
18780,9.69707,1087412,poly-s2-p18780.graphml
1880,0.789405,115372,poly-s2-p1880.graphml
18820,9.76734,1089924,poly-s2-p18820.graphml
18840,9.77807,1091172,poly-s2-p18840.graphml
18860,9.79294,1091516,poly-s2-p18860.graphml
18880,9.77016,1093580,poly-s2-p18880.graphml
1890,0.787371,115652,poly-s2-p1890.graphml
18920,9.79204,1094568,poly-s2-p18920.graphml
18940,9.8829,1096864,poly-s2-p18940.graphml
18960,9.82284,1097920,poly-s2-p18960.graphml
18980,9.8207,1099088,poly-s2-p18980.graphml
19020,10.6232,1100800,poly-s2-p19020.graphml
19040,9.90591,1102064,poly-s2-p19040.graphml
19060,10.4235,1102880,poly-s2-p19060.graphml
19080,9.94585,1103788,poly-s2-p19080.graphml
190,0.069941,18776,poly-s2-p190.graphml
1910,0.798806,117300,poly-s2-p1910.graphml
19120,10.0173,1106080,poly-s2-p19120.graphml
19140,9.97171,1107812,poly-s2-p19140.graphml
19160,10.4377,1109804,poly-s2-p19160.graphml
19180,10.5905,1110748,poly-s2-p19180.graphml
1920,0.797408,117508,poly-s2-p1920.graphml
19220,9.96611,1112436,poly-s2-p19220.graphml
19240,9.93971,1113672,poly-s2-p19240.graphml
19260,11.4583,1114204,poly-s2-p19260.graphml
19280,10.7589,1116064,poly-s2-p19280.graphml
1930,0.900076,118256,poly-s2-p1930.graphml
19320,10.9854,1117692,poly-s2-p19320.graphml
19340,10.3617,1118996,poly-s2-p19340.graphml
19360,10.5786,1119304,poly-s2-p19360.graphml
19380,11.0095,1120276,poly-s2-p19380.graphml
1940,0.930982,118720,poly-s2-p1940.graphml
19420,10.1655,1123124,poly-s2-p19420.graphml
19440,10.0708,1124396,poly-s2-p19440.graphml
19460,10.2132,1124848,poly-s2-p19460.graphml
19480,10.1842,1126200,poly-s2-p19480.graphml
1950,0.81249,118772,poly-s2-p1950.graphml
19520,10.1953,1129024,poly-s2-p19520.graphml
19540,10.1044,1130236,poly-s2-p19540.graphml
19560,10.1658,1131016,poly-s2-p19560.graphml
19580,10.1477,1132708,poly-s2-p19580.graphml
1960,0.82261,119840,poly-s2-p1960.graphml
19620,10.3258,1134924,poly-s2-p19620.graphml
19640,10.2253,1136268,poly-s2-p19640.graphml
19660,10.2032,1137740,poly-s2-p19660.graphml
19680,10.3597,1138564,poly-s2-p19680.graphml
1970,0.818526,120560,poly-s2-p1970.graphml
19720,10.2034,1141696,poly-s2-p19720.graphml
19740,10.3035,1141692,poly-s2-p19740.graphml
19760,10.1837,1143560,poly-s2-p19760.graphml
19780,10.3251,1145320,poly-s2-p19780.graphml
1980,0.845643,120784,poly-s2-p1980.graphml
19820,10.282,1146880,poly-s2-p19820.graphml
19840,10.255,1147444,poly-s2-p19840.graphml
19860,10.3001,1148392,poly-s2-p19860.graphml
19880,10.9387,1149220,poly-s2-p19880.graphml
1990,0.857576,121408,poly-s2-p1990.graphml
19920,10.4121,1151576,poly-s2-p19920.graphml
19940,10.4156,1153208,poly-s2-p19940.graphml
19960,10.3656,1154872,poly-s2-p19960.graphml
19980,10.3552,1155824,poly-s2-p19980.graphml
20020,10.4408,1158372,poly-s2-p20020.graphml
20040,10.3632,1158824,poly-s2-p20040.graphml
20060,10.4381,1160996,poly-s2-p20060.graphml
20080,10.5509,1162080,poly-s2-p20080.graphml
2010,0.835677,123220,poly-s2-p2010.graphml
20120,10.4673,1164024,poly-s2-p20120.graphml
20140,10.4576,1165152,poly-s2-p20140.graphml
20160,10.4935,1165408,poly-s2-p20160.graphml
20180,10.5,1167132,poly-s2-p20180.graphml
2020,0.858369,124044,poly-s2-p2020.graphml
20220,10.577,1169656,poly-s2-p20220.graphml
20240,10.6991,1170556,poly-s2-p20240.graphml
20260,10.5771,1171424,poly-s2-p20260.graphml
20280,10.6061,1172312,poly-s2-p20280.graphml
2030,0.841238,124100,poly-s2-p2030.graphml
20320,10.5848,1175028,poly-s2-p20320.graphml
20340,10.656,1176632,poly-s2-p20340.graphml
20360,10.6971,1177556,poly-s2-p20360.graphml
20380,10.5668,1178872,poly-s2-p20380.graphml
2040,0.862001,124524,poly-s2-p2040.graphml
20420,10.7116,1181052,poly-s2-p20420.graphml
20440,10.6686,1181908,poly-s2-p20440.graphml
20460,10.6847,1183036,poly-s2-p20460.graphml
20480,10.7681,1185092,poly-s2-p20480.graphml
2050,0.881226,125912,poly-s2-p2050.graphml
20520,10.7489,1187564,poly-s2-p20520.graphml
20540,10.8207,1187960,poly-s2-p20540.graphml
20560,10.6952,1188932,poly-s2-p20560.graphml
20580,10.7518,1190124,poly-s2-p20580.graphml
2060,0.88012,126532,poly-s2-p2060.graphml
20620,10.7768,1191988,poly-s2-p20620.graphml
20640,10.8325,1194356,poly-s2-p20640.graphml
20660,10.9295,1194208,poly-s2-p20660.graphml
20680,10.8604,1195952,poly-s2-p20680.graphml
2070,0.879379,127212,poly-s2-p2070.graphml
20720,10.7682,1197632,poly-s2-p20720.graphml
20740,10.7937,1199708,poly-s2-p20740.graphml
20760,10.8672,1201344,poly-s2-p20760.graphml
20780,10.8838,1202636,poly-s2-p20780.graphml
2080,0.891872,127860,poly-s2-p2080.graphml
20820,12.6092,1203856,poly-s2-p20820.graphml
20840,11.8657,1205292,poly-s2-p20840.graphml
20860,11.2308,1206864,poly-s2-p20860.graphml
20880,12.2122,1208260,poly-s2-p20880.graphml
2090,1.11499,128240,poly-s2-p2090.graphml
20920,11.5449,1210272,poly-s2-p20920.graphml
20940,10.9737,1211224,poly-s2-p20940.graphml
20960,11.4272,1212484,poly-s2-p20960.graphml
20980,11.5918,1214164,poly-s2-p20980.graphml
20,0.00537,8836,poly-s2-p20.graphml
21020,12.205,1215184,poly-s2-p21020.graphml
21040,11.2791,1216632,poly-s2-p21040.graphml
21060,12.3798,1217772,poly-s2-p21060.graphml
21080,11.8898,1219032,poly-s2-p21080.graphml
210,0.076198,19636,poly-s2-p210.graphml
2110,0.889559,129244,poly-s2-p2110.graphml
21120,10.9908,1220232,poly-s2-p21120.graphml
21140,11.0169,1222080,poly-s2-p21140.graphml
21160,11.0571,1222728,poly-s2-p21160.graphml
21180,11.2387,1223560,poly-s2-p21180.graphml
2120,0.912925,129776,poly-s2-p2120.graphml
21220,11.1535,1226420,poly-s2-p21220.graphml
21240,11.1514,1227484,poly-s2-p21240.graphml
21260,11.061,1228796,poly-s2-p21260.graphml
21280,11.0757,1229856,poly-s2-p21280.graphml
2130,0.90905,130408,poly-s2-p2130.graphml
21320,11.1821,1231200,poly-s2-p21320.graphml
21340,11.3469,1232272,poly-s2-p21340.graphml
21360,11.1726,1233804,poly-s2-p21360.graphml
21380,11.3375,1235128,poly-s2-p21380.graphml
2140,0.935805,130544,poly-s2-p2140.graphml
21420,11.2775,1235844,poly-s2-p21420.graphml
21440,11.2178,1238344,poly-s2-p21440.graphml
21460,11.2165,1238688,poly-s2-p21460.graphml
21480,11.2912,1239160,poly-s2-p21480.graphml
2150,0.908327,131712,poly-s2-p2150.graphml
21520,11.3484,1242184,poly-s2-p21520.graphml
21540,11.784,1243248,poly-s2-p21540.graphml
21560,11.4526,1243860,poly-s2-p21560.graphml
21580,11.2507,1244912,poly-s2-p21580.graphml
2160,0.911379,131912,poly-s2-p2160.graphml
21620,11.3339,1247244,poly-s2-p21620.graphml
21640,11.4312,1248300,poly-s2-p21640.graphml
21660,11.3113,1250148,poly-s2-p21660.graphml
21680,11.3952,1249876,poly-s2-p21680.graphml
2170,0.938918,132044,poly-s2-p2170.graphml
21720,11.3123,1252712,poly-s2-p21720.graphml
21740,11.3853,1253488,poly-s2-p21740.graphml
21760,11.471,1254512,poly-s2-p21760.graphml
21780,11.4708,1255652,poly-s2-p21780.graphml
2180,0.915772,132564,poly-s2-p2180.graphml
21820,11.4109,1258116,poly-s2-p21820.graphml
21840,11.4119,1259148,poly-s2-p21840.graphml
21860,11.9493,1259648,poly-s2-p21860.graphml
21880,11.4421,1261240,poly-s2-p21880.graphml
2190,0.930402,133428,poly-s2-p2190.graphml
21920,11.3871,1263536,poly-s2-p21920.graphml
21940,11.4467,1264480,poly-s2-p21940.graphml
21960,11.7792,1266100,poly-s2-p21960.graphml
21980,11.4956,1267388,poly-s2-p21980.graphml
22020,11.4995,1269720,poly-s2-p22020.graphml
22040,11.5196,1271188,poly-s2-p22040.graphml
22060,11.5855,1271012,poly-s2-p22060.graphml
22080,11.714,1273884,poly-s2-p22080.graphml
220,0.081737,20428,poly-s2-p220.graphml
2210,0.928689,134364,poly-s2-p2210.graphml
22120,11.5876,1275076,poly-s2-p22120.graphml
22140,11.6817,1276900,poly-s2-p22140.graphml
22160,11.6651,1278148,poly-s2-p22160.graphml
22180,11.5882,1278560,poly-s2-p22180.graphml
2220,0.941579,135324,poly-s2-p2220.graphml
22220,11.6444,1281200,poly-s2-p22220.graphml
22240,11.6818,1283328,poly-s2-p22240.graphml
22260,11.6591,1283912,poly-s2-p22260.graphml
22280,11.6764,1285256,poly-s2-p22280.graphml
2230,0.957413,135364,poly-s2-p2230.graphml
22320,11.9564,1288024,poly-s2-p22320.graphml
22340,11.745,1288928,poly-s2-p22340.graphml
22360,11.7036,1290304,poly-s2-p22360.graphml
22380,11.7991,1291452,poly-s2-p22380.graphml
2240,0.963064,136352,poly-s2-p2240.graphml
22420,11.8405,1293520,poly-s2-p22420.graphml
22440,12.3439,1294632,poly-s2-p22440.graphml
22460,11.8235,1296292,poly-s2-p22460.graphml
22480,12.7716,1297024,poly-s2-p22480.graphml
2250,1.06548,136780,poly-s2-p2250.graphml
22520,12.6868,1299680,poly-s2-p22520.graphml
22540,11.9508,1301192,poly-s2-p22540.graphml
22560,11.8128,1302068,poly-s2-p22560.graphml
22580,13.4276,1303168,poly-s2-p22580.graphml
2260,0.974237,137220,poly-s2-p2260.graphml
22620,11.9859,1306588,poly-s2-p22620.graphml
22640,11.9409,1307024,poly-s2-p22640.graphml
22660,12.036,1308908,poly-s2-p22660.graphml
22680,11.9283,1310000,poly-s2-p22680.graphml
2270,0.954739,138188,poly-s2-p2270.graphml
22720,11.9625,1312024,poly-s2-p22720.graphml
22740,11.9341,1313132,poly-s2-p22740.graphml
22760,11.9512,1314240,poly-s2-p22760.graphml
22780,11.9294,1315164,poly-s2-p22780.graphml
2280,0.971096,138340,poly-s2-p2280.graphml
22820,12.0425,1317488,poly-s2-p22820.graphml
22840,12.0122,1318628,poly-s2-p22840.graphml
22860,11.9776,1319768,poly-s2-p22860.graphml
22880,12.1101,1320796,poly-s2-p22880.graphml
2290,0.984345,138812,poly-s2-p2290.graphml
22920,13.2035,1323932,poly-s2-p22920.graphml
22940,12.8982,1324888,poly-s2-p22940.graphml
22960,12.7312,1326308,poly-s2-p22960.graphml
22980,12.085,1327296,poly-s2-p22980.graphml
23020,13.0326,1329848,poly-s2-p23020.graphml
23040,12.4288,1331104,poly-s2-p23040.graphml
23060,13.2636,1332012,poly-s2-p23060.graphml
23080,12.556,1333280,poly-s2-p23080.graphml
230,0.08299,20636,poly-s2-p230.graphml
2310,1.12761,140232,poly-s2-p2310.graphml
23120,12.3729,1335452,poly-s2-p23120.graphml
23140,12.9255,1336420,poly-s2-p23140.graphml
23160,12.8327,1337004,poly-s2-p23160.graphml
23180,12.2621,1338436,poly-s2-p23180.graphml
2320,1.00033,140860,poly-s2-p2320.graphml
23220,12.2874,1340828,poly-s2-p23220.graphml
23240,12.448,1342624,poly-s2-p23240.graphml
23260,13.6254,1343256,poly-s2-p23260.graphml
23280,13.4167,1344380,poly-s2-p23280.graphml
2330,1.29563,141492,poly-s2-p2330.graphml
23320,12.9344,1346636,poly-s2-p23320.graphml
23340,14.3562,1347768,poly-s2-p23340.graphml
23360,14.3234,1348708,poly-s2-p23360.graphml
23380,13.8882,1350328,poly-s2-p23380.graphml
2340,1.04833,142060,poly-s2-p2340.graphml
23420,13.7669,1352176,poly-s2-p23420.graphml
23440,12.7688,1353420,poly-s2-p23440.graphml
23460,12.9276,1354844,poly-s2-p23460.graphml
23480,13.6236,1355236,poly-s2-p23480.graphml
2350,1.35685,142800,poly-s2-p2350.graphml
23520,13.2766,1357676,poly-s2-p23520.graphml
23540,13.4153,1358628,poly-s2-p23540.graphml
23560,13.0531,1359660,poly-s2-p23560.graphml
23580,14.0312,1361108,poly-s2-p23580.graphml
2360,1.04687,143284,poly-s2-p2360.graphml
23620,14.5183,1363460,poly-s2-p23620.graphml
23640,14.214,1364340,poly-s2-p23640.graphml
23660,12.4475,1365596,poly-s2-p23660.graphml
23680,12.3771,1366724,poly-s2-p23680.graphml
2370,1.01817,143816,poly-s2-p2370.graphml
23720,13.0559,1369512,poly-s2-p23720.graphml
23740,12.4961,1370228,poly-s2-p23740.graphml
23760,12.5759,1371728,poly-s2-p23760.graphml
23780,12.5473,1372768,poly-s2-p23780.graphml
2380,1.01864,144004,poly-s2-p2380.graphml
23820,12.4771,1375324,poly-s2-p23820.graphml
23840,13.2945,1378156,poly-s2-p23840.graphml
23860,12.6889,1379504,poly-s2-p23860.graphml
23880,12.6036,1380620,poly-s2-p23880.graphml
2390,1.02133,144668,poly-s2-p2390.graphml
23920,12.628,1383424,poly-s2-p23920.graphml
23940,12.8112,1384880,poly-s2-p23940.graphml
23960,12.7334,1386408,poly-s2-p23960.graphml
23980,12.7422,1385932,poly-s2-p23980.graphml
24020,12.691,1389264,poly-s2-p24020.graphml
24040,12.7315,1390052,poly-s2-p24040.graphml
24060,13.6053,1390776,poly-s2-p24060.graphml
24080,12.786,1393520,poly-s2-p24080.graphml
240,0.088463,21644,poly-s2-p240.graphml
2410,1.0366,145864,poly-s2-p2410.graphml
24120,12.9147,1393804,poly-s2-p24120.graphml
24140,14.5989,1396112,poly-s2-p24140.graphml
24160,12.7239,1396840,poly-s2-p24160.graphml
24180,13.3627,1398032,poly-s2-p24180.graphml
2420,1.04,146560,poly-s2-p2420.graphml
24220,14.1128,1400944,poly-s2-p24220.graphml
24240,14.8082,1401912,poly-s2-p24240.graphml
24260,13.1288,1403088,poly-s2-p24260.graphml
24280,13.5721,1404224,poly-s2-p24280.graphml
2430,1.04554,147096,poly-s2-p2430.graphml
24320,12.8962,1407704,poly-s2-p24320.graphml
24340,12.8839,1407728,poly-s2-p24340.graphml
24360,12.9131,1409332,poly-s2-p24360.graphml
24380,15.857,1409284,poly-s2-p24380.graphml
2440,1.08096,147780,poly-s2-p2440.graphml
24420,13.4481,1413276,poly-s2-p24420.graphml
24440,13.7356,1415940,poly-s2-p24440.graphml
24460,13.636,1414496,poly-s2-p24460.graphml
24480,15.2363,1414968,poly-s2-p24480.graphml
2450,1.29218,148356,poly-s2-p2450.graphml
24520,16.3422,1417816,poly-s2-p24520.graphml
24540,14.4248,1420092,poly-s2-p24540.graphml
24560,14.5448,1421860,poly-s2-p24560.graphml
24580,14.4059,1420960,poly-s2-p24580.graphml
2460,1.12319,148924,poly-s2-p2460.graphml
24620,15.0963,1423648,poly-s2-p24620.graphml
24640,13.6168,1424824,poly-s2-p24640.graphml
24660,13.8666,1425852,poly-s2-p24660.graphml
24680,14.0008,1426628,poly-s2-p24680.graphml
2470,1.37685,149564,poly-s2-p2470.graphml
24720,14.4473,1429664,poly-s2-p24720.graphml
24740,14.2806,1430652,poly-s2-p24740.graphml
24760,14.8563,1431624,poly-s2-p24760.graphml
24780,14.4018,1434516,poly-s2-p24780.graphml
2480,1.1403,150140,poly-s2-p2480.graphml
24820,15.0216,1437048,poly-s2-p24820.graphml
24840,14.7004,1435800,poly-s2-p24840.graphml
24860,15.4696,1436936,poly-s2-p24860.graphml
24880,14.1804,1437620,poly-s2-p24880.graphml
2490,1.07231,150624,poly-s2-p2490.graphml
24920,13.4801,1440460,poly-s2-p24920.graphml
24940,13.3642,1441212,poly-s2-p24940.graphml
24960,13.2794,1442164,poly-s2-p24960.graphml
24980,13.2698,1443948,poly-s2-p24980.graphml
25020,13.3799,1446272,poly-s2-p25020.graphml
25040,14.0417,1447084,poly-s2-p25040.graphml
25060,15.4704,1448056,poly-s2-p25060.graphml
25080,13.8887,1449520,poly-s2-p25080.graphml
250,0.092631,22288,poly-s2-p250.graphml
2510,1.08481,151832,poly-s2-p2510.graphml
25120,13.4042,1452044,poly-s2-p25120.graphml
25140,15.4414,1453408,poly-s2-p25140.graphml
25160,14.6572,1453924,poly-s2-p25160.graphml
25180,14.6384,1455060,poly-s2-p25180.graphml
2520,1.48032,152264,poly-s2-p2520.graphml
25220,13.5938,1456760,poly-s2-p25220.graphml
25240,14.7121,1458464,poly-s2-p25240.graphml
25260,14.6335,1459348,poly-s2-p25260.graphml
25280,14.5216,1460624,poly-s2-p25280.graphml
2530,1.23976,152984,poly-s2-p2530.graphml
25320,13.8615,1462984,poly-s2-p25320.graphml
25340,13.579,1463968,poly-s2-p25340.graphml
25360,13.568,1464920,poly-s2-p25360.graphml
25380,14.4033,1465612,poly-s2-p25380.graphml
2540,1.11056,153912,poly-s2-p2540.graphml
25420,14.2861,1468176,poly-s2-p25420.graphml
25440,14.0943,1468824,poly-s2-p25440.graphml
25460,13.6943,1473612,poly-s2-p25460.graphml
25480,13.5599,1471672,poly-s2-p25480.graphml
2550,1.10445,154456,poly-s2-p2550.graphml
25520,14.6157,1474820,poly-s2-p25520.graphml
25540,14.37,1476260,poly-s2-p25540.graphml
25560,14.0445,1477652,poly-s2-p25560.graphml
25580,15.1224,1479620,poly-s2-p25580.graphml
2560,1.12237,155168,poly-s2-p2560.graphml
25620,13.8932,1479576,poly-s2-p25620.graphml
25640,14.6452,1483308,poly-s2-p25640.graphml
25660,14.83,1485528,poly-s2-p25660.graphml
25680,14.1353,1484664,poly-s2-p25680.graphml
2570,1.35287,156008,poly-s2-p2570.graphml
25720,14.8867,1489056,poly-s2-p25720.graphml
25740,14.727,1487140,poly-s2-p25740.graphml
25760,14.5454,1489956,poly-s2-p25760.graphml
25780,14.8854,1491008,poly-s2-p25780.graphml
2580,1.15101,156320,poly-s2-p2580.graphml
25820,14.6695,1493004,poly-s2-p25820.graphml
25840,14.1655,1494988,poly-s2-p25840.graphml
25860,14.307,1496484,poly-s2-p25860.graphml
25880,13.8501,1496840,poly-s2-p25880.graphml
2590,1.28281,157256,poly-s2-p2590.graphml
25920,16.0711,1501000,poly-s2-p25920.graphml
25940,14.3314,1500212,poly-s2-p25940.graphml
25960,15.0052,1501732,poly-s2-p25960.graphml
25980,15.1551,1503836,poly-s2-p25980.graphml
26020,15.1305,1505124,poly-s2-p26020.graphml
26040,14.3228,1505148,poly-s2-p26040.graphml
26060,14.908,1506888,poly-s2-p26060.graphml
26080,15.2467,1507236,poly-s2-p26080.graphml
260,0.092878,22344,poly-s2-p260.graphml
2610,1.15717,158360,poly-s2-p2610.graphml
26120,14.8118,1508624,poly-s2-p26120.graphml
26140,15.477,1511444,poly-s2-p26140.graphml
26160,14.0123,1511764,poly-s2-p26160.graphml
26180,15.9028,1512712,poly-s2-p26180.graphml
2620,1.50829,158912,poly-s2-p2620.graphml
26220,15.8865,1516512,poly-s2-p26220.graphml
26240,14.8621,1518792,poly-s2-p26240.graphml
26260,16.3328,1518484,poly-s2-p26260.graphml
26280,15.9864,1518740,poly-s2-p26280.graphml
2630,1.15537,159252,poly-s2-p2630.graphml
26320,15.6046,1521560,poly-s2-p26320.graphml
26340,15.6277,1523708,poly-s2-p26340.graphml
26360,15.4956,1524828,poly-s2-p26360.graphml
26380,15.8872,1524756,poly-s2-p26380.graphml
2640,1.42853,160144,poly-s2-p2640.graphml
26420,14.4184,1528184,poly-s2-p26420.graphml
26440,14.3038,1528460,poly-s2-p26440.graphml
26460,15.0902,1528772,poly-s2-p26460.graphml
26480,14.8653,1529952,poly-s2-p26480.graphml
2650,1.31229,160776,poly-s2-p2650.graphml
26520,15.6804,1532368,poly-s2-p26520.graphml
26540,16.0367,1534432,poly-s2-p26540.graphml
26560,15.2527,1536596,poly-s2-p26560.graphml
26580,14.7634,1536804,poly-s2-p26580.graphml
2660,1.16014,161236,poly-s2-p2660.graphml
26620,14.8373,1539076,poly-s2-p26620.graphml
26640,14.2011,1538920,poly-s2-p26640.graphml
26660,14.2885,1540772,poly-s2-p26660.graphml
26680,14.2904,1543428,poly-s2-p26680.graphml
2670,1.16527,161396,poly-s2-p2670.graphml
26720,14.2725,1545612,poly-s2-p26720.graphml
26740,14.3849,1545404,poly-s2-p26740.graphml
26760,14.3199,1546268,poly-s2-p26760.graphml
26780,14.3268,1547220,poly-s2-p26780.graphml
2680,1.16368,162188,poly-s2-p2680.graphml
26820,14.3689,1548928,poly-s2-p26820.graphml
26840,14.3484,1553512,poly-s2-p26840.graphml
26860,14.5269,1553032,poly-s2-p26860.graphml
26880,14.4284,1552960,poly-s2-p26880.graphml
2690,1.19955,162284,poly-s2-p2690.graphml
26920,14.4416,1554640,poly-s2-p26920.graphml
26940,16.4757,1557628,poly-s2-p26940.graphml
26960,16.2604,1558580,poly-s2-p26960.graphml
26980,16.0714,1558324,poly-s2-p26980.graphml
27020,15.6928,1560544,poly-s2-p27020.graphml
27040,15.0074,1562776,poly-s2-p27040.graphml
27060,16.5433,1563556,poly-s2-p27060.graphml
27080,16.6207,1566176,poly-s2-p27080.graphml
270,0.096167,22804,poly-s2-p270.graphml
2710,1.2145,163796,poly-s2-p2710.graphml
27120,16.6517,1566568,poly-s2-p27120.graphml
27140,14.8801,1567428,poly-s2-p27140.graphml
27160,14.8842,1568936,poly-s2-p27160.graphml
27180,14.9518,1568608,poly-s2-p27180.graphml
2720,1.17645,164164,poly-s2-p2720.graphml
27220,14.5945,1570892,poly-s2-p27220.graphml
27240,14.7146,1573600,poly-s2-p27240.graphml
27260,15.2988,1574028,poly-s2-p27260.graphml
27280,15.4458,1574308,poly-s2-p27280.graphml
2730,1.45598,164476,poly-s2-p2730.graphml
27320,16.1012,1577460,poly-s2-p27320.graphml
27340,15.7997,1578820,poly-s2-p27340.graphml
27360,15.9596,1579024,poly-s2-p27360.graphml
27380,16.082,1579764,poly-s2-p27380.graphml
2740,1.20535,165532,poly-s2-p2740.graphml
27420,15.2165,1584072,poly-s2-p27420.graphml
27440,14.6962,1583792,poly-s2-p27440.graphml
27460,14.7958,1585000,poly-s2-p27460.graphml
27480,14.7795,1585828,poly-s2-p27480.graphml
2750,1.19981,165948,poly-s2-p2750.graphml
27520,14.7229,1588632,poly-s2-p27520.graphml
27540,14.8119,1590212,poly-s2-p27540.graphml
27560,15.0078,1590572,poly-s2-p27560.graphml
27580,14.9329,1591716,poly-s2-p27580.graphml
2760,1.21385,166812,poly-s2-p2760.graphml
27620,14.9005,1594588,poly-s2-p27620.graphml
27640,15.0525,1595428,poly-s2-p27640.graphml
27660,15.2601,1595992,poly-s2-p27660.graphml
27680,14.9216,1597188,poly-s2-p27680.graphml
2770,1.22072,166988,poly-s2-p2770.graphml
27720,14.8321,1598852,poly-s2-p27720.graphml
27740,14.8917,1600640,poly-s2-p27740.graphml
27760,14.9214,1603092,poly-s2-p27760.graphml
27780,15.0716,1603540,poly-s2-p27780.graphml
2780,1.39775,167828,poly-s2-p2780.graphml
27820,16.7461,1606056,poly-s2-p27820.graphml
27840,17.1106,1605820,poly-s2-p27840.graphml
27860,16.8472,1606820,poly-s2-p27860.graphml
27880,15.7429,1608192,poly-s2-p27880.graphml
2790,1.22054,168012,poly-s2-p2790.graphml
27920,15.0945,1610332,poly-s2-p27920.graphml
27940,16.6717,1611028,poly-s2-p27940.graphml
27960,15.7635,1612308,poly-s2-p27960.graphml
27980,16.6143,1613480,poly-s2-p27980.graphml
28020,16.6024,1615816,poly-s2-p28020.graphml
28040,17.2846,1617216,poly-s2-p28040.graphml
28060,16.838,1617936,poly-s2-p28060.graphml
28080,15.2116,1619308,poly-s2-p28080.graphml
280,0.099958,23444,poly-s2-p280.graphml
2810,1.23822,169552,poly-s2-p2810.graphml
28120,15.4185,1621544,poly-s2-p28120.graphml
28140,16.9764,1622676,poly-s2-p28140.graphml
28160,17.2245,1623872,poly-s2-p28160.graphml
28180,15.1865,1625084,poly-s2-p28180.graphml
2820,1.24464,169920,poly-s2-p2820.graphml
28220,15.2807,1626972,poly-s2-p28220.graphml
28240,15.905,1628504,poly-s2-p28240.graphml
28260,16.8109,1629404,poly-s2-p28260.graphml
28280,16.1548,1630576,poly-s2-p28280.graphml
2830,1.32259,170592,poly-s2-p2830.graphml
28320,16.6961,1633136,poly-s2-p28320.graphml
28340,17.2788,1633916,poly-s2-p28340.graphml
28360,16.5693,1635464,poly-s2-p28360.graphml
28380,16.5524,1636896,poly-s2-p28380.graphml
2840,1.27875,170900,poly-s2-p2840.graphml
28420,16.7591,1639232,poly-s2-p28420.graphml
28440,16.6652,1640800,poly-s2-p28440.graphml
28460,16.5626,1641636,poly-s2-p28460.graphml
28480,15.6431,1642148,poly-s2-p28480.graphml
2850,1.28788,171432,poly-s2-p2850.graphml
28520,15.7974,1644872,poly-s2-p28520.graphml
28540,16.9578,1646388,poly-s2-p28540.graphml
28560,16.7341,1647540,poly-s2-p28560.graphml
28580,16.6557,1649568,poly-s2-p28580.graphml
2860,1.2622,172304,poly-s2-p2860.graphml
28620,15.5968,1650708,poly-s2-p28620.graphml
28640,15.7171,1654304,poly-s2-p28640.graphml
28660,16.5529,1654380,poly-s2-p28660.graphml
28680,15.967,1654688,poly-s2-p28680.graphml
2870,1.28655,172808,poly-s2-p2870.graphml
28720,15.4901,1659712,poly-s2-p28720.graphml
28740,15.4265,1659644,poly-s2-p28740.graphml
28760,15.5113,1662524,poly-s2-p28760.graphml
28780,15.4678,1660616,poly-s2-p28780.graphml
2880,1.29108,173328,poly-s2-p2880.graphml
28820,16.3921,1664928,poly-s2-p28820.graphml
28840,16.2039,1665544,poly-s2-p28840.graphml
28860,16.2709,1668112,poly-s2-p28860.graphml
28880,15.8003,1669160,poly-s2-p28880.graphml
2890,1.33648,173636,poly-s2-p2890.graphml
28920,16.4411,1671432,poly-s2-p28920.graphml
28940,15.9278,1670696,poly-s2-p28940.graphml
28960,16.0804,1671832,poly-s2-p28960.graphml
28980,16.0666,1673316,poly-s2-p28980.graphml
29020,15.9879,1676876,poly-s2-p29020.graphml
29040,16.5544,1676564,poly-s2-p29040.graphml
29060,16.5145,1677948,poly-s2-p29060.graphml
29080,16.4714,1678540,poly-s2-p29080.graphml
290,0.105383,24160,poly-s2-p290.graphml
2910,1.34823,174788,poly-s2-p2910.graphml
29120,16.5053,1681072,poly-s2-p29120.graphml
29140,16.6395,1682156,poly-s2-p29140.graphml
29160,15.6604,1682760,poly-s2-p29160.graphml
29180,15.6079,1686204,poly-s2-p29180.graphml
2920,1.27701,175732,poly-s2-p2920.graphml
29220,15.6721,1686956,poly-s2-p29220.graphml
29240,15.6141,1687904,poly-s2-p29240.graphml
29260,15.6689,1689456,poly-s2-p29260.graphml
29280,15.6704,1691928,poly-s2-p29280.graphml
2930,1.28201,176248,poly-s2-p2930.graphml
29320,15.7155,1692376,poly-s2-p29320.graphml
29340,15.758,1694304,poly-s2-p29340.graphml
29360,15.7531,1695160,poly-s2-p29360.graphml
29380,15.8839,1696408,poly-s2-p29380.graphml
2940,1.29069,177316,poly-s2-p2940.graphml
29420,15.7599,1699404,poly-s2-p29420.graphml
29440,15.7743,1701684,poly-s2-p29440.graphml
29460,16.8013,1702220,poly-s2-p29460.graphml
29480,15.8536,1702768,poly-s2-p29480.graphml
2950,1.29029,177276,poly-s2-p2950.graphml
29520,15.846,1705240,poly-s2-p29520.graphml
29540,15.8754,1706588,poly-s2-p29540.graphml
29560,15.8494,1710568,poly-s2-p29560.graphml
29580,15.9126,1710460,poly-s2-p29580.graphml
2960,1.3076,177936,poly-s2-p2960.graphml
29620,15.9351,1712560,poly-s2-p29620.graphml
29640,15.9522,1713404,poly-s2-p29640.graphml
29660,15.9163,1715276,poly-s2-p29660.graphml
29680,15.9805,1714172,poly-s2-p29680.graphml
2970,1.29901,178076,poly-s2-p2970.graphml
29720,16.2233,1718096,poly-s2-p29720.graphml
29740,15.9591,1716924,poly-s2-p29740.graphml
29760,16.0835,1718060,poly-s2-p29760.graphml
29780,16.0067,1722588,poly-s2-p29780.graphml
2980,1.30856,179580,poly-s2-p2980.graphml
29820,16.0025,1722600,poly-s2-p29820.graphml
29840,16.0137,1723524,poly-s2-p29840.graphml
29860,16.1761,1724708,poly-s2-p29860.graphml
29880,16.2043,1725820,poly-s2-p29880.graphml
2990,1.33128,180016,poly-s2-p2990.graphml
29920,16.2222,1729032,poly-s2-p29920.graphml
29940,16.1007,1728880,poly-s2-p29940.graphml
29960,16.1642,1730168,poly-s2-p29960.graphml
29980,16.1598,1732980,poly-s2-p29980.graphml
30020,16.191,1734560,poly-s2-p30020.graphml
30040,16.2394,1733404,poly-s2-p30040.graphml
30060,16.2348,1736168,poly-s2-p30060.graphml
30080,16.2388,1737028,poly-s2-p30080.graphml
3010,1.3243,180664,poly-s2-p3010.graphml
30120,16.2829,1737748,poly-s2-p30120.graphml
30140,16.3368,1740956,poly-s2-p30140.graphml
30160,16.2592,1741536,poly-s2-p30160.graphml
30180,16.3396,1742444,poly-s2-p30180.graphml
3020,1.3333,181780,poly-s2-p3020.graphml
30220,16.3498,1744320,poly-s2-p30220.graphml
30240,16.8826,1745196,poly-s2-p30240.graphml
30260,16.4579,1746328,poly-s2-p30260.graphml
30280,16.573,1749376,poly-s2-p30280.graphml
3030,1.35317,181860,poly-s2-p3030.graphml
30320,16.5458,1752848,poly-s2-p30320.graphml
30340,16.5125,1753044,poly-s2-p30340.graphml
30360,16.4832,1754304,poly-s2-p30360.graphml
30380,16.5189,1757196,poly-s2-p30380.graphml
3040,1.34556,182572,poly-s2-p3040.graphml
30420,16.5191,1757432,poly-s2-p30420.graphml
30440,16.609,1759068,poly-s2-p30440.graphml
30460,16.5165,1760096,poly-s2-p30460.graphml
30480,16.5765,1760088,poly-s2-p30480.graphml
3050,1.35202,182596,poly-s2-p3050.graphml
30520,16.6887,1762568,poly-s2-p30520.graphml
30540,16.6162,1763840,poly-s2-p30540.graphml
30560,16.5973,1765060,poly-s2-p30560.graphml
30580,16.5778,1765884,poly-s2-p30580.graphml
3060,1.36016,183612,poly-s2-p3060.graphml
30620,16.7596,1769432,poly-s2-p30620.graphml
30640,16.6958,1769524,poly-s2-p30640.graphml
30660,16.7197,1769764,poly-s2-p30660.graphml
30680,16.7404,1770228,poly-s2-p30680.graphml
3070,1.35785,183752,poly-s2-p3070.graphml
30720,16.7008,1772184,poly-s2-p30720.graphml
30740,16.7379,1775332,poly-s2-p30740.graphml
30760,16.7596,1777064,poly-s2-p30760.graphml
30780,16.829,1776744,poly-s2-p30780.graphml
3080,1.36301,184144,poly-s2-p3080.graphml
30820,16.9365,1779900,poly-s2-p30820.graphml
30840,17.2028,1779928,poly-s2-p30840.graphml
30860,19.0876,1781904,poly-s2-p30860.graphml
30880,17.9641,1784072,poly-s2-p30880.graphml
3090,1.62887,184836,poly-s2-p3090.graphml
30920,17.156,1784128,poly-s2-p30920.graphml
30940,18.6525,1786356,poly-s2-p30940.graphml
30960,18.0287,1787392,poly-s2-p30960.graphml
30980,17.4126,1789276,poly-s2-p30980.graphml
30,0.008943,9284,poly-s2-p30.graphml
31020,17.6006,1790724,poly-s2-p31020.graphml
31040,17.9656,1792832,poly-s2-p31040.graphml
31060,18.3156,1794884,poly-s2-p31060.graphml
31080,17.6418,1794872,poly-s2-p31080.graphml
310,0.113231,25236,poly-s2-p310.graphml
3110,1.40033,186088,poly-s2-p3110.graphml
31120,17.7557,1798300,poly-s2-p31120.graphml
31140,17.1744,1799116,poly-s2-p31140.graphml
31160,17.972,1799988,poly-s2-p31160.graphml
31180,17.5627,1800704,poly-s2-p31180.graphml
3120,1.65684,186352,poly-s2-p3120.graphml
31220,18.7485,1802036,poly-s2-p31220.graphml
31240,18.9023,1802384,poly-s2-p31240.graphml
31260,18.0262,1806284,poly-s2-p31260.graphml
31280,18.0103,1808896,poly-s2-p31280.graphml
3130,1.40404,187176,poly-s2-p3130.graphml
31320,18.7637,1810212,poly-s2-p31320.graphml
31340,17.4617,1810092,poly-s2-p31340.graphml
31360,17.3344,1811156,poly-s2-p31360.graphml
31380,17.5192,1811680,poly-s2-p31380.graphml
3140,1.38956,187976,poly-s2-p3140.graphml
31420,18.8263,1814384,poly-s2-p31420.graphml
31440,18.1568,1816480,poly-s2-p31440.graphml
31460,17.7972,1816920,poly-s2-p31460.graphml
31480,19.5009,1817768,poly-s2-p31480.graphml
3150,1.52393,188684,poly-s2-p3150.graphml
31520,17.7812,1821052,poly-s2-p31520.graphml
31540,17.7624,1822288,poly-s2-p31540.graphml
31560,17.6067,1822652,poly-s2-p31560.graphml
31580,17.1474,1826528,poly-s2-p31580.graphml
3160,1.40355,189112,poly-s2-p3160.graphml
31620,17.515,1826520,poly-s2-p31620.graphml
31640,17.1087,1825888,poly-s2-p31640.graphml
31660,17.9447,1828112,poly-s2-p31660.graphml
31680,17.9647,1829852,poly-s2-p31680.graphml
3170,1.41578,189764,poly-s2-p3170.graphml
31720,17.7405,1832808,poly-s2-p31720.graphml
31740,17.8412,1832516,poly-s2-p31740.graphml
31760,17.9133,1833548,poly-s2-p31760.graphml
31780,17.2662,1835356,poly-s2-p31780.graphml
3180,1.39905,190832,poly-s2-p3180.graphml
31820,18.0163,1839800,poly-s2-p31820.graphml
31840,17.6122,1837628,poly-s2-p31840.graphml
31860,17.8098,1840360,poly-s2-p31860.graphml
31880,17.382,1842988,poly-s2-p31880.graphml
3190,1.62108,191172,poly-s2-p3190.graphml
31920,17.7782,1842980,poly-s2-p31920.graphml
31940,17.7612,1845368,poly-s2-p31940.graphml
31960,17.9687,1847484,poly-s2-p31960.graphml
31980,17.9518,1847824,poly-s2-p31980.graphml
32020,17.9472,1849100,poly-s2-p32020.graphml
32040,18.4558,1849992,poly-s2-p32040.graphml
32060,17.4212,1851892,poly-s2-p32060.graphml
32080,17.3938,1853548,poly-s2-p32080.graphml
320,0.115218,25944,poly-s2-p320.graphml
3210,1.42848,192488,poly-s2-p3210.graphml
32120,17.4458,1854112,poly-s2-p32120.graphml
32140,17.4916,1856736,poly-s2-p32140.graphml
32160,17.9322,1857256,poly-s2-p32160.graphml
32180,18.1196,1860668,poly-s2-p32180.graphml
3220,1.41404,192920,poly-s2-p3220.graphml
32220,17.5851,1861768,poly-s2-p32220.graphml
32240,17.64,1863964,poly-s2-p32240.graphml
32260,18.1171,1863624,poly-s2-p32260.graphml
32280,17.5455,1864768,poly-s2-p32280.graphml
3230,1.42268,193712,poly-s2-p3230.graphml
32320,17.8462,1867280,poly-s2-p32320.graphml
32340,18.2901,1868008,poly-s2-p32340.graphml
32360,17.791,1872244,poly-s2-p32360.graphml
32380,18.0501,1869940,poly-s2-p32380.graphml
3240,1.43114,194008,poly-s2-p3240.graphml
32420,17.6898,1872880,poly-s2-p32420.graphml
32440,17.6555,1874896,poly-s2-p32440.graphml
32460,17.5742,1875044,poly-s2-p32460.graphml
32480,17.625,1877092,poly-s2-p32480.graphml
3250,1.42221,194628,poly-s2-p3250.graphml
32520,17.8506,1879240,poly-s2-p32520.graphml
32540,18.2008,1881372,poly-s2-p32540.graphml
32560,17.9408,1881220,poly-s2-p32560.graphml
32580,17.696,1883612,poly-s2-p32580.graphml
3260,1.44612,195376,poly-s2-p3260.graphml
32620,18.2797,1885340,poly-s2-p32620.graphml
32640,17.823,1885588,poly-s2-p32640.graphml
32660,18.4343,1886996,poly-s2-p32660.graphml
32680,17.7344,1887844,poly-s2-p32680.graphml
3270,1.47264,195956,poly-s2-p3270.graphml
32720,18.1605,1891740,poly-s2-p32720.graphml
32740,19.8074,1891572,poly-s2-p32740.graphml
32760,18.2176,1892368,poly-s2-p32760.graphml
32780,17.7913,1897760,poly-s2-p32780.graphml
3280,1.45629,196356,poly-s2-p3280.graphml
32820,18.2221,1900288,poly-s2-p32820.graphml
32840,17.9673,1900760,poly-s2-p32840.graphml
32860,17.9217,1903696,poly-s2-p32860.graphml
32880,18.161,1905412,poly-s2-p32880.graphml
3290,1.45325,197544,poly-s2-p3290.graphml
32920,17.9536,1906464,poly-s2-p32920.graphml
32940,18.4766,1906068,poly-s2-p32940.graphml
32960,18.2004,1907700,poly-s2-p32960.graphml
32980,18.4692,1909260,poly-s2-p32980.graphml
33020,18.5317,1910868,poly-s2-p33020.graphml
33040,18.3905,1912124,poly-s2-p33040.graphml
33060,18.5544,1912964,poly-s2-p33060.graphml
33080,18.2169,1914540,poly-s2-p33080.graphml
330,0.125758,26796,poly-s2-p330.graphml
3310,1.51497,198488,poly-s2-p3310.graphml
33120,18.2132,1917768,poly-s2-p33120.graphml
33140,18.0127,1916084,poly-s2-p33140.graphml
33160,18.139,1916964,poly-s2-p33160.graphml
33180,18.3305,1919596,poly-s2-p33180.graphml
3320,1.61503,199324,poly-s2-p3320.graphml
33220,18.9747,1924208,poly-s2-p33220.graphml
33240,18.4735,1923156,poly-s2-p33240.graphml
33260,19.3066,1923516,poly-s2-p33260.graphml
33280,18.7589,1925116,poly-s2-p33280.graphml
3330,1.48651,199332,poly-s2-p3330.graphml
33320,18.0984,1927340,poly-s2-p33320.graphml
33340,18.4705,1927384,poly-s2-p33340.graphml
33360,18.1784,1928464,poly-s2-p33360.graphml
33380,19.0648,1930524,poly-s2-p33380.graphml
3340,1.50584,200296,poly-s2-p3340.graphml
33420,18.5568,1933644,poly-s2-p33420.graphml
33440,18.358,1934632,poly-s2-p33440.graphml
33460,18.4714,1934228,poly-s2-p33460.graphml
33480,18.378,1934588,poly-s2-p33480.graphml
3350,1.48844,200560,poly-s2-p3350.graphml
33520,18.2944,1936952,poly-s2-p33520.graphml
33540,18.399,1937796,poly-s2-p33540.graphml
33560,18.2982,1939144,poly-s2-p33560.graphml
33580,18.3693,1940424,poly-s2-p33580.graphml
3360,1.4934,201336,poly-s2-p3360.graphml
33620,18.4434,1942188,poly-s2-p33620.graphml
33640,19.3725,1943348,poly-s2-p33640.graphml
33660,18.3408,1944968,poly-s2-p33660.graphml
33680,18.9761,1946712,poly-s2-p33680.graphml
3370,1.5341,201956,poly-s2-p3370.graphml
33720,18.8754,1947412,poly-s2-p33720.graphml
33740,18.8314,1948796,poly-s2-p33740.graphml
33760,19.0624,1949964,poly-s2-p33760.graphml
33780,18.8552,1951356,poly-s2-p33780.graphml
3380,1.53801,202656,poly-s2-p3380.graphml
33820,19.4741,1953792,poly-s2-p33820.graphml
33840,18.9175,1954824,poly-s2-p33840.graphml
33860,19.1797,1957340,poly-s2-p33860.graphml
33880,19.1533,1957872,poly-s2-p33880.graphml
3390,1.53512,202824,poly-s2-p3390.graphml
33920,19.0169,1962000,poly-s2-p33920.graphml
33940,18.9061,1961432,poly-s2-p33940.graphml
33960,18.9578,1962576,poly-s2-p33960.graphml
33980,19.1818,1963456,poly-s2-p33980.graphml
34020,20.2798,1965764,poly-s2-p34020.graphml
34040,19.5477,1966952,poly-s2-p34040.graphml
34060,19.5455,1969580,poly-s2-p34060.graphml
34080,19.6064,1969748,poly-s2-p34080.graphml
340,0.133835,27184,poly-s2-p340.graphml
3410,1.85717,204048,poly-s2-p3410.graphml
34120,19.6176,1974084,poly-s2-p34120.graphml
34140,18.6656,1974928,poly-s2-p34140.graphml
34160,19.0484,1974156,poly-s2-p34160.graphml
34180,18.9557,1975044,poly-s2-p34180.graphml
3420,1.58375,204640,poly-s2-p3420.graphml
34220,18.9452,1979560,poly-s2-p34220.graphml
34240,18.9758,1980592,poly-s2-p34240.graphml
34260,18.7467,1982688,poly-s2-p34260.graphml
34280,18.741,1983348,poly-s2-p34280.graphml
3430,1.55299,205396,poly-s2-p3430.graphml
34320,18.8555,1984644,poly-s2-p34320.graphml
34340,18.7364,1986284,poly-s2-p34340.graphml
34360,19.3255,1986912,poly-s2-p34360.graphml
34380,18.6737,1986348,poly-s2-p34380.graphml
3440,1.64117,205240,poly-s2-p3440.graphml
34420,19.0756,1988544,poly-s2-p34420.graphml
34440,18.9415,1989488,poly-s2-p34440.graphml
34460,18.807,1990892,poly-s2-p34460.graphml
34480,18.7601,1991656,poly-s2-p34480.graphml
3450,1.57124,205960,poly-s2-p3450.graphml
34520,18.6431,1993692,poly-s2-p34520.graphml
34540,20.0309,1995040,poly-s2-p34540.graphml
34560,18.9909,1996184,poly-s2-p34560.graphml
34580,18.8019,1997368,poly-s2-p34580.graphml
3460,1.55388,206348,poly-s2-p3460.graphml
34620,18.9562,2000380,poly-s2-p34620.graphml
34640,19.4318,2001452,poly-s2-p34640.graphml
34660,18.8971,2002284,poly-s2-p34660.graphml
34680,19.7669,2003556,poly-s2-p34680.graphml
3470,1.55808,207096,poly-s2-p3470.graphml
34720,19.0084,2005408,poly-s2-p34720.graphml
34740,19.6279,2006600,poly-s2-p34740.graphml
34760,19.5827,2007668,poly-s2-p34760.graphml
34780,19.0755,2008756,poly-s2-p34780.graphml
3480,1.55858,207084,poly-s2-p3480.graphml
34820,19.0407,2011520,poly-s2-p34820.graphml
34840,19.1447,2012228,poly-s2-p34840.graphml
34860,18.9882,2013480,poly-s2-p34860.graphml
34880,20.299,2014484,poly-s2-p34880.graphml
3490,1.61009,208056,poly-s2-p3490.graphml
34920,18.9587,2017220,poly-s2-p34920.graphml
34940,19.3348,2018144,poly-s2-p34940.graphml
34960,19.3278,2019236,poly-s2-p34960.graphml
34980,19.004,2020396,poly-s2-p34980.graphml
35020,18.9747,2022576,poly-s2-p35020.graphml
35040,19.3876,2023704,poly-s2-p35040.graphml
35060,19.7014,2024524,poly-s2-p35060.graphml
35080,19.3367,2026216,poly-s2-p35080.graphml
350,0.127548,27308,poly-s2-p350.graphml
3510,1.57456,209016,poly-s2-p3510.graphml
35120,19.4167,2028512,poly-s2-p35120.graphml
35140,19.3675,2029068,poly-s2-p35140.graphml
35160,19.3415,2029368,poly-s2-p35160.graphml
35180,19.4992,2031640,poly-s2-p35180.graphml
3520,1.55603,210036,poly-s2-p3520.graphml
35220,19.9236,2033292,poly-s2-p35220.graphml
35240,19.4731,2034316,poly-s2-p35240.graphml
35260,21.4518,2035228,poly-s2-p35260.graphml
35280,23.397,2037372,poly-s2-p35280.graphml
3530,1.56429,210288,poly-s2-p3530.graphml
35320,22.2554,2039248,poly-s2-p35320.graphml
35340,22.0331,2041172,poly-s2-p35340.graphml
35360,20.277,2041948,poly-s2-p35360.graphml
35380,20.1315,2042808,poly-s2-p35380.graphml
3540,1.57905,210956,poly-s2-p3540.graphml
35420,19.3252,2045060,poly-s2-p35420.graphml
35440,19.5991,2046324,poly-s2-p35440.graphml
35460,19.6967,2047368,poly-s2-p35460.graphml
35480,19.3118,2048736,poly-s2-p35480.graphml
3550,1.61018,211792,poly-s2-p3550.graphml
35520,19.3367,2050664,poly-s2-p35520.graphml
35540,25.3555,2051752,poly-s2-p35540.graphml
35560,23.7123,2052516,poly-s2-p35560.graphml
35580,23.7938,2054092,poly-s2-p35580.graphml
3560,1.8279,212012,poly-s2-p3560.graphml
35620,19.8413,2056376,poly-s2-p35620.graphml
35640,19.7342,2057524,poly-s2-p35640.graphml
35660,21.3385,2059088,poly-s2-p35660.graphml
35680,19.9546,2059504,poly-s2-p35680.graphml
3570,1.59552,212804,poly-s2-p3570.graphml
35720,20.7228,2062148,poly-s2-p35720.graphml
35740,22.5655,2063764,poly-s2-p35740.graphml
35760,19.8902,2064504,poly-s2-p35760.graphml
35780,19.4678,2065192,poly-s2-p35780.graphml
3580,1.62061,213732,poly-s2-p3580.graphml
35820,21.0967,2067644,poly-s2-p35820.graphml
35840,23.0154,2068984,poly-s2-p35840.graphml
35860,22.382,2069784,poly-s2-p35860.graphml
35880,22.6112,2073356,poly-s2-p35880.graphml
3590,1.61444,213764,poly-s2-p3590.graphml
35920,20.1799,2073688,poly-s2-p35920.graphml
35940,19.8954,2075028,poly-s2-p35940.graphml
35960,19.9625,2076268,poly-s2-p35960.graphml
35980,19.8808,2077524,poly-s2-p35980.graphml
36020,20.2997,2080352,poly-s2-p36020.graphml
36040,20.162,2081296,poly-s2-p36040.graphml
36060,20.4977,2084724,poly-s2-p36060.graphml
36080,20.6055,2083540,poly-s2-p36080.graphml
360,0.130957,27956,poly-s2-p360.graphml
3610,1.62827,215416,poly-s2-p3610.graphml
36120,19.8648,2085592,poly-s2-p36120.graphml
36140,20.492,2087152,poly-s2-p36140.graphml
36160,21.0302,2087600,poly-s2-p36160.graphml
36180,20.6675,2088440,poly-s2-p36180.graphml
3620,1.68463,216100,poly-s2-p3620.graphml
36220,20.9438,2090572,poly-s2-p36220.graphml
36240,20.9391,2091392,poly-s2-p36240.graphml
36260,20.652,2093472,poly-s2-p36260.graphml
36280,22.7401,2094588,poly-s2-p36280.graphml
3630,1.65074,216648,poly-s2-p3630.graphml
36320,22.7996,2097440,poly-s2-p36320.graphml
36340,23.1259,2098352,poly-s2-p36340.graphml
36360,21.2714,2099580,poly-s2-p36360.graphml
36380,20.2621,2100984,poly-s2-p36380.graphml
3640,1.63921,217228,poly-s2-p3640.graphml
36420,20.0042,2103272,poly-s2-p36420.graphml
36440,20.4891,2104548,poly-s2-p36440.graphml
36460,20.3246,2105956,poly-s2-p36460.graphml
36480,21.296,2107500,poly-s2-p36480.graphml
3650,1.62174,217728,poly-s2-p3650.graphml
36520,19.9155,2109664,poly-s2-p36520.graphml
36540,21.449,2111108,poly-s2-p36540.graphml
36560,20.0224,2111988,poly-s2-p36560.graphml
36580,20.0666,2112772,poly-s2-p36580.graphml
3660,1.64879,217792,poly-s2-p3660.graphml
36620,20.3352,2115956,poly-s2-p36620.graphml
36640,19.9843,2116736,poly-s2-p36640.graphml
36660,20.0901,2117572,poly-s2-p36660.graphml
36680,20.0947,2118440,poly-s2-p36680.graphml
3670,1.651,218344,poly-s2-p3670.graphml
36720,21.2077,2120868,poly-s2-p36720.graphml
36740,20.9625,2121616,poly-s2-p36740.graphml
36760,20.9586,2122456,poly-s2-p36760.graphml
36780,23.1931,2123980,poly-s2-p36780.graphml
3680,1.66385,219468,poly-s2-p3680.graphml
36820,22.1738,2126088,poly-s2-p36820.graphml
36840,20.5604,2127588,poly-s2-p36840.graphml
36860,20.9618,2129540,poly-s2-p36860.graphml
36880,21.0058,2129788,poly-s2-p36880.graphml
3690,1.90212,219572,poly-s2-p3690.graphml
36920,20.7122,2132056,poly-s2-p36920.graphml
36940,20.9701,2133636,poly-s2-p36940.graphml
36960,20.5725,2134048,poly-s2-p36960.graphml
36980,21.181,2136196,poly-s2-p36980.graphml
37020,20.8874,2138480,poly-s2-p37020.graphml
37040,21.2115,2139464,poly-s2-p37040.graphml
37060,20.7483,2140828,poly-s2-p37060.graphml
37080,21.6642,2141332,poly-s2-p37080.graphml
370,0.133509,28552,poly-s2-p370.graphml
3710,1.84772,220708,poly-s2-p3710.graphml
37120,20.9272,2144132,poly-s2-p37120.graphml
37140,20.6242,2145668,poly-s2-p37140.graphml
37160,21.111,2146648,poly-s2-p37160.graphml
37180,23.0092,2147340,poly-s2-p37180.graphml
3720,1.67767,221516,poly-s2-p3720.graphml
37220,22.058,2150892,poly-s2-p37220.graphml
37240,21.4527,2150504,poly-s2-p37240.graphml
37260,21.0717,2152140,poly-s2-p37260.graphml
37280,22.7797,2153304,poly-s2-p37280.graphml
3730,1.90186,222408,poly-s2-p3730.graphml
37320,20.9371,2155436,poly-s2-p37320.graphml
37340,20.6816,2156480,poly-s2-p37340.graphml
37360,20.9711,2157740,poly-s2-p37360.graphml
37380,21.8081,2160192,poly-s2-p37380.graphml
3740,1.68725,222860,poly-s2-p3740.graphml
37420,21.8026,2160824,poly-s2-p37420.graphml
37440,20.5702,2162188,poly-s2-p37440.graphml
37460,21.0406,2164880,poly-s2-p37460.graphml
37480,21.8991,2165484,poly-s2-p37480.graphml
3750,1.68662,223532,poly-s2-p3750.graphml
37520,20.9209,2168472,poly-s2-p37520.graphml
37540,21.8926,2168956,poly-s2-p37540.graphml
37560,21.437,2170308,poly-s2-p37560.graphml
37580,21.5513,2170960,poly-s2-p37580.graphml
3760,1.77909,224136,poly-s2-p3760.graphml
37620,21.5952,2173260,poly-s2-p37620.graphml
37640,22.8294,2174988,poly-s2-p37640.graphml
37660,22.8533,2176836,poly-s2-p37660.graphml
37680,23.1632,2176588,poly-s2-p37680.graphml
3770,1.71617,224744,poly-s2-p3770.graphml
37720,21.893,2179816,poly-s2-p37720.graphml
37740,24.903,2181580,poly-s2-p37740.graphml
37760,21.2197,2181584,poly-s2-p37760.graphml
37780,22.0135,2185412,poly-s2-p37780.graphml
3780,1.76798,225212,poly-s2-p3780.graphml
37820,21.4613,2185632,poly-s2-p37820.graphml
37840,23.0495,2184952,poly-s2-p37840.graphml
37860,20.8546,2188196,poly-s2-p37860.graphml
37880,21.7963,2187112,poly-s2-p37880.graphml
3790,1.75431,225848,poly-s2-p3790.graphml
37920,24.3315,2192668,poly-s2-p37920.graphml
37940,20.9057,2191056,poly-s2-p37940.graphml
37960,21.2911,2193064,poly-s2-p37960.graphml
37980,24.2756,2194000,poly-s2-p37980.graphml
38020,22.7545,2197248,poly-s2-p38020.graphml
38040,23.1209,2197796,poly-s2-p38040.graphml
38060,21.3974,2197820,poly-s2-p38060.graphml
38080,23.4233,2198312,poly-s2-p38080.graphml
380,0.148833,29084,poly-s2-p380.graphml
3810,1.86422,227280,poly-s2-p3810.graphml
38120,23.9407,2201280,poly-s2-p38120.graphml
38140,21.429,2202684,poly-s2-p38140.graphml
38160,24.0846,2205216,poly-s2-p38160.graphml
38180,23.1771,2205000,poly-s2-p38180.graphml
3820,1.73697,227820,poly-s2-p3820.graphml
38220,23.0361,2207696,poly-s2-p38220.graphml
38240,24.301,2208168,poly-s2-p38240.graphml
38260,21.4693,2210460,poly-s2-p38260.graphml
38280,21.8168,2212396,poly-s2-p38280.graphml
3830,1.73051,228352,poly-s2-p3830.graphml
38320,21.199,2213928,poly-s2-p38320.graphml
38340,22.1274,2216184,poly-s2-p38340.graphml
38360,21.5249,2217196,poly-s2-p38360.graphml
38380,22.3354,2218716,poly-s2-p38380.graphml
3840,1.74587,229216,poly-s2-p3840.graphml
38420,21.5713,2221580,poly-s2-p38420.graphml
38440,21.1653,2220292,poly-s2-p38440.graphml
38460,22.0576,2221420,poly-s2-p38460.graphml
38480,21.9847,2222608,poly-s2-p38480.graphml
3850,1.78021,229528,poly-s2-p3850.graphml
38520,22.01,2224584,poly-s2-p38520.graphml
38540,21.621,2225252,poly-s2-p38540.graphml
38560,22.3512,2227836,poly-s2-p38560.graphml
38580,21.5533,2227744,poly-s2-p38580.graphml
3860,1.76893,229980,poly-s2-p3860.graphml
38620,21.76,2231988,poly-s2-p38620.graphml
38640,21.3159,2231388,poly-s2-p38640.graphml
38660,21.5371,2232904,poly-s2-p38660.graphml
38680,21.813,2236188,poly-s2-p38680.graphml
3870,1.78135,230176,poly-s2-p3870.graphml
38720,22.1972,2236548,poly-s2-p38720.graphml
38740,23.7356,2238600,poly-s2-p38740.graphml
38760,21.8428,2240040,poly-s2-p38760.graphml
38780,21.3849,2242176,poly-s2-p38780.graphml
3880,1.79355,231256,poly-s2-p3880.graphml
38820,21.5787,2245536,poly-s2-p38820.graphml
38840,21.5005,2243332,poly-s2-p38840.graphml
38860,21.5317,2245148,poly-s2-p38860.graphml
38880,21.4181,2246024,poly-s2-p38880.graphml
3890,1.7529,231344,poly-s2-p3890.graphml
38920,21.4628,2247800,poly-s2-p38920.graphml
38940,21.5133,2249180,poly-s2-p38940.graphml
38960,21.409,2249816,poly-s2-p38960.graphml
38980,21.5515,2251412,poly-s2-p38980.graphml
39020,21.6738,2253952,poly-s2-p39020.graphml
39040,22.031,2255172,poly-s2-p39040.graphml
39060,21.6516,2256208,poly-s2-p39060.graphml
39080,21.9839,2257984,poly-s2-p39080.graphml
390,0.148484,29904,poly-s2-p390.graphml
3910,1.85181,232696,poly-s2-p3910.graphml
39120,24.3052,2261536,poly-s2-p39120.graphml
39140,22.472,2263176,poly-s2-p39140.graphml
39160,22.3011,2264732,poly-s2-p39160.graphml
39180,23.517,2265760,poly-s2-p39180.graphml
3920,2.004,233452,poly-s2-p3920.graphml
39220,23.2864,2266200,poly-s2-p39220.graphml
39240,24.209,2268876,poly-s2-p39240.graphml
39260,21.6354,2267800,poly-s2-p39260.graphml
39280,24.8873,2269216,poly-s2-p39280.graphml
3930,2.0814,233752,poly-s2-p3930.graphml
39320,25.354,2272984,poly-s2-p39320.graphml
39340,24.3461,2275596,poly-s2-p39340.graphml
39360,24.559,2277384,poly-s2-p39360.graphml
39380,21.8258,2276380,poly-s2-p39380.graphml
3940,1.7845,234364,poly-s2-p3940.graphml
39420,25.0591,2281312,poly-s2-p39420.graphml
39440,23.9901,2280164,poly-s2-p39440.graphml
39460,23.2306,2281220,poly-s2-p39460.graphml
39480,22.8359,2282576,poly-s2-p39480.graphml
3950,1.78248,235312,poly-s2-p3950.graphml
39520,23.2052,2285140,poly-s2-p39520.graphml
39540,23.6165,2285636,poly-s2-p39540.graphml
39560,22.4858,2285668,poly-s2-p39560.graphml
39580,23.4384,2287244,poly-s2-p39580.graphml
3960,1.78283,235860,poly-s2-p3960.graphml
39620,23.6303,2288596,poly-s2-p39620.graphml
39640,22.4476,2292604,poly-s2-p39640.graphml
39660,22.9439,2293928,poly-s2-p39660.graphml
39680,22.0433,2294376,poly-s2-p39680.graphml
3970,1.84009,236052,poly-s2-p3970.graphml
39720,22.6281,2296708,poly-s2-p39720.graphml
39740,24.2646,2297696,poly-s2-p39740.graphml
39760,22.9449,2298236,poly-s2-p39760.graphml
39780,22.4257,2299472,poly-s2-p39780.graphml
3980,1.8841,236732,poly-s2-p3980.graphml
39820,22.5609,2302840,poly-s2-p39820.graphml
39840,22.6239,2303660,poly-s2-p39840.graphml
39860,26.7485,2305520,poly-s2-p39860.graphml
39880,23.5058,2306708,poly-s2-p39880.graphml
3990,1.80639,237364,poly-s2-p3990.graphml
39920,23.3441,2308052,poly-s2-p39920.graphml
39940,22.4963,2310056,poly-s2-p39940.graphml
39960,23.5849,2310864,poly-s2-p39960.graphml
39980,23.2664,2312116,poly-s2-p39980.graphml
4010,1.87908,238512,poly-s2-p4010.graphml
4020,2.01916,238708,poly-s2-p4020.graphml
4030,1.82285,239624,poly-s2-p4030.graphml
4040,1.81507,239696,poly-s2-p4040.graphml
4050,1.82947,240336,poly-s2-p4050.graphml
4060,1.8223,241452,poly-s2-p4060.graphml
4070,1.82359,241844,poly-s2-p4070.graphml
4080,1.83398,242536,poly-s2-p4080.graphml
4090,1.83321,242716,poly-s2-p4090.graphml
40,0.014162,9844,poly-s2-p40.graphml
410,0.147252,30648,poly-s2-p410.graphml
4110,1.84329,245052,poly-s2-p4110.graphml
4120,2.18244,245320,poly-s2-p4120.graphml
4130,2.04644,246176,poly-s2-p4130.graphml
4140,1.92771,246464,poly-s2-p4140.graphml
4150,2.03922,246896,poly-s2-p4150.graphml
4160,1.98153,247112,poly-s2-p4160.graphml
4170,2.37459,247564,poly-s2-p4170.graphml
4180,2.02146,248572,poly-s2-p4180.graphml
4190,2.13034,249400,poly-s2-p4190.graphml
420,0.155225,31256,poly-s2-p420.graphml
4210,1.96711,250312,poly-s2-p4210.graphml
4220,2.05471,251076,poly-s2-p4220.graphml
4230,1.93364,251732,poly-s2-p4230.graphml
4240,1.92458,251436,poly-s2-p4240.graphml
4250,1.92113,251984,poly-s2-p4250.graphml
4260,1.94748,252692,poly-s2-p4260.graphml
4270,1.94276,253632,poly-s2-p4270.graphml
4280,2.16129,253956,poly-s2-p4280.graphml
4290,2.03209,254500,poly-s2-p4290.graphml
430,0.1637,31964,poly-s2-p430.graphml
4310,2.05437,255516,poly-s2-p4310.graphml
4320,2.11997,256564,poly-s2-p4320.graphml
4330,2.04334,256972,poly-s2-p4330.graphml
4340,1.97849,257720,poly-s2-p4340.graphml
4350,1.98427,258340,poly-s2-p4350.graphml
4360,1.99001,258896,poly-s2-p4360.graphml
4370,2.05699,259188,poly-s2-p4370.graphml
4380,1.98994,259700,poly-s2-p4380.graphml
4390,1.99832,260444,poly-s2-p4390.graphml
440,0.159468,32856,poly-s2-p440.graphml
4410,2.01076,261552,poly-s2-p4410.graphml
4420,2.03531,261744,poly-s2-p4420.graphml
4430,2.01313,262860,poly-s2-p4430.graphml
4440,2.02335,263024,poly-s2-p4440.graphml
4450,2.02824,263568,poly-s2-p4450.graphml
4460,2.02468,263688,poly-s2-p4460.graphml
4470,2.03048,264260,poly-s2-p4470.graphml
4480,2.0434,265276,poly-s2-p4480.graphml
4490,2.03202,266300,poly-s2-p4490.graphml
450,0.168817,33120,poly-s2-p450.graphml
4510,2.05808,267584,poly-s2-p4510.graphml
4520,2.06145,267620,poly-s2-p4520.graphml
4530,2.07261,268980,poly-s2-p4530.graphml
4540,2.07312,269036,poly-s2-p4540.graphml
4550,2.06994,269612,poly-s2-p4550.graphml
4560,2.07851,269756,poly-s2-p4560.graphml
4570,2.08548,270460,poly-s2-p4570.graphml
4580,2.0913,270936,poly-s2-p4580.graphml
4590,2.1484,271484,poly-s2-p4590.graphml
460,0.17103,33812,poly-s2-p460.graphml
4610,2.11608,272640,poly-s2-p4610.graphml
4620,2.0941,273340,poly-s2-p4620.graphml
4630,2.11926,273728,poly-s2-p4630.graphml
4640,2.1171,274480,poly-s2-p4640.graphml
4650,2.12169,274896,poly-s2-p4650.graphml
4660,2.13103,275412,poly-s2-p4660.graphml
4670,2.14202,276004,poly-s2-p4670.graphml
4680,2.13823,276556,poly-s2-p4680.graphml
4690,2.13935,277284,poly-s2-p4690.graphml
470,0.180655,34020,poly-s2-p470.graphml
4710,2.14853,278504,poly-s2-p4710.graphml
4720,2.17674,279680,poly-s2-p4720.graphml
4730,2.1584,280184,poly-s2-p4730.graphml
4740,2.1774,280772,poly-s2-p4740.graphml
4750,2.17284,281088,poly-s2-p4750.graphml
4760,2.18389,281616,poly-s2-p4760.graphml
4770,2.18006,282268,poly-s2-p4770.graphml
4780,2.18678,283120,poly-s2-p4780.graphml
4790,2.19888,283512,poly-s2-p4790.graphml
480,0.179718,34392,poly-s2-p480.graphml
4810,2.20466,284848,poly-s2-p4810.graphml
4820,2.219,285476,poly-s2-p4820.graphml
4830,2.22127,286488,poly-s2-p4830.graphml
4840,2.21824,286540,poly-s2-p4840.graphml
4850,2.22465,286876,poly-s2-p4850.graphml
4860,2.32863,287716,poly-s2-p4860.graphml
4870,2.22484,288132,poly-s2-p4870.graphml
4880,2.23963,289160,poly-s2-p4880.graphml
4890,2.24628,289444,poly-s2-p4890.graphml
490,0.188216,35692,poly-s2-p490.graphml
4910,2.25992,290812,poly-s2-p4910.graphml
4920,2.26696,291928,poly-s2-p4920.graphml
4930,2.26742,292012,poly-s2-p4930.graphml
4940,2.35781,292652,poly-s2-p4940.graphml
4950,2.53368,293156,poly-s2-p4950.graphml
4960,2.49894,293452,poly-s2-p4960.graphml
4970,2.43209,294096,poly-s2-p4970.graphml
4980,2.38083,294860,poly-s2-p4980.graphml
4990,2.37365,295496,poly-s2-p4990.graphml
5010,2.37861,295932,poly-s2-p5010.graphml
5020,2.4937,296860,poly-s2-p5020.graphml
5030,2.53763,297760,poly-s2-p5030.graphml
5040,2.47222,297816,poly-s2-p5040.graphml
5050,2.44852,298576,poly-s2-p5050.graphml
5060,2.52195,299380,poly-s2-p5060.graphml
5070,2.35955,300240,poly-s2-p5070.graphml
5080,2.41413,300676,poly-s2-p5080.graphml
5090,2.51853,300988,poly-s2-p5090.graphml
50,0.017033,10224,poly-s2-p50.graphml
510,0.195035,36404,poly-s2-p510.graphml
5110,2.54815,302312,poly-s2-p5110.graphml
5120,2.43679,302980,poly-s2-p5120.graphml
5130,2.43083,302940,poly-s2-p5130.graphml
5140,2.37445,303684,poly-s2-p5140.graphml
5150,2.36725,304120,poly-s2-p5150.graphml
5160,2.36743,304684,poly-s2-p5160.graphml
5170,2.37235,305828,poly-s2-p5170.graphml
5180,2.38915,306432,poly-s2-p5180.graphml
5190,2.57696,306936,poly-s2-p5190.graphml
520,0.211954,37164,poly-s2-p520.graphml
5210,2.42769,307760,poly-s2-p5210.graphml
5220,2.40127,308316,poly-s2-p5220.graphml
5230,2.42328,308872,poly-s2-p5230.graphml
5240,2.41266,309768,poly-s2-p5240.graphml
5250,2.46003,309936,poly-s2-p5250.graphml
5260,2.51355,310744,poly-s2-p5260.graphml
5270,2.50002,311052,poly-s2-p5270.graphml
5280,2.42993,312180,poly-s2-p5280.graphml
5290,2.62207,312480,poly-s2-p5290.graphml
530,0.209279,37740,poly-s2-p530.graphml
5310,2.7629,313264,poly-s2-p5310.graphml
5320,2.66168,314104,poly-s2-p5320.graphml
5330,2.56113,314316,poly-s2-p5330.graphml
5340,2.81136,315124,poly-s2-p5340.graphml
5350,2.64351,315660,poly-s2-p5350.graphml
5360,2.56815,316496,poly-s2-p5360.graphml
5370,2.49627,316024,poly-s2-p5370.graphml
5380,2.50211,317296,poly-s2-p5380.graphml
5390,2.50752,317952,poly-s2-p5390.graphml
540,0.201786,37836,poly-s2-p540.graphml
5410,2.50578,319392,poly-s2-p5410.graphml
5420,2.52495,319740,poly-s2-p5420.graphml
5430,2.50989,319904,poly-s2-p5430.graphml
5440,2.59049,320756,poly-s2-p5440.graphml
5450,2.61972,321376,poly-s2-p5450.graphml
5460,2.69206,322244,poly-s2-p5460.graphml
5470,2.58037,322712,poly-s2-p5470.graphml
5480,2.62629,323048,poly-s2-p5480.graphml
5490,2.65814,324324,poly-s2-p5490.graphml
550,0.20879,39040,poly-s2-p550.graphml
5510,2.64028,325304,poly-s2-p5510.graphml
5520,2.5599,325888,poly-s2-p5520.graphml
5530,2.55225,326864,poly-s2-p5530.graphml
5540,2.56583,326240,poly-s2-p5540.graphml
5550,2.57986,327444,poly-s2-p5550.graphml
5560,2.56422,328072,poly-s2-p5560.graphml
5570,2.60051,329144,poly-s2-p5570.graphml
5580,2.58669,329504,poly-s2-p5580.graphml
5590,2.69324,330472,poly-s2-p5590.graphml
560,0.222948,39856,poly-s2-p560.graphml
5610,2.63137,331596,poly-s2-p5610.graphml
5620,2.65171,331748,poly-s2-p5620.graphml
5630,2.63763,332380,poly-s2-p5630.graphml
5640,2.6339,333492,poly-s2-p5640.graphml
5650,2.62473,333060,poly-s2-p5650.graphml
5660,2.75921,333588,poly-s2-p5660.graphml
5670,2.64985,334780,poly-s2-p5670.graphml
5680,2.72867,335224,poly-s2-p5680.graphml
5690,2.68264,335460,poly-s2-p5690.graphml
570,0.217221,40220,poly-s2-p570.graphml
5710,2.65008,336696,poly-s2-p5710.graphml
5720,2.65218,336928,poly-s2-p5720.graphml
5730,2.66815,337880,poly-s2-p5730.graphml
5740,2.67439,338572,poly-s2-p5740.graphml
5750,2.68772,339300,poly-s2-p5750.graphml
5760,2.6745,339796,poly-s2-p5760.graphml
5770,2.6971,340612,poly-s2-p5770.graphml
5780,2.68512,340444,poly-s2-p5780.graphml
5790,2.7055,341748,poly-s2-p5790.graphml
580,0.226166,40936,poly-s2-p580.graphml
5810,2.71188,342692,poly-s2-p5810.graphml
5820,2.71889,342956,poly-s2-p5820.graphml
5830,2.72656,343384,poly-s2-p5830.graphml
5840,2.71775,343840,poly-s2-p5840.graphml
5850,2.72759,344928,poly-s2-p5850.graphml
5860,2.85621,345564,poly-s2-p5860.graphml
5870,2.76338,346120,poly-s2-p5870.graphml
5880,2.75182,346088,poly-s2-p5880.graphml
5890,2.83568,346844,poly-s2-p5890.graphml
590,0.225396,41372,poly-s2-p590.graphml
5910,2.8854,348160,poly-s2-p5910.graphml
5920,2.75465,348740,poly-s2-p5920.graphml
5930,2.76666,349364,poly-s2-p5930.graphml
5940,2.78057,350464,poly-s2-p5940.graphml
5950,2.8092,350980,poly-s2-p5950.graphml
5960,2.78347,352356,poly-s2-p5960.graphml
5970,2.79777,351592,poly-s2-p5970.graphml
5980,2.88669,351876,poly-s2-p5980.graphml
5990,2.92478,352516,poly-s2-p5990.graphml
6010,2.95486,354076,poly-s2-p6010.graphml
6020,2.92997,354352,poly-s2-p6020.graphml
6030,2.91919,354752,poly-s2-p6030.graphml
6040,2.82654,355324,poly-s2-p6040.graphml
6050,2.8664,357524,poly-s2-p6050.graphml
6060,2.82089,356348,poly-s2-p6060.graphml
6070,2.89353,357268,poly-s2-p6070.graphml
6080,2.8518,358732,poly-s2-p6080.graphml
6090,2.85135,359012,poly-s2-p6090.graphml
60,0.021976,11084,poly-s2-p60.graphml
610,0.228524,42872,poly-s2-p610.graphml
6110,2.85843,359564,poly-s2-p6110.graphml
6120,2.85776,359932,poly-s2-p6120.graphml
6130,2.92494,360680,poly-s2-p6130.graphml
6140,2.89006,360660,poly-s2-p6140.graphml
6150,2.89108,361544,poly-s2-p6150.graphml
6160,2.87463,363736,poly-s2-p6160.graphml
6170,2.89834,362536,poly-s2-p6170.graphml
6180,2.89624,363724,poly-s2-p6180.graphml
6190,2.9521,363800,poly-s2-p6190.graphml
620,0.263927,43300,poly-s2-p620.graphml
6210,2.98088,365168,poly-s2-p6210.graphml
6220,3.24809,365680,poly-s2-p6220.graphml
6230,3.18015,366292,poly-s2-p6230.graphml
6240,3.16324,366832,poly-s2-p6240.graphml
6250,3.06014,367272,poly-s2-p6250.graphml
6260,3.06325,368236,poly-s2-p6260.graphml
6270,2.94363,368952,poly-s2-p6270.graphml
6280,2.93575,369656,poly-s2-p6280.graphml
6290,2.96758,369356,poly-s2-p6290.graphml
630,0.243481,43528,poly-s2-p630.graphml
6310,2.95872,372096,poly-s2-p6310.graphml
6320,2.98037,371904,poly-s2-p6320.graphml
6330,3.19469,372664,poly-s2-p6330.graphml
6340,3.25163,373488,poly-s2-p6340.graphml
6350,3.15262,373932,poly-s2-p6350.graphml
6360,3.12519,374480,poly-s2-p6360.graphml
6370,2.98768,375116,poly-s2-p6370.graphml
6380,3.26982,376836,poly-s2-p6380.graphml
6390,3.10097,376584,poly-s2-p6390.graphml
640,0.263808,44224,poly-s2-p640.graphml
6410,3.24894,378088,poly-s2-p6410.graphml
6420,3.19389,378392,poly-s2-p6420.graphml
6430,3.27057,377952,poly-s2-p6430.graphml
6440,3.50531,379312,poly-s2-p6440.graphml
6450,3.09921,380876,poly-s2-p6450.graphml
6460,3.08231,380232,poly-s2-p6460.graphml
6470,3.13722,381900,poly-s2-p6470.graphml
6480,3.07198,382396,poly-s2-p6480.graphml
6490,3.05974,382176,poly-s2-p6490.graphml
650,0.270859,44920,poly-s2-p650.graphml
6510,3.32996,384520,poly-s2-p6510.graphml
6520,3.16721,383632,poly-s2-p6520.graphml
6530,3.29413,384928,poly-s2-p6530.graphml
6540,3.06993,384572,poly-s2-p6540.graphml
6550,3.22554,386516,poly-s2-p6550.graphml
6560,3.06092,385300,poly-s2-p6560.graphml
6570,3.10421,386036,poly-s2-p6570.graphml
6580,3.2739,386568,poly-s2-p6580.graphml
6590,3.21774,388240,poly-s2-p6590.graphml
660,0.26738,45812,poly-s2-p660.graphml
6610,3.27288,389316,poly-s2-p6610.graphml
6620,3.16759,388860,poly-s2-p6620.graphml
6630,3.10985,389312,poly-s2-p6630.graphml
6640,3.12395,390024,poly-s2-p6640.graphml
6650,3.12012,391268,poly-s2-p6650.graphml
6660,3.13763,392052,poly-s2-p6660.graphml
6670,3.21197,391864,poly-s2-p6670.graphml
6680,3.48875,392588,poly-s2-p6680.graphml
6690,3.26635,393264,poly-s2-p6690.graphml
670,0.261837,46284,poly-s2-p670.graphml
6710,3.27982,394276,poly-s2-p6710.graphml
6720,3.42177,395524,poly-s2-p6720.graphml
6730,3.2538,396988,poly-s2-p6730.graphml
6740,3.2987,396508,poly-s2-p6740.graphml
6750,3.46457,398104,poly-s2-p6750.graphml
6760,3.25146,397164,poly-s2-p6760.graphml
6770,3.2097,397456,poly-s2-p6770.graphml
6780,3.25011,398712,poly-s2-p6780.graphml
6790,3.37404,399448,poly-s2-p6790.graphml
680,0.263737,46696,poly-s2-p680.graphml
6810,3.29254,400228,poly-s2-p6810.graphml
6820,3.33458,402204,poly-s2-p6820.graphml
6830,3.38097,401864,poly-s2-p6830.graphml
6840,3.36337,402036,poly-s2-p6840.graphml
6850,3.30663,402904,poly-s2-p6850.graphml
6860,3.39779,403464,poly-s2-p6860.graphml
6870,3.26569,404520,poly-s2-p6870.graphml
6880,3.2527,405136,poly-s2-p6880.graphml
6890,3.27594,404512,poly-s2-p6890.graphml
690,0.268029,47228,poly-s2-p690.graphml
6910,3.28658,405488,poly-s2-p6910.graphml
6920,3.46092,406516,poly-s2-p6920.graphml
6930,3.43053,406944,poly-s2-p6930.graphml
6940,3.43073,407948,poly-s2-p6940.graphml
6950,3.42619,408136,poly-s2-p6950.graphml
6960,3.38782,409060,poly-s2-p6960.graphml
6970,3.28832,408708,poly-s2-p6970.graphml
6980,3.31027,409756,poly-s2-p6980.graphml
6990,3.41708,409812,poly-s2-p6990.graphml
7010,3.32496,411032,poly-s2-p7010.graphml
7020,3.392,411872,poly-s2-p7020.graphml
7030,3.47088,412132,poly-s2-p7030.graphml
7040,3.42778,412752,poly-s2-p7040.graphml
7050,3.44677,413204,poly-s2-p7050.graphml
7060,3.32458,414672,poly-s2-p7060.graphml
7070,3.33416,416184,poly-s2-p7070.graphml
7080,3.36565,415608,poly-s2-p7080.graphml
7090,3.53103,416204,poly-s2-p7090.graphml
70,0.030458,12112,poly-s2-p70.graphml
710,0.301602,48760,poly-s2-p710.graphml
7110,3.43928,416920,poly-s2-p7110.graphml
7120,3.40047,418324,poly-s2-p7120.graphml
7130,3.39659,418128,poly-s2-p7130.graphml
7140,3.39003,419308,poly-s2-p7140.graphml
7150,3.41093,419284,poly-s2-p7150.graphml
7160,3.40191,419656,poly-s2-p7160.graphml
7170,3.67417,420720,poly-s2-p7170.graphml
7180,3.60844,421676,poly-s2-p7180.graphml
7190,3.54231,421692,poly-s2-p7190.graphml
720,0.281231,48820,poly-s2-p720.graphml
7210,3.86792,422780,poly-s2-p7210.graphml
7220,3.95694,423420,poly-s2-p7220.graphml
7230,3.87548,424164,poly-s2-p7230.graphml
7240,3.67759,425052,poly-s2-p7240.graphml
7250,3.94607,425512,poly-s2-p7250.graphml
7260,3.7214,427080,poly-s2-p7260.graphml
7270,3.57983,427008,poly-s2-p7270.graphml
7280,3.67723,426712,poly-s2-p7280.graphml
7290,3.44947,427240,poly-s2-p7290.graphml
730,0.287414,49448,poly-s2-p730.graphml
7310,3.45594,428636,poly-s2-p7310.graphml
7320,3.47082,429552,poly-s2-p7320.graphml
7330,3.48069,429760,poly-s2-p7330.graphml
7340,3.75517,430864,poly-s2-p7340.graphml
7350,3.57167,431864,poly-s2-p7350.graphml
7360,3.588,431536,poly-s2-p7360.graphml
7370,3.52189,433416,poly-s2-p7370.graphml
7380,3.54368,432448,poly-s2-p7380.graphml
7390,3.522,433724,poly-s2-p7390.graphml
740,0.288336,50232,poly-s2-p740.graphml
7410,3.66138,434596,poly-s2-p7410.graphml
7420,3.56457,435700,poly-s2-p7420.graphml
7430,3.54532,436820,poly-s2-p7430.graphml
7440,3.77737,436792,poly-s2-p7440.graphml
7450,3.63465,437632,poly-s2-p7450.graphml
7460,3.53998,437924,poly-s2-p7460.graphml
7470,3.55801,438540,poly-s2-p7470.graphml
7480,3.55143,439292,poly-s2-p7480.graphml
7490,3.62571,440480,poly-s2-p7490.graphml
750,0.295714,50444,poly-s2-p750.graphml
7510,3.65029,440772,poly-s2-p7510.graphml
7520,3.58586,442384,poly-s2-p7520.graphml
7530,3.60908,442260,poly-s2-p7530.graphml
7540,3.78351,442792,poly-s2-p7540.graphml
7550,3.99281,442844,poly-s2-p7550.graphml
7560,4.32403,443356,poly-s2-p7560.graphml
7570,4.36182,445248,poly-s2-p7570.graphml
7580,3.78367,445632,poly-s2-p7580.graphml
7590,4.19979,445680,poly-s2-p7590.graphml
760,0.317123,51544,poly-s2-p760.graphml
7610,3.92056,447228,poly-s2-p7610.graphml
7620,4.18393,447232,poly-s2-p7620.graphml
7630,3.89941,447452,poly-s2-p7630.graphml
7640,4.91151,448396,poly-s2-p7640.graphml
7650,4.19336,448892,poly-s2-p7650.graphml
7660,3.74774,449124,poly-s2-p7660.graphml
7670,3.89054,449868,poly-s2-p7670.graphml
7680,3.89348,450412,poly-s2-p7680.graphml
7690,3.89694,450692,poly-s2-p7690.graphml
770,0.314005,51828,poly-s2-p770.graphml
7710,4.08154,451548,poly-s2-p7710.graphml
7720,3.94517,452628,poly-s2-p7720.graphml
7730,4.03206,452852,poly-s2-p7730.graphml
7740,4.51075,453644,poly-s2-p7740.graphml
7750,3.74921,453972,poly-s2-p7750.graphml
7760,3.83514,454508,poly-s2-p7760.graphml
7770,3.99619,455244,poly-s2-p7770.graphml
7780,3.93984,455288,poly-s2-p7780.graphml
7790,3.73877,456928,poly-s2-p7790.graphml
780,0.306703,52312,poly-s2-p780.graphml
7810,3.75526,457152,poly-s2-p7810.graphml
7820,3.98999,458700,poly-s2-p7820.graphml
7830,4.02069,458928,poly-s2-p7830.graphml
7840,3.95842,458812,poly-s2-p7840.graphml
7850,3.80812,459536,poly-s2-p7850.graphml
7860,3.82642,460372,poly-s2-p7860.graphml
7870,3.84157,460856,poly-s2-p7870.graphml
7880,4.17026,462104,poly-s2-p7880.graphml
7890,4.86249,461840,poly-s2-p7890.graphml
790,0.315152,53120,poly-s2-p790.graphml
7910,4.24065,462740,poly-s2-p7910.graphml
7920,4.27907,463156,poly-s2-p7920.graphml
7930,3.98856,464012,poly-s2-p7930.graphml
7940,4.07487,464732,poly-s2-p7940.graphml
7950,3.92199,464880,poly-s2-p7950.graphml
7960,4.21003,465740,poly-s2-p7960.graphml
7970,3.94702,466188,poly-s2-p7970.graphml
7980,3.79518,467220,poly-s2-p7980.graphml
7990,4.50972,468104,poly-s2-p7990.graphml
8010,4.02433,468764,poly-s2-p8010.graphml
8020,4.15329,469424,poly-s2-p8020.graphml
8030,4.06552,470052,poly-s2-p8030.graphml
8040,4.05788,470808,poly-s2-p8040.graphml
8050,4.29058,471252,poly-s2-p8050.graphml
8060,4.10134,472520,poly-s2-p8060.graphml
8070,4.05618,472620,poly-s2-p8070.graphml
8080,4.02344,472932,poly-s2-p8080.graphml
8090,4.10278,472756,poly-s2-p8090.graphml
80,0.031321,12100,poly-s2-p80.graphml
810,0.340968,54516,poly-s2-p810.graphml
8110,4.14007,474344,poly-s2-p8110.graphml
8120,3.91926,474920,poly-s2-p8120.graphml
8130,3.86896,476196,poly-s2-p8130.graphml
8140,4.14082,476848,poly-s2-p8140.graphml
8150,3.9676,476872,poly-s2-p8150.graphml
8160,4.33264,477276,poly-s2-p8160.graphml
8170,4.4227,478820,poly-s2-p8170.graphml
8180,4.1425,479604,poly-s2-p8180.graphml
8190,4.185,479380,poly-s2-p8190.graphml
820,0.380071,54904,poly-s2-p820.graphml
8210,4.19511,482020,poly-s2-p8210.graphml
8220,4.25861,482508,poly-s2-p8220.graphml
8230,4.18981,482920,poly-s2-p8230.graphml
8240,4.159,483168,poly-s2-p8240.graphml
8250,4.13895,483536,poly-s2-p8250.graphml
8260,4.12907,484468,poly-s2-p8260.graphml
8270,4.18072,485240,poly-s2-p8270.graphml
8280,4.2561,485628,poly-s2-p8280.graphml
8290,4.11263,486060,poly-s2-p8290.graphml
830,0.34527,55612,poly-s2-p830.graphml
8310,4.16736,487184,poly-s2-p8310.graphml
8320,4.70057,488056,poly-s2-p8320.graphml
8330,4.06013,488244,poly-s2-p8330.graphml
8340,3.99201,489132,poly-s2-p8340.graphml
8350,3.9905,489496,poly-s2-p8350.graphml
8360,4.34809,489168,poly-s2-p8360.graphml
8370,4.24408,490564,poly-s2-p8370.graphml
8380,4.5058,491232,poly-s2-p8380.graphml
8390,4.31693,492412,poly-s2-p8390.graphml
840,0.41297,56104,poly-s2-p840.graphml
8410,4.22085,492712,poly-s2-p8410.graphml
8420,4.62503,492972,poly-s2-p8420.graphml
8430,4.20353,494160,poly-s2-p8430.graphml
8440,4.03586,494364,poly-s2-p8440.graphml
8450,4.15736,495468,poly-s2-p8450.graphml
8460,4.2423,495460,poly-s2-p8460.graphml
8470,4.54255,496304,poly-s2-p8470.graphml
8480,4.27148,496708,poly-s2-p8480.graphml
8490,4.26086,497260,poly-s2-p8490.graphml
850,0.382095,56632,poly-s2-p850.graphml
8510,4.16512,498512,poly-s2-p8510.graphml
8520,4.35753,500000,poly-s2-p8520.graphml
8530,4.31929,499340,poly-s2-p8530.graphml
8540,4.29722,500396,poly-s2-p8540.graphml
8550,4.39105,500164,poly-s2-p8550.graphml
8560,4.28517,500520,poly-s2-p8560.graphml
8570,4.62709,501104,poly-s2-p8570.graphml
8580,4.43534,502224,poly-s2-p8580.graphml
8590,4.98058,502788,poly-s2-p8590.graphml
860,0.35039,57404,poly-s2-p860.graphml
8610,4.21975,503912,poly-s2-p8610.graphml
8620,4.25206,504484,poly-s2-p8620.graphml
8630,4.53418,505056,poly-s2-p8630.graphml
8640,4.63207,505676,poly-s2-p8640.graphml
8650,4.28575,506304,poly-s2-p8650.graphml
8660,4.83182,507272,poly-s2-p8660.graphml
8670,4.69743,507396,poly-s2-p8670.graphml
8680,4.4512,508280,poly-s2-p8680.graphml
8690,4.20061,509600,poly-s2-p8690.graphml
870,0.346848,57648,poly-s2-p870.graphml
8710,4.78842,509472,poly-s2-p8710.graphml
8720,4.21998,510300,poly-s2-p8720.graphml
8730,4.41095,510840,poly-s2-p8730.graphml
8740,4.37804,511836,poly-s2-p8740.graphml
8750,4.27498,511764,poly-s2-p8750.graphml
8760,4.22533,513096,poly-s2-p8760.graphml
8770,4.33136,513312,poly-s2-p8770.graphml
8780,4.47511,513740,poly-s2-p8780.graphml
8790,4.36768,514060,poly-s2-p8790.graphml
880,0.362463,58148,poly-s2-p880.graphml
8810,4.37232,516244,poly-s2-p8810.graphml
8820,4.37549,516248,poly-s2-p8820.graphml
8830,4.54356,517088,poly-s2-p8830.graphml
8840,4.31771,517248,poly-s2-p8840.graphml
8850,4.42087,517804,poly-s2-p8850.graphml
8860,4.52544,518504,poly-s2-p8860.graphml
8870,4.35312,518804,poly-s2-p8870.graphml
8880,4.59501,518952,poly-s2-p8880.graphml
8890,4.94276,520000,poly-s2-p8890.graphml
890,0.35322,58300,poly-s2-p890.graphml
8910,4.33277,520748,poly-s2-p8910.graphml
8920,4.41853,521008,poly-s2-p8920.graphml
8930,4.34991,522408,poly-s2-p8930.graphml
8940,4.88797,523080,poly-s2-p8940.graphml
8950,5.30137,524208,poly-s2-p8950.graphml
8960,4.76597,523988,poly-s2-p8960.graphml
8970,4.4426,524732,poly-s2-p8970.graphml
8980,4.61939,525908,poly-s2-p8980.graphml
8990,4.67324,525716,poly-s2-p8990.graphml
9010,4.36429,527004,poly-s2-p9010.graphml
9020,4.77518,527788,poly-s2-p9020.graphml
9030,4.40536,527456,poly-s2-p9030.graphml
9040,4.54084,528956,poly-s2-p9040.graphml
9050,4.61626,528332,poly-s2-p9050.graphml
9060,4.56733,529632,poly-s2-p9060.graphml
9070,4.40147,530320,poly-s2-p9070.graphml
9080,4.4546,531012,poly-s2-p9080.graphml
9090,4.40141,531572,poly-s2-p9090.graphml
90,0.033413,12956,poly-s2-p90.graphml
910,0.36079,59712,poly-s2-p910.graphml
9110,4.51116,533296,poly-s2-p9110.graphml
9120,4.6782,533152,poly-s2-p9120.graphml
9130,4.50355,533872,poly-s2-p9130.graphml
9140,4.82583,533920,poly-s2-p9140.graphml
9150,4.4833,535036,poly-s2-p9150.graphml
9160,4.47541,536060,poly-s2-p9160.graphml
9170,4.53855,536516,poly-s2-p9170.graphml
9180,4.65501,536752,poly-s2-p9180.graphml
9190,4.69275,537664,poly-s2-p9190.graphml
920,0.370149,60088,poly-s2-p920.graphml
9210,4.48648,538980,poly-s2-p9210.graphml
9220,4.47642,538952,poly-s2-p9220.graphml
9230,4.49404,539860,poly-s2-p9230.graphml
9240,4.52712,540280,poly-s2-p9240.graphml
9250,4.54147,541100,poly-s2-p9250.graphml
9260,4.5309,542100,poly-s2-p9260.graphml
9270,4.51993,542452,poly-s2-p9270.graphml
9280,4.52453,542468,poly-s2-p9280.graphml
9290,4.58238,543424,poly-s2-p9290.graphml
930,0.376683,61508,poly-s2-p930.graphml
9310,4.57456,544488,poly-s2-p9310.graphml
9320,4.77747,545384,poly-s2-p9320.graphml
9330,4.6642,545624,poly-s2-p9330.graphml
9340,4.67662,547400,poly-s2-p9340.graphml
9350,4.72496,547572,poly-s2-p9350.graphml
9360,4.69678,548816,poly-s2-p9360.graphml
9370,4.7831,548752,poly-s2-p9370.graphml
9380,4.71505,549368,poly-s2-p9380.graphml
9390,4.71995,549672,poly-s2-p9390.graphml
940,0.382728,61972,poly-s2-p940.graphml
9410,4.62881,551076,poly-s2-p9410.graphml
9420,4.71557,551156,poly-s2-p9420.graphml
9430,4.69976,551916,poly-s2-p9430.graphml
9440,4.72437,552044,poly-s2-p9440.graphml
9450,4.758,552788,poly-s2-p9450.graphml
9460,4.68984,553444,poly-s2-p9460.graphml
9470,4.79161,554424,poly-s2-p9470.graphml
9480,4.74103,554976,poly-s2-p9480.graphml
9490,4.62495,555680,poly-s2-p9490.graphml
950,0.380152,62256,poly-s2-p950.graphml
9510,4.67996,557128,poly-s2-p9510.graphml
9520,4.65948,557692,poly-s2-p9520.graphml
9530,4.67263,558648,poly-s2-p9530.graphml
9540,4.66015,559144,poly-s2-p9540.graphml
9550,4.65692,559432,poly-s2-p9550.graphml
9560,5.07974,560080,poly-s2-p9560.graphml
9570,5.20421,559864,poly-s2-p9570.graphml
9580,4.69978,560980,poly-s2-p9580.graphml
9590,4.70738,561588,poly-s2-p9590.graphml
960,0.382512,62824,poly-s2-p960.graphml
9610,4.83217,563372,poly-s2-p9610.graphml
9620,4.7816,563336,poly-s2-p9620.graphml
9630,5.70495,563864,poly-s2-p9630.graphml
9640,4.94797,565252,poly-s2-p9640.graphml
9650,5.27459,565416,poly-s2-p9650.graphml
9660,6.89241,565576,poly-s2-p9660.graphml
9670,5.96644,566368,poly-s2-p9670.graphml
9680,5.60894,566832,poly-s2-p9680.graphml
9690,4.83128,567484,poly-s2-p9690.graphml
970,0.391045,63060,poly-s2-p970.graphml
9710,4.76414,568644,poly-s2-p9710.graphml
9720,4.83953,569752,poly-s2-p9720.graphml
9730,4.82922,570256,poly-s2-p9730.graphml
9740,4.82981,570884,poly-s2-p9740.graphml
9750,4.818,571120,poly-s2-p9750.graphml
9760,4.77422,571992,poly-s2-p9760.graphml
9770,4.81204,572704,poly-s2-p9770.graphml
9780,4.83068,573092,poly-s2-p9780.graphml
9790,4.90945,573696,poly-s2-p9790.graphml
980,0.3922,63740,poly-s2-p980.graphml
9810,4.8324,574692,poly-s2-p9810.graphml
9820,4.84724,575512,poly-s2-p9820.graphml
9830,4.86063,576012,poly-s2-p9830.graphml
9840,4.96217,576092,poly-s2-p9840.graphml
9850,4.8669,577384,poly-s2-p9850.graphml
9860,4.85481,578004,poly-s2-p9860.graphml
9870,4.91672,578708,poly-s2-p9870.graphml
9880,5.7382,577892,poly-s2-p9880.graphml
9890,5.2269,579804,poly-s2-p9890.graphml
990,0.43643,64752,poly-s2-p990.graphml
9910,5.49796,580380,poly-s2-p9910.graphml
9920,5.81905,581120,poly-s2-p9920.graphml
9930,5.2768,581224,poly-s2-p9930.graphml
9940,4.94463,582372,poly-s2-p9940.graphml
9950,4.96041,582952,poly-s2-p9950.graphml
9960,4.87615,583028,poly-s2-p9960.graphml
9970,5.19791,583468,poly-s2-p9970.graphml
9980,5.00922,584504,poly-s2-p9980.graphml
9990,4.89644,584968,poly-s2-p9990.graphml
