100000,86.8333,5764168,poly-s1-p100000.graphml
10000,7.48832,586264,poly-s1-p10000.graphml
1000,0.592472,65640,poly-s1-p1000.graphml
100500,87.4763,5794684,poly-s1-p100500.graphml
101000,88.0773,5822556,poly-s1-p101000.graphml
101500,89.398,5854160,poly-s1-p101500.graphml
102000,90.2512,5879236,poly-s1-p102000.graphml
102500,90.8925,5909644,poly-s1-p102500.graphml
103000,92.0847,5937436,poly-s1-p103000.graphml
103500,91.8969,5966964,poly-s1-p103500.graphml
104000,92.0162,5995884,poly-s1-p104000.graphml
104500,91.3707,6025672,poly-s1-p104500.graphml
105000,93.1983,6054028,poly-s1-p105000.graphml
10500,7.99955,615600,poly-s1-p10500.graphml
105500,94.039,6079648,poly-s1-p105500.graphml
106000,95.0257,6108716,poly-s1-p106000.graphml
106500,94.1473,6139504,poly-s1-p106500.graphml
107000,93.6475,6169864,poly-s1-p107000.graphml
107500,93.9972,6201300,poly-s1-p107500.graphml
108000,95.91,6229840,poly-s1-p108000.graphml
108500,95.9802,6259496,poly-s1-p108500.graphml
109000,97.2285,6287688,poly-s1-p109000.graphml
109500,98.9375,6316504,poly-s1-p109500.graphml
110000,97.2582,6343636,poly-s1-p110000.graphml
11000,9.10539,645980,poly-s1-p11000.graphml
110500,98.2536,6372688,poly-s1-p110500.graphml
111000,98.3752,6402016,poly-s1-p111000.graphml
111500,99.3293,6430164,poly-s1-p111500.graphml
112000,99.2651,6456868,poly-s1-p112000.graphml
112500,99.7305,6485708,poly-s1-p112500.graphml
113000,99.9314,6515244,poly-s1-p113000.graphml
113500,100.483,6544184,poly-s1-p113500.graphml
114000,100.583,6572684,poly-s1-p114000.graphml
114500,99.961,6601548,poly-s1-p114500.graphml
115000,100.684,6631904,poly-s1-p115000.graphml
11500,8.67078,673116,poly-s1-p11500.graphml
12000,9.10684,702276,poly-s1-p12000.graphml
12500,9.55467,730280,poly-s1-p12500.graphml
13000,9.92002,761084,poly-s1-p13000.graphml
13500,10.3111,787704,poly-s1-p13500.graphml
14000,10.9682,818712,poly-s1-p14000.graphml
14500,11.1868,845892,poly-s1-p14500.graphml
15000,11.5742,875228,poly-s1-p15000.graphml
1500,0.955952,95148,poly-s1-p1500.graphml
15500,12.0154,904956,poly-s1-p15500.graphml
16000,12.4007,933928,poly-s1-p16000.graphml
16500,12.8784,963660,poly-s1-p16500.graphml
17000,13.2493,992244,poly-s1-p17000.graphml
17500,13.8087,1020908,poly-s1-p17500.graphml
18000,14.0046,1048928,poly-s1-p18000.graphml
18500,14.452,1077284,poly-s1-p18500.graphml
19000,14.9093,1107340,poly-s1-p19000.graphml
19500,15.3379,1135564,poly-s1-p19500.graphml
20000,15.7164,1162200,poly-s1-p20000.graphml
2000,1.31327,124400,poly-s1-p2000.graphml
20500,16.1758,1191424,poly-s1-p20500.graphml
21000,16.7441,1221400,poly-s1-p21000.graphml
21500,17.1005,1249676,poly-s1-p21500.graphml
22000,17.5196,1277564,poly-s1-p22000.graphml
22500,17.9274,1306760,poly-s1-p22500.graphml
23000,18.3435,1334144,poly-s1-p23000.graphml
23500,18.7623,1361936,poly-s1-p23500.graphml
24000,19.2685,1393428,poly-s1-p24000.graphml
24500,19.6819,1421208,poly-s1-p24500.graphml
25000,20.3448,1450736,poly-s1-p25000.graphml
2500,1.68505,152796,poly-s1-p2500.graphml
25500,20.9244,1477244,poly-s1-p25500.graphml
26000,20.8841,1505684,poly-s1-p26000.graphml
26500,21.4919,1535220,poly-s1-p26500.graphml
27000,21.7565,1564040,poly-s1-p27000.graphml
27500,22.2756,1594204,poly-s1-p27500.graphml
28000,22.6806,1624700,poly-s1-p28000.graphml
28500,23.146,1651156,poly-s1-p28500.graphml
29000,23.5603,1678672,poly-s1-p29000.graphml
29500,23.9541,1705296,poly-s1-p29500.graphml
30000,24.3516,1733348,poly-s1-p30000.graphml
3000,2.05357,181476,poly-s1-p3000.graphml
30500,24.708,1761352,poly-s1-p30500.graphml
31000,25.2825,1789444,poly-s1-p31000.graphml
31500,25.5432,1820204,poly-s1-p31500.graphml
32000,26.0771,1848096,poly-s1-p32000.graphml
32500,26.4893,1876660,poly-s1-p32500.graphml
33000,26.804,1910828,poly-s1-p33000.graphml
33500,27.3171,1938492,poly-s1-p33500.graphml
34000,27.7432,1966872,poly-s1-p34000.graphml
34500,28.2184,1996196,poly-s1-p34500.graphml
35000,28.6241,2026240,poly-s1-p35000.graphml
3500,2.43688,210184,poly-s1-p3500.graphml
35500,29.0187,2056948,poly-s1-p35500.graphml
36000,29.4773,2086600,poly-s1-p36000.graphml
36500,29.93,2113348,poly-s1-p36500.graphml
37000,30.4428,2143484,poly-s1-p37000.graphml
37500,30.827,2169808,poly-s1-p37500.graphml
38000,31.2502,2199104,poly-s1-p38000.graphml
38500,31.6679,2228284,poly-s1-p38500.graphml
39000,32.1051,2255620,poly-s1-p39000.graphml
39500,32.5161,2283568,poly-s1-p39500.graphml
40000,32.9644,2311816,poly-s1-p40000.graphml
4000,2.80827,239356,poly-s1-p4000.graphml
40500,33.6542,2339908,poly-s1-p40500.graphml
41000,33.8537,2370928,poly-s1-p41000.graphml
41500,34.1504,2398668,poly-s1-p41500.graphml
42000,34.756,2428956,poly-s1-p42000.graphml
42500,35.1434,2458948,poly-s1-p42500.graphml
43000,35.5395,2487044,poly-s1-p43000.graphml
43500,35.9917,2514756,poly-s1-p43500.graphml
44000,36.3836,2543752,poly-s1-p44000.graphml
44500,36.9261,2573612,poly-s1-p44500.graphml
45000,37.351,2603512,poly-s1-p45000.graphml
4500,3.16734,269128,poly-s1-p4500.graphml
45500,37.8295,2631936,poly-s1-p45500.graphml
46000,38.2838,2658936,poly-s1-p46000.graphml
46500,38.585,2686912,poly-s1-p46500.graphml
47000,39.0505,2714492,poly-s1-p47000.graphml
47500,39.6809,2742792,poly-s1-p47500.graphml
48000,40.2121,2770528,poly-s1-p48000.graphml
48500,40.5525,2799144,poly-s1-p48500.graphml
49000,40.8297,2829784,poly-s1-p49000.graphml
49500,41.6822,2858712,poly-s1-p49500.graphml
50000,42.0594,2887420,poly-s1-p50000.graphml
5000,3.5186,296900,poly-s1-p5000.graphml
500,0.284465,36808,poly-s1-p500.graphml
50500,42.5541,2916568,poly-s1-p50500.graphml
51000,42.878,2945648,poly-s1-p51000.graphml
51500,43.2765,2973272,poly-s1-p51500.graphml
52000,43.7214,3000968,poly-s1-p52000.graphml
52500,44.2506,3029084,poly-s1-p52500.graphml
53000,44.6269,3057172,poly-s1-p53000.graphml
53500,45.2939,3086008,poly-s1-p53500.graphml
54000,46.6117,3117448,poly-s1-p54000.graphml
54500,45.9699,3143536,poly-s1-p54500.graphml
55000,46.6939,3172904,poly-s1-p55000.graphml
5500,3.94075,325604,poly-s1-p5500.graphml
55500,46.8141,3203572,poly-s1-p55500.graphml
56000,47.9334,3232808,poly-s1-p56000.graphml
56500,47.6869,3258696,poly-s1-p56500.graphml
57000,48.113,3287540,poly-s1-p57000.graphml
57500,48.5445,3316908,poly-s1-p57500.graphml
58000,49.0384,3344532,poly-s1-p58000.graphml
58500,50.0121,3372660,poly-s1-p58500.graphml
59000,49.9139,3399456,poly-s1-p59000.graphml
59500,50.4355,3430964,poly-s1-p59500.graphml
60000,50.8654,3458296,poly-s1-p60000.graphml
6000,4.34138,355804,poly-s1-p6000.graphml
60500,51.3705,3487856,poly-s1-p60500.graphml
61000,51.8023,3517204,poly-s1-p61000.graphml
61500,52.6252,3546544,poly-s1-p61500.graphml
62000,52.5533,3574452,poly-s1-p62000.graphml
62500,54.3311,3603600,poly-s1-p62500.graphml
63000,55.0107,3633364,poly-s1-p63000.graphml
63500,54.1684,3661752,poly-s1-p63500.graphml
64000,54.3837,3690376,poly-s1-p64000.graphml
64500,54.8652,3718652,poly-s1-p64500.graphml
65000,55.5047,3747708,poly-s1-p65000.graphml
6500,4.71062,382884,poly-s1-p6500.graphml
65500,55.6315,3775432,poly-s1-p65500.graphml
66000,56.1784,3811236,poly-s1-p66000.graphml
66500,56.5667,3840252,poly-s1-p66500.graphml
67000,56.981,3869288,poly-s1-p67000.graphml
67500,57.5491,3899060,poly-s1-p67500.graphml
68000,57.9623,3928560,poly-s1-p68000.graphml
68500,58.4897,3957272,poly-s1-p68500.graphml
69000,58.8461,3985188,poly-s1-p69000.graphml
69500,59.2287,4014448,poly-s1-p69500.graphml
70000,59.9424,4043060,poly-s1-p70000.graphml
7000,5.11493,412780,poly-s1-p7000.graphml
70500,60.6599,4073652,poly-s1-p70500.graphml
71000,60.9603,4103744,poly-s1-p71000.graphml
71500,61.1173,4132400,poly-s1-p71500.graphml
72000,61.4473,4161148,poly-s1-p72000.graphml
72500,62.0824,4193444,poly-s1-p72500.graphml
73000,62.6488,4218796,poly-s1-p73000.graphml
73500,63.116,4247080,poly-s1-p73500.graphml
74000,63.4985,4277332,poly-s1-p74000.graphml
74500,64.2344,4305320,poly-s1-p74500.graphml
75000,64.2723,4333588,poly-s1-p75000.graphml
7500,5.51041,440272,poly-s1-p7500.graphml
75500,64.7091,4361216,poly-s1-p75500.graphml
76000,65.2591,4392492,poly-s1-p76000.graphml
76500,65.8869,4421496,poly-s1-p76500.graphml
77000,66.1424,4447876,poly-s1-p77000.graphml
77500,68.0221,4479276,poly-s1-p77500.graphml
78000,66.8064,4505148,poly-s1-p78000.graphml
78500,67.6388,4532592,poly-s1-p78500.graphml
79000,67.8424,4559412,poly-s1-p79000.graphml
79500,68.5251,4588004,poly-s1-p79500.graphml
80000,68.7697,4618648,poly-s1-p80000.graphml
8000,5.88817,467988,poly-s1-p8000.graphml
80500,69.2017,4643772,poly-s1-p80500.graphml
81000,69.6544,4673584,poly-s1-p81000.graphml
81500,70.1348,4701504,poly-s1-p81500.graphml
82000,70.6438,4730688,poly-s1-p82000.graphml
82500,70.9883,4759324,poly-s1-p82500.graphml
83000,71.3952,4789864,poly-s1-p83000.graphml
83500,72.1076,4816388,poly-s1-p83500.graphml
84000,72.3739,4845128,poly-s1-p84000.graphml
84500,73.1036,4876344,poly-s1-p84500.graphml
85000,73.1109,4905152,poly-s1-p85000.graphml
8500,6.29204,498636,poly-s1-p8500.graphml
85500,73.7208,4934772,poly-s1-p85500.graphml
86000,74.2288,4961836,poly-s1-p86000.graphml
86500,74.4543,4990160,poly-s1-p86500.graphml
87000,75.2178,5020640,poly-s1-p87000.graphml
87500,75.3878,5048452,poly-s1-p87500.graphml
88000,76.3041,5076236,poly-s1-p88000.graphml
88500,76.383,5106088,poly-s1-p88500.graphml
89000,77.3712,5132792,poly-s1-p89000.graphml
89500,77.4341,5162352,poly-s1-p89500.graphml
90000,78.1651,5188772,poly-s1-p90000.graphml
9000,6.69815,529044,poly-s1-p9000.graphml
90500,78.0119,5215036,poly-s1-p90500.graphml
91000,78.8607,5244064,poly-s1-p91000.graphml
91500,78.8752,5273156,poly-s1-p91500.graphml
92000,79.4973,5302780,poly-s1-p92000.graphml
92500,79.9897,5331896,poly-s1-p92500.graphml
93000,80.7048,5360596,poly-s1-p93000.graphml
93500,80.7869,5389328,poly-s1-p93500.graphml
94000,81.3774,5418204,poly-s1-p94000.graphml
94500,81.9021,5448148,poly-s1-p94500.graphml
95000,82.4762,5477696,poly-s1-p95000.graphml
9500,7.13798,558040,poly-s1-p9500.graphml
95500,82.841,5505248,poly-s1-p95500.graphml
96000,83.3317,5531448,poly-s1-p96000.graphml
96500,84.2142,5559752,poly-s1-p96500.graphml
97000,84.0888,5590132,poly-s1-p97000.graphml
97500,85.1139,5618512,poly-s1-p97500.graphml
98000,85.2433,5646528,poly-s1-p98000.graphml
98500,85.6612,5675408,poly-s1-p98500.graphml
99000,86.1865,5705572,poly-s1-p99000.graphml
99500,86.4024,5736500,poly-s1-p99500.graphml
100000,86.8031,5769904,poly-s3-p100000.graphml
10000,7.46789,586080,poly-s3-p10000.graphml
100100,86.958,5775524,poly-s3-p100100.graphml
100200,87.1837,5784172,poly-s3-p100200.graphml
100300,87.1943,5789424,poly-s3-p100300.graphml
100400,87.0312,5796936,poly-s3-p100400.graphml
100500,88.0559,5799072,poly-s3-p100500.graphml
100600,87.8578,5807500,poly-s3-p100600.graphml
100700,87.5109,5809868,poly-s3-p100700.graphml
100800,87.5511,5816768,poly-s3-p100800.graphml
100900,87.5847,5820752,poly-s3-p100900.graphml
101000,88.0323,5829480,poly-s3-p101000.graphml
10100,7.56579,591856,poly-s3-p10100.graphml
101100,88.3068,5834984,poly-s3-p101100.graphml
101200,88.5924,5839036,poly-s3-p101200.graphml
101300,88.6431,5843188,poly-s3-p101300.graphml
101400,88.3403,5850908,poly-s3-p101400.graphml
101500,88.5108,5859236,poly-s3-p101500.graphml
101600,88.5685,5865264,poly-s3-p101600.graphml
101700,88.7691,5869160,poly-s3-p101700.graphml
101800,88.1936,5875396,poly-s3-p101800.graphml
101900,88.5422,5882428,poly-s3-p101900.graphml
102000,88.5257,5886620,poly-s3-p102000.graphml
10200,7.61333,597392,poly-s3-p10200.graphml
102100,88.594,5892248,poly-s3-p102100.graphml
102200,89.1505,5896364,poly-s3-p102200.graphml
102300,88.9537,5904204,poly-s3-p102300.graphml
102400,89.0495,5907748,poly-s3-p102400.graphml
102500,89.2008,5913772,poly-s3-p102500.graphml
102600,89.9866,5919944,poly-s3-p102600.graphml
102700,89.2141,5925988,poly-s3-p102700.graphml
102800,89.3159,5930448,poly-s3-p102800.graphml
102900,89.7291,5937296,poly-s3-p102900.graphml
103000,89.6961,5941280,poly-s3-p103000.graphml
10300,7.79412,603640,poly-s3-p10300.graphml
103100,89.8748,5948376,poly-s3-p103100.graphml
103200,90.2985,5955724,poly-s3-p103200.graphml
103300,90.2358,5963196,poly-s3-p103300.graphml
103400,90.0937,5967276,poly-s3-p103400.graphml
103500,90.582,5972892,poly-s3-p103500.graphml
103600,90.901,5980000,poly-s3-p103600.graphml
103700,90.391,5984076,poly-s3-p103700.graphml
103800,90.3255,5991232,poly-s3-p103800.graphml
103900,91.6303,5996152,poly-s3-p103900.graphml
104000,90.2658,6001636,poly-s3-p104000.graphml
10400,7.80853,608816,poly-s3-p10400.graphml
104100,90.8895,6008360,poly-s3-p104100.graphml
104200,90.7443,6013972,poly-s3-p104200.graphml
104300,90.6248,6019800,poly-s3-p104300.graphml
104400,91.0364,6025992,poly-s3-p104400.graphml
104500,91.3005,6031884,poly-s3-p104500.graphml
104600,91.0658,6037052,poly-s3-p104600.graphml
104700,91.0945,6042480,poly-s3-p104700.graphml
104800,91.036,6050268,poly-s3-p104800.graphml
104900,91.0154,6055584,poly-s3-p104900.graphml
105000,91.9267,6060944,poly-s3-p105000.graphml
10500,7.89074,614048,poly-s3-p10500.graphml
105100,91.801,6064136,poly-s3-p105100.graphml
105200,91.5771,6072416,poly-s3-p105200.graphml
105300,91.8345,6077256,poly-s3-p105300.graphml
105400,92.0559,6083328,poly-s3-p105400.graphml
105500,92.096,6088572,poly-s3-p105500.graphml
105600,92.5928,6094436,poly-s3-p105600.graphml
105700,92.2236,6099524,poly-s3-p105700.graphml
105800,92.2437,6106556,poly-s3-p105800.graphml
105900,92.4011,6112988,poly-s3-p105900.graphml
106000,93.9747,6116320,poly-s3-p106000.graphml
10600,7.97777,619936,poly-s3-p10600.graphml
106100,92.6562,6123008,poly-s3-p106100.graphml
106200,92.5606,6130840,poly-s3-p106200.graphml
106300,92.3242,6134464,poly-s3-p106300.graphml
106400,92.8824,6141744,poly-s3-p106400.graphml
106500,92.6404,6146908,poly-s3-p106500.graphml
106600,93.113,6152464,poly-s3-p106600.graphml
106700,93.3143,6158036,poly-s3-p106700.graphml
106800,93.2299,6162952,poly-s3-p106800.graphml
106900,93.89,6168540,poly-s3-p106900.graphml
107000,93.1052,6174604,poly-s3-p107000.graphml
10700,8.08854,625952,poly-s3-p10700.graphml
107100,93.4406,6182196,poly-s3-p107100.graphml
107200,93.5146,6187008,poly-s3-p107200.graphml
107300,94.5255,6192592,poly-s3-p107300.graphml
107400,93.3356,6199660,poly-s3-p107400.graphml
107500,93.7202,6204988,poly-s3-p107500.graphml
107600,93.7098,6209880,poly-s3-p107600.graphml
107700,93.6169,6215104,poly-s3-p107700.graphml
107800,93.9813,6222576,poly-s3-p107800.graphml
107900,94.1451,6229272,poly-s3-p107900.graphml
108000,94.2387,6234864,poly-s3-p108000.graphml
10800,8.15996,632340,poly-s3-p10800.graphml
108100,94.5594,6241432,poly-s3-p108100.graphml
108200,95.4446,6246688,poly-s3-p108200.graphml
108300,94.806,6253640,poly-s3-p108300.graphml
108400,95.1062,6257464,poly-s3-p108400.graphml
108500,94.8362,6263188,poly-s3-p108500.graphml
108600,94.5821,6267788,poly-s3-p108600.graphml
108700,95.5051,6274200,poly-s3-p108700.graphml
108800,95.2614,6279096,poly-s3-p108800.graphml
108900,95.0889,6284220,poly-s3-p108900.graphml
109000,95.5153,6292724,poly-s3-p109000.graphml
10900,8.18029,637840,poly-s3-p10900.graphml
109100,95.0395,6296888,poly-s3-p109100.graphml
109200,95.3449,6303004,poly-s3-p109200.graphml
109300,95.5014,6308772,poly-s3-p109300.graphml
109400,95.8642,6316064,poly-s3-p109400.graphml
109500,95.5209,6320572,poly-s3-p109500.graphml
109600,95.7515,6325376,poly-s3-p109600.graphml
109700,96.0086,6331588,poly-s3-p109700.graphml
109800,96.4209,6336440,poly-s3-p109800.graphml
109900,96.4542,6344284,poly-s3-p109900.graphml
110000,95.9585,6349392,poly-s3-p110000.graphml
11000,8.30174,642928,poly-s3-p11000.graphml
1100,0.668124,71644,poly-s3-p1100.graphml
11100,8.38424,649180,poly-s3-p11100.graphml
11200,8.43854,654420,poly-s3-p11200.graphml
11300,8.49851,660628,poly-s3-p11300.graphml
11400,8.64025,667324,poly-s3-p11400.graphml
11500,8.69017,672892,poly-s3-p11500.graphml
11600,8.79549,678616,poly-s3-p11600.graphml
11700,8.88102,684308,poly-s3-p11700.graphml
11800,8.9918,690392,poly-s3-p11800.graphml
11900,9.02196,697408,poly-s3-p11900.graphml
12000,9.1332,703512,poly-s3-p12000.graphml
1200,0.751796,77664,poly-s3-p1200.graphml
12100,9.20463,709584,poly-s3-p12100.graphml
12200,9.30427,715448,poly-s3-p12200.graphml
12300,9.33978,723012,poly-s3-p12300.graphml
12400,9.44858,726380,poly-s3-p12400.graphml
12500,9.69417,732376,poly-s3-p12500.graphml
12600,9.64565,738468,poly-s3-p12600.graphml
12700,9.6773,743520,poly-s3-p12700.graphml
12800,9.76202,749484,poly-s3-p12800.graphml
12900,9.83109,754972,poly-s3-p12900.graphml
13000,9.94001,760996,poly-s3-p13000.graphml
1300,0.830834,83568,poly-s3-p1300.graphml
13100,9.98061,766216,poly-s3-p13100.graphml
13200,10.0721,769976,poly-s3-p13200.graphml
13300,10.2061,777360,poly-s3-p13300.graphml
13400,10.2663,784088,poly-s3-p13400.graphml
13500,10.3523,787964,poly-s3-p13500.graphml
13600,10.3506,795116,poly-s3-p13600.graphml
13700,10.4575,799832,poly-s3-p13700.graphml
13800,10.6196,806836,poly-s3-p13800.graphml
13900,10.7781,810964,poly-s3-p13900.graphml
14000,10.7264,815780,poly-s3-p14000.graphml
1400,0.907548,89976,poly-s3-p1400.graphml
14100,10.8663,823572,poly-s3-p14100.graphml
14200,10.927,829000,poly-s3-p14200.graphml
14300,11.0509,835924,poly-s3-p14300.graphml
14400,11.0998,841020,poly-s3-p14400.graphml
14500,11.1625,846668,poly-s3-p14500.graphml
14600,11.2938,850716,poly-s3-p14600.graphml
14700,11.3449,856324,poly-s3-p14700.graphml
14800,11.4478,860512,poly-s3-p14800.graphml
14900,11.4998,867336,poly-s3-p14900.graphml
15000,11.5725,872924,poly-s3-p15000.graphml
1500,0.969219,95444,poly-s3-p1500.graphml
15100,11.7285,879836,poly-s3-p15100.graphml
15200,11.841,884492,poly-s3-p15200.graphml
15300,11.8345,891796,poly-s3-p15300.graphml
15400,11.9567,896948,poly-s3-p15400.graphml
15500,12.0246,902036,poly-s3-p15500.graphml
15600,12.0626,909464,poly-s3-p15600.graphml
15700,12.2088,915244,poly-s3-p15700.graphml
15800,12.2413,919716,poly-s3-p15800.graphml
15900,12.3603,925180,poly-s3-p15900.graphml
16000,12.4315,932676,poly-s3-p16000.graphml
1600,1.04381,101184,poly-s3-p1600.graphml
16100,12.4501,938308,poly-s3-p16100.graphml
16200,12.5526,942312,poly-s3-p16200.graphml
16300,12.6015,948052,poly-s3-p16300.graphml
16400,12.7516,956944,poly-s3-p16400.graphml
16500,12.8259,961300,poly-s3-p16500.graphml
16600,13.1017,968416,poly-s3-p16600.graphml
16700,13.0059,973404,poly-s3-p16700.graphml
16800,13.0957,977468,poly-s3-p16800.graphml
16900,13.1131,984256,poly-s3-p16900.graphml
17000,13.3026,989088,poly-s3-p17000.graphml
1700,1.09628,106604,poly-s3-p1700.graphml
17100,13.3231,994944,poly-s3-p17100.graphml
17200,13.4823,1001464,poly-s3-p17200.graphml
17300,13.4928,1008188,poly-s3-p17300.graphml
17400,13.8238,1013376,poly-s3-p17400.graphml
17500,13.7175,1019080,poly-s3-p17500.graphml
17600,13.7516,1023244,poly-s3-p17600.graphml
17700,13.8903,1028788,poly-s3-p17700.graphml
17800,13.9488,1036056,poly-s3-p17800.graphml
17900,13.9546,1041256,poly-s3-p17900.graphml
18000,14.0413,1047916,poly-s3-p18000.graphml
1800,1.1849,112244,poly-s3-p1800.graphml
18100,14.1494,1053192,poly-s3-p18100.graphml
18200,14.2555,1058192,poly-s3-p18200.graphml
18300,14.2896,1064908,poly-s3-p18300.graphml
18400,14.362,1070464,poly-s3-p18400.graphml
18500,14.5014,1075032,poly-s3-p18500.graphml
18600,14.7244,1081532,poly-s3-p18600.graphml
18700,14.8036,1087936,poly-s3-p18700.graphml
18800,14.7131,1091548,poly-s3-p18800.graphml
18900,14.8241,1098252,poly-s3-p18900.graphml
19000,14.9295,1103320,poly-s3-p19000.graphml
1900,1.24941,118024,poly-s3-p1900.graphml
19100,14.9171,1109200,poly-s3-p19100.graphml
19200,15.0599,1115724,poly-s3-p19200.graphml
19300,15.1207,1122704,poly-s3-p19300.graphml
19400,15.2096,1127536,poly-s3-p19400.graphml
19500,15.3564,1133312,poly-s3-p19500.graphml
19600,15.493,1138932,poly-s3-p19600.graphml
19700,15.4507,1145436,poly-s3-p19700.graphml
19800,15.5517,1151632,poly-s3-p19800.graphml
19900,15.6644,1156124,poly-s3-p19900.graphml
20000,15.7146,1162044,poly-s3-p20000.graphml
2000,1.32399,123540,poly-s3-p2000.graphml
20100,15.7858,1167876,poly-s3-p20100.graphml
20200,15.8612,1173052,poly-s3-p20200.graphml
20300,15.9442,1178856,poly-s3-p20300.graphml
20400,16.0595,1185076,poly-s3-p20400.graphml
20500,16.2082,1190452,poly-s3-p20500.graphml
20600,16.2918,1196248,poly-s3-p20600.graphml
20700,16.3126,1202780,poly-s3-p20700.graphml
20800,16.376,1207696,poly-s3-p20800.graphml
20900,16.5107,1213864,poly-s3-p20900.graphml
21000,16.5545,1219140,poly-s3-p21000.graphml
2100,1.39751,129364,poly-s3-p2100.graphml
21100,16.6569,1225252,poly-s3-p21100.graphml
21200,16.7646,1231276,poly-s3-p21200.graphml
21300,16.8973,1237048,poly-s3-p21300.graphml
21400,16.924,1241912,poly-s3-p21400.graphml
21500,17.0414,1247440,poly-s3-p21500.graphml
21600,17.1035,1253400,poly-s3-p21600.graphml
21700,17.1383,1258840,poly-s3-p21700.graphml
21800,17.2084,1264144,poly-s3-p21800.graphml
21900,17.2945,1269632,poly-s3-p21900.graphml
22000,17.4286,1275472,poly-s3-p22000.graphml
2200,1.486,135116,poly-s3-p2200.graphml
22100,17.4582,1280500,poly-s3-p22100.graphml
22200,17.6409,1286392,poly-s3-p22200.graphml
22300,17.6878,1293168,poly-s3-p22300.graphml
22400,17.7381,1297424,poly-s3-p22400.graphml
22500,17.8142,1303720,poly-s3-p22500.graphml
22600,17.8822,1309128,poly-s3-p22600.graphml
22700,18.0298,1316016,poly-s3-p22700.graphml
22800,18.0456,1321424,poly-s3-p22800.graphml
22900,18.1834,1327248,poly-s3-p22900.graphml
23000,18.3144,1332884,poly-s3-p23000.graphml
2300,1.53378,140136,poly-s3-p2300.graphml
23100,18.3631,1338272,poly-s3-p23100.graphml
23200,18.3518,1344712,poly-s3-p23200.graphml
23300,18.5547,1349844,poly-s3-p23300.graphml
23400,18.5625,1356140,poly-s3-p23400.graphml
23500,18.6832,1361856,poly-s3-p23500.graphml
23600,18.7389,1368916,poly-s3-p23600.graphml
23700,18.9746,1373856,poly-s3-p23700.graphml
23800,18.9999,1381688,poly-s3-p23800.graphml
23900,18.9925,1387708,poly-s3-p23900.graphml
24000,19.2109,1393280,poly-s3-p24000.graphml
2400,1.60926,146656,poly-s3-p2400.graphml
24100,19.4662,1396264,poly-s3-p24100.graphml
24200,19.5426,1403276,poly-s3-p24200.graphml
24300,19.4193,1409384,poly-s3-p24300.graphml
24400,19.5176,1415952,poly-s3-p24400.graphml
24500,19.5625,1422064,poly-s3-p24500.graphml
24600,19.6015,1428192,poly-s3-p24600.graphml
24700,19.7565,1433528,poly-s3-p24700.graphml
24800,19.8076,1438092,poly-s3-p24800.graphml
24900,20.1658,1443596,poly-s3-p24900.graphml
25000,20.026,1450920,poly-s3-p25000.graphml
2500,1.67925,152628,poly-s3-p2500.graphml
25100,20.4417,1455988,poly-s3-p25100.graphml
25200,20.2138,1461156,poly-s3-p25200.graphml
25300,20.2573,1467408,poly-s3-p25300.graphml
25400,20.326,1473412,poly-s3-p25400.graphml
25500,20.3997,1479704,poly-s3-p25500.graphml
25600,20.5463,1485900,poly-s3-p25600.graphml
25700,20.6475,1490772,poly-s3-p25700.graphml
25800,20.6883,1497608,poly-s3-p25800.graphml
25900,20.7817,1502608,poly-s3-p25900.graphml
26000,21.118,1507260,poly-s3-p26000.graphml
2600,1.75879,157872,poly-s3-p2600.graphml
26100,21.0162,1514324,poly-s3-p26100.graphml
26200,21.0596,1518220,poly-s3-p26200.graphml
26300,21.0647,1524084,poly-s3-p26300.graphml
26400,21.3486,1529516,poly-s3-p26400.graphml
26500,21.1935,1535308,poly-s3-p26500.graphml
26600,21.352,1542620,poly-s3-p26600.graphml
26700,21.5089,1549368,poly-s3-p26700.graphml
26800,21.5014,1553696,poly-s3-p26800.graphml
26900,21.6609,1560116,poly-s3-p26900.graphml
27000,21.5956,1564812,poly-s3-p27000.graphml
2700,1.82363,163516,poly-s3-p2700.graphml
27100,21.7307,1570952,poly-s3-p27100.graphml
27200,21.8905,1576036,poly-s3-p27200.graphml
27300,21.894,1584788,poly-s3-p27300.graphml
27400,22.0536,1587656,poly-s3-p27400.graphml
27500,22.0906,1592596,poly-s3-p27500.graphml
27600,22.2025,1599832,poly-s3-p27600.graphml
27700,22.2398,1607516,poly-s3-p27700.graphml
27800,22.3877,1612284,poly-s3-p27800.graphml
27900,22.4712,1618140,poly-s3-p27900.graphml
28000,22.562,1622268,poly-s3-p28000.graphml
2800,1.88549,169868,poly-s3-p2800.graphml
28100,22.5897,1629312,poly-s3-p28100.graphml
28200,22.638,1633784,poly-s3-p28200.graphml
28300,22.7398,1639024,poly-s3-p28300.graphml
28400,22.8556,1647728,poly-s3-p28400.graphml
28500,23.1035,1650912,poly-s3-p28500.graphml
28600,23.1409,1658560,poly-s3-p28600.graphml
28700,23.0734,1662872,poly-s3-p28700.graphml
28800,23.1954,1668104,poly-s3-p28800.graphml
28900,23.3202,1675800,poly-s3-p28900.graphml
29000,23.366,1681056,poly-s3-p29000.graphml
2900,1.96817,175232,poly-s3-p2900.graphml
29100,23.4821,1688664,poly-s3-p29100.graphml
29200,23.5432,1693776,poly-s3-p29200.graphml
29300,23.7213,1699768,poly-s3-p29300.graphml
29400,23.7497,1703944,poly-s3-p29400.graphml
29500,23.7843,1711664,poly-s3-p29500.graphml
29600,23.9848,1718028,poly-s3-p29600.graphml
29700,24.0092,1721636,poly-s3-p29700.graphml
29800,24.2121,1729636,poly-s3-p29800.graphml
29900,24.2071,1731704,poly-s3-p29900.graphml
30000,24.3014,1740244,poly-s3-p30000.graphml
3000,2.04622,181136,poly-s3-p3000.graphml
30100,25.1648,1744928,poly-s3-p30100.graphml
30200,24.4938,1751652,poly-s3-p30200.graphml
30300,24.5241,1756296,poly-s3-p30300.graphml
30400,24.5644,1762180,poly-s3-p30400.graphml
30500,24.7121,1767060,poly-s3-p30500.graphml
30600,24.7051,1773588,poly-s3-p30600.graphml
30700,25.1197,1780904,poly-s3-p30700.graphml
30800,24.9782,1786120,poly-s3-p30800.graphml
30900,25.0203,1789824,poly-s3-p30900.graphml
31000,25.1767,1796832,poly-s3-p31000.graphml
3100,2.11351,187396,poly-s3-p3100.graphml
31100,25.2488,1801776,poly-s3-p31100.graphml
31200,25.5892,1808452,poly-s3-p31200.graphml
31300,25.5618,1814232,poly-s3-p31300.graphml
31400,25.4266,1819516,poly-s3-p31400.graphml
31500,25.5493,1824900,poly-s3-p31500.graphml
31600,25.661,1829972,poly-s3-p31600.graphml
31700,25.7942,1839200,poly-s3-p31700.graphml
31800,25.8886,1843144,poly-s3-p31800.graphml
31900,25.9022,1847704,poly-s3-p31900.graphml
32000,26.1304,1854212,poly-s3-p32000.graphml
3200,2.19577,193448,poly-s3-p3200.graphml
32100,26.1352,1860500,poly-s3-p32100.graphml
32200,26.4749,1865800,poly-s3-p32200.graphml
32300,26.3413,1870412,poly-s3-p32300.graphml
32400,26.41,1876544,poly-s3-p32400.graphml
32500,26.4655,1883716,poly-s3-p32500.graphml
32600,26.6139,1887672,poly-s3-p32600.graphml
32700,26.704,1894624,poly-s3-p32700.graphml
32800,26.8261,1904356,poly-s3-p32800.graphml
32900,26.8377,1911028,poly-s3-p32900.graphml
33000,26.9254,1915904,poly-s3-p33000.graphml
3300,2.2811,199132,poly-s3-p3300.graphml
33100,26.9009,1919540,poly-s3-p33100.graphml
33200,27.1327,1926436,poly-s3-p33200.graphml
33300,27.1852,1930756,poly-s3-p33300.graphml
33400,27.3406,1936468,poly-s3-p33400.graphml
33500,28.0386,1942776,poly-s3-p33500.graphml
33600,27.3595,1949356,poly-s3-p33600.graphml
33700,27.6399,1954272,poly-s3-p33700.graphml
33800,27.5373,1961776,poly-s3-p33800.graphml
33900,27.6453,1966640,poly-s3-p33900.graphml
34000,27.6861,1972008,poly-s3-p34000.graphml
3400,2.34531,204536,poly-s3-p3400.graphml
34100,27.8224,1976512,poly-s3-p34100.graphml
34200,27.9331,1983664,poly-s3-p34200.graphml
34300,28.1187,1990076,poly-s3-p34300.graphml
34400,28.1853,1996364,poly-s3-p34400.graphml
34500,28.4692,2000224,poly-s3-p34500.graphml
34600,28.5376,2006732,poly-s3-p34600.graphml
34700,28.3995,2012056,poly-s3-p34700.graphml
34800,28.447,2016216,poly-s3-p34800.graphml
34900,28.3953,2022828,poly-s3-p34900.graphml
35000,28.6306,2029280,poly-s3-p35000.graphml
3500,2.40807,210928,poly-s3-p3500.graphml
35100,28.7022,2034936,poly-s3-p35100.graphml
35200,28.7947,2041380,poly-s3-p35200.graphml
35300,28.963,2047284,poly-s3-p35300.graphml
35400,28.9215,2054000,poly-s3-p35400.graphml
35500,29.1154,2058528,poly-s3-p35500.graphml
35600,29.0696,2065584,poly-s3-p35600.graphml
35700,29.2639,2073312,poly-s3-p35700.graphml
35800,29.3154,2078232,poly-s3-p35800.graphml
35900,29.4113,2083160,poly-s3-p35900.graphml
36000,29.517,2089756,poly-s3-p36000.graphml
3600,2.47942,217040,poly-s3-p3600.graphml
36100,29.5673,2097092,poly-s3-p36100.graphml
36200,29.7291,2101232,poly-s3-p36200.graphml
36300,29.6462,2105996,poly-s3-p36300.graphml
36400,29.839,2112880,poly-s3-p36400.graphml
36500,29.9794,2119208,poly-s3-p36500.graphml
36600,29.9342,2125760,poly-s3-p36600.graphml
36700,30.0797,2129936,poly-s3-p36700.graphml
36800,30.8057,2136652,poly-s3-p36800.graphml
36900,30.1851,2141752,poly-s3-p36900.graphml
37000,30.393,2147764,poly-s3-p37000.graphml
3700,2.57308,222964,poly-s3-p3700.graphml
37100,30.4245,2153316,poly-s3-p37100.graphml
37200,30.7193,2160172,poly-s3-p37200.graphml
37300,30.6143,2165628,poly-s3-p37300.graphml
37400,30.7248,2170876,poly-s3-p37400.graphml
37500,30.8892,2176484,poly-s3-p37500.graphml
37600,30.8632,2181628,poly-s3-p37600.graphml
37700,31.0586,2187232,poly-s3-p37700.graphml
37800,31.0642,2192400,poly-s3-p37800.graphml
37900,31.2368,2198332,poly-s3-p37900.graphml
38000,31.3013,2206764,poly-s3-p38000.graphml
3800,2.63657,228192,poly-s3-p3800.graphml
38100,31.4364,2209284,poly-s3-p38100.graphml
38200,31.6169,2215984,poly-s3-p38200.graphml
38300,31.5616,2221312,poly-s3-p38300.graphml
38400,31.5759,2228256,poly-s3-p38400.graphml
38500,31.8815,2233668,poly-s3-p38500.graphml
38600,31.8135,2238020,poly-s3-p38600.graphml
38700,31.8986,2244536,poly-s3-p38700.graphml
38800,31.9897,2249312,poly-s3-p38800.graphml
38900,32.0041,2256192,poly-s3-p38900.graphml
39000,32.1325,2261408,poly-s3-p39000.graphml
3900,2.72371,234088,poly-s3-p3900.graphml
39100,32.1135,2267776,poly-s3-p39100.graphml
39200,32.3387,2271212,poly-s3-p39200.graphml
39300,32.4303,2278032,poly-s3-p39300.graphml
39400,32.607,2286416,poly-s3-p39400.graphml
39500,32.604,2290376,poly-s3-p39500.graphml
39600,32.6148,2294540,poly-s3-p39600.graphml
39700,32.8102,2302072,poly-s3-p39700.graphml
39800,32.8435,2308520,poly-s3-p39800.graphml
39900,32.9844,2313388,poly-s3-p39900.graphml
40000,32.977,2318628,poly-s3-p40000.graphml
4000,2.77239,238692,poly-s3-p4000.graphml
40100,33.1219,2324156,poly-s3-p40100.graphml
40200,33.1359,2329544,poly-s3-p40200.graphml
40300,33.3372,2335740,poly-s3-p40300.graphml
40400,33.3783,2342300,poly-s3-p40400.graphml
40500,33.4913,2348344,poly-s3-p40500.graphml
40600,33.5868,2354724,poly-s3-p40600.graphml
40700,33.6787,2359488,poly-s3-p40700.graphml
40800,33.7718,2365448,poly-s3-p40800.graphml
40900,33.8201,2370668,poly-s3-p40900.graphml
41000,33.8695,2376980,poly-s3-p41000.graphml
4100,2.8464,245428,poly-s3-p4100.graphml
41100,34.0555,2381120,poly-s3-p41100.graphml
41200,34.1004,2387076,poly-s3-p41200.graphml
41300,34.3488,2393988,poly-s3-p41300.graphml
41400,34.1119,2399636,poly-s3-p41400.graphml
41500,34.4122,2403948,poly-s3-p41500.graphml
41600,34.4727,2410876,poly-s3-p41600.graphml
41700,34.4732,2415904,poly-s3-p41700.graphml
41800,34.5951,2421464,poly-s3-p41800.graphml
41900,34.6667,2426792,poly-s3-p41900.graphml
42000,34.7281,2434140,poly-s3-p42000.graphml
4200,2.91598,251856,poly-s3-p4200.graphml
42100,34.9232,2438276,poly-s3-p42100.graphml
42200,34.9147,2442940,poly-s3-p42200.graphml
42300,35.1339,2449136,poly-s3-p42300.graphml
42400,35.2477,2456920,poly-s3-p42400.graphml
42500,35.2149,2462780,poly-s3-p42500.graphml
42600,35.3399,2468064,poly-s3-p42600.graphml
42700,35.4484,2474352,poly-s3-p42700.graphml
42800,35.61,2477976,poly-s3-p42800.graphml
42900,35.4955,2484284,poly-s3-p42900.graphml
43000,35.5373,2488748,poly-s3-p43000.graphml
4300,2.99984,257616,poly-s3-p4300.graphml
43100,35.9602,2495408,poly-s3-p43100.graphml
43200,35.7361,2501536,poly-s3-p43200.graphml
43300,40.1899,2507848,poly-s3-p43300.graphml
43400,35.8772,2514084,poly-s3-p43400.graphml
43500,35.9876,2519140,poly-s3-p43500.graphml
43600,36.5973,2524064,poly-s3-p43600.graphml
43700,36.3658,2529760,poly-s3-p43700.graphml
43800,36.3418,2535416,poly-s3-p43800.graphml
43900,36.9975,2541316,poly-s3-p43900.graphml
44000,36.7386,2546796,poly-s3-p44000.graphml
4400,3.07288,262352,poly-s3-p4400.graphml
44100,36.5108,2552768,poly-s3-p44100.graphml
44200,36.6501,2558716,poly-s3-p44200.graphml
44300,36.7943,2564152,poly-s3-p44300.graphml
44400,36.7625,2568740,poly-s3-p44400.graphml
44500,37.0521,2574648,poly-s3-p44500.graphml
44600,36.8577,2580532,poly-s3-p44600.graphml
44700,37.0174,2585828,poly-s3-p44700.graphml
44800,37.1883,2592144,poly-s3-p44800.graphml
44900,37.2016,2597988,poly-s3-p44900.graphml
45000,37.6446,2603808,poly-s3-p45000.graphml
4500,3.15651,268148,poly-s3-p4500.graphml
45100,37.339,2609032,poly-s3-p45100.graphml
45200,37.4955,2614316,poly-s3-p45200.graphml
45300,37.6641,2619896,poly-s3-p45300.graphml
45400,37.6364,2625384,poly-s3-p45400.graphml
45500,37.9101,2631036,poly-s3-p45500.graphml
45600,37.9951,2636664,poly-s3-p45600.graphml
45700,37.9956,2642040,poly-s3-p45700.graphml
45800,38.0894,2647788,poly-s3-p45800.graphml
45900,38.0594,2652680,poly-s3-p45900.graphml
46000,38.1213,2658728,poly-s3-p46000.graphml
4600,3.21659,274136,poly-s3-p4600.graphml
46100,38.277,2665432,poly-s3-p46100.graphml
46200,38.3222,2670260,poly-s3-p46200.graphml
46300,38.3718,2675112,poly-s3-p46300.graphml
46400,38.4958,2681044,poly-s3-p46400.graphml
46500,38.9062,2686836,poly-s3-p46500.graphml
46600,38.8364,2692024,poly-s3-p46600.graphml
46700,38.7035,2698396,poly-s3-p46700.graphml
46800,38.7861,2704048,poly-s3-p46800.graphml
46900,39.0838,2709804,poly-s3-p46900.graphml
47000,38.9098,2714752,poly-s3-p47000.graphml
4700,3.33124,280124,poly-s3-p4700.graphml
47100,39.1971,2721272,poly-s3-p47100.graphml
47200,39.0758,2726956,poly-s3-p47200.graphml
47300,39.3711,2732868,poly-s3-p47300.graphml
47400,39.6007,2737848,poly-s3-p47400.graphml
47500,39.5393,2744204,poly-s3-p47500.graphml
47600,39.461,2749492,poly-s3-p47600.graphml
47700,39.706,2755012,poly-s3-p47700.graphml
47800,39.6974,2762800,poly-s3-p47800.graphml
47900,40.1555,2768696,poly-s3-p47900.graphml
48000,40.0804,2774140,poly-s3-p48000.graphml
4800,3.40437,285176,poly-s3-p4800.graphml
48100,40.117,2779868,poly-s3-p48100.graphml
48200,40.3639,2784876,poly-s3-p48200.graphml
48300,40.1736,2790528,poly-s3-p48300.graphml
48400,40.43,2793104,poly-s3-p48400.graphml
48500,40.4422,2800616,poly-s3-p48500.graphml
48600,40.4836,2806320,poly-s3-p48600.graphml
48700,40.6954,2811164,poly-s3-p48700.graphml
48800,40.687,2817336,poly-s3-p48800.graphml
48900,40.6773,2822956,poly-s3-p48900.graphml
49000,40.9154,2829436,poly-s3-p49000.graphml
4900,3.46083,290348,poly-s3-p4900.graphml
49100,40.8948,2833512,poly-s3-p49100.graphml
49200,41.1154,2839052,poly-s3-p49200.graphml
49300,41.2089,2845716,poly-s3-p49300.graphml
49400,41.1844,2852844,poly-s3-p49400.graphml
49500,41.3133,2859396,poly-s3-p49500.graphml
49600,41.4461,2861964,poly-s3-p49600.graphml
49700,41.6047,2870888,poly-s3-p49700.graphml
49800,41.4551,2874636,poly-s3-p49800.graphml
49900,41.5582,2881540,poly-s3-p49900.graphml
50000,41.8181,2887912,poly-s3-p50000.graphml
5000,3.52368,296120,poly-s3-p5000.graphml
50100,41.7971,2891168,poly-s3-p50100.graphml
50200,41.8676,2898708,poly-s3-p50200.graphml
50300,42.0556,2904268,poly-s3-p50300.graphml
50400,42.2767,2910668,poly-s3-p50400.graphml
50500,42.1928,2916788,poly-s3-p50500.graphml
50600,42.2959,2920760,poly-s3-p50600.graphml
50700,42.3197,2927260,poly-s3-p50700.graphml
50800,42.4297,2933272,poly-s3-p50800.graphml
50900,42.4654,2940048,poly-s3-p50900.graphml
51000,42.689,2946644,poly-s3-p51000.graphml
5100,3.63155,302612,poly-s3-p5100.graphml
51100,42.7346,2950228,poly-s3-p51100.graphml
51200,43.0314,2957368,poly-s3-p51200.graphml
51300,43.0986,2962704,poly-s3-p51300.graphml
51400,42.9919,2969148,poly-s3-p51400.graphml
51500,43.1519,2973616,poly-s3-p51500.graphml
51600,43.6053,2979956,poly-s3-p51600.graphml
51700,43.2784,2985332,poly-s3-p51700.graphml
51800,43.3577,2991468,poly-s3-p51800.graphml
51900,43.501,2998084,poly-s3-p51900.graphml
52000,43.6373,3005892,poly-s3-p52000.graphml
5200,3.69515,308172,poly-s3-p5200.graphml
52100,43.5678,3008168,poly-s3-p52100.graphml
52200,43.6351,3014752,poly-s3-p52200.graphml
52300,43.8336,3022180,poly-s3-p52300.graphml
52400,44.0531,3027404,poly-s3-p52400.graphml
52500,44.0415,3032536,poly-s3-p52500.graphml
52600,44.1802,3036812,poly-s3-p52600.graphml
52700,44.2298,3044092,poly-s3-p52700.graphml
52800,44.3458,3048956,poly-s3-p52800.graphml
52900,44.4345,3055992,poly-s3-p52900.graphml
53000,44.5385,3059676,poly-s3-p53000.graphml
5300,3.75866,313920,poly-s3-p5300.graphml
53100,44.5054,3066160,poly-s3-p53100.graphml
53200,44.891,3072148,poly-s3-p53200.graphml
53300,44.6847,3078388,poly-s3-p53300.graphml
53400,44.8732,3084464,poly-s3-p53400.graphml
53500,45.0483,3090024,poly-s3-p53500.graphml
53600,45.3237,3096692,poly-s3-p53600.graphml
53700,45.0684,3100800,poly-s3-p53700.graphml
53800,45.2255,3106800,poly-s3-p53800.graphml
53900,45.3207,3112324,poly-s3-p53900.graphml
54000,45.3348,3117932,poly-s3-p54000.graphml
5400,3.8156,319648,poly-s3-p5400.graphml
54100,45.3627,3123056,poly-s3-p54100.graphml
54200,45.5395,3130224,poly-s3-p54200.graphml
54300,45.7409,3135908,poly-s3-p54300.graphml
54400,45.7084,3140076,poly-s3-p54400.graphml
54500,45.9271,3147380,poly-s3-p54500.graphml
54600,45.9895,3154916,poly-s3-p54600.graphml
54700,46.018,3156572,poly-s3-p54700.graphml
54800,46.1997,3164616,poly-s3-p54800.graphml
54900,46.0935,3169204,poly-s3-p54900.graphml
55000,46.3939,3177468,poly-s3-p55000.graphml
5500,3.90564,326148,poly-s3-p5500.graphml
55100,46.4974,3182236,poly-s3-p55100.graphml
55200,46.3579,3189696,poly-s3-p55200.graphml
55300,46.5933,3196436,poly-s3-p55300.graphml
55400,46.4695,3199884,poly-s3-p55400.graphml
55500,46.8728,3207000,poly-s3-p55500.graphml
55600,46.7446,3209788,poly-s3-p55600.graphml
55700,47.0974,3216236,poly-s3-p55700.graphml
55800,47.0935,3222292,poly-s3-p55800.graphml
55900,47.116,3228840,poly-s3-p55900.graphml
56000,47.2533,3232304,poly-s3-p56000.graphml
5600,4.01121,330940,poly-s3-p5600.graphml
56100,47.2457,3240292,poly-s3-p56100.graphml
56200,47.4393,3242744,poly-s3-p56200.graphml
56300,47.6434,3249412,poly-s3-p56300.graphml
56400,47.5954,3259212,poly-s3-p56400.graphml
56500,47.5421,3260572,poly-s3-p56500.graphml
56600,48.3624,3268608,poly-s3-p56600.graphml
56700,47.893,3271460,poly-s3-p56700.graphml
56800,48.1146,3279904,poly-s3-p56800.graphml
56900,47.8948,3285608,poly-s3-p56900.graphml
57000,48.0977,3292700,poly-s3-p57000.graphml
5700,4.07642,337228,poly-s3-p5700.graphml
57100,48.1536,3297348,poly-s3-p57100.graphml
57200,48.0981,3303232,poly-s3-p57200.graphml
57300,48.3649,3310660,poly-s3-p57300.graphml
57400,48.6453,3315984,poly-s3-p57400.graphml
57500,48.4229,3320844,poly-s3-p57500.graphml
57600,48.445,3326776,poly-s3-p57600.graphml
57700,48.7307,3334060,poly-s3-p57700.graphml
57800,48.8831,3340348,poly-s3-p57800.graphml
57900,48.9279,3345720,poly-s3-p57900.graphml
58000,49.0512,3350096,poly-s3-p58000.graphml
5800,4.17216,343312,poly-s3-p5800.graphml
58100,49.118,3355756,poly-s3-p58100.graphml
58200,49.2716,3362000,poly-s3-p58200.graphml
58300,49.4242,3368164,poly-s3-p58300.graphml
58400,49.4509,3374456,poly-s3-p58400.graphml
58500,49.4238,3378700,poly-s3-p58500.graphml
58600,49.5036,3383384,poly-s3-p58600.graphml
58700,49.574,3390564,poly-s3-p58700.graphml
58800,49.6629,3394104,poly-s3-p58800.graphml
58900,49.8088,3402008,poly-s3-p58900.graphml
59000,50.056,3406484,poly-s3-p59000.graphml
5900,4.22574,349676,poly-s3-p5900.graphml
59100,50.0018,3411456,poly-s3-p59100.graphml
59200,50.0322,3418500,poly-s3-p59200.graphml
59300,50.169,3422636,poly-s3-p59300.graphml
59400,50.2391,3428924,poly-s3-p59400.graphml
59500,50.2788,3435296,poly-s3-p59500.graphml
59600,50.4611,3442296,poly-s3-p59600.graphml
59700,50.8105,3448656,poly-s3-p59700.graphml
59800,50.5149,3452484,poly-s3-p59800.graphml
59900,50.8423,3459428,poly-s3-p59900.graphml
60000,50.7364,3465824,poly-s3-p60000.graphml
6000,4.31254,355660,poly-s3-p6000.graphml
60100,50.7838,3471360,poly-s3-p60100.graphml
60200,50.8183,3475912,poly-s3-p60200.graphml
60300,50.9669,3481316,poly-s3-p60300.graphml
60400,52.8045,3487892,poly-s3-p60400.graphml
60500,51.2161,3494156,poly-s3-p60500.graphml
60600,51.2427,3498792,poly-s3-p60600.graphml
60700,51.8737,3504940,poly-s3-p60700.graphml
60800,51.2839,3508228,poly-s3-p60800.graphml
60900,51.5652,3515052,poly-s3-p60900.graphml
61000,51.6794,3522584,poly-s3-p61000.graphml
6100,4.39895,360776,poly-s3-p6100.graphml
61100,51.7507,3526696,poly-s3-p61100.graphml
61200,52.0329,3531268,poly-s3-p61200.graphml
61300,51.9465,3538424,poly-s3-p61300.graphml
61400,52.0642,3544124,poly-s3-p61400.graphml
61500,52.2611,3549452,poly-s3-p61500.graphml
61600,52.492,3554964,poly-s3-p61600.graphml
61700,53.7459,3561016,poly-s3-p61700.graphml
61800,52.3905,3567540,poly-s3-p61800.graphml
61900,52.8718,3571752,poly-s3-p61900.graphml
62000,52.5168,3578868,poly-s3-p62000.graphml
6200,4.44472,366984,poly-s3-p6200.graphml
62100,52.5435,3584256,poly-s3-p62100.graphml
62200,53.2876,3589152,poly-s3-p62200.graphml
62300,53.573,3593668,poly-s3-p62300.graphml
62400,52.7843,3600488,poly-s3-p62400.graphml
62500,53.6562,3606348,poly-s3-p62500.graphml
62600,53.1072,3613012,poly-s3-p62600.graphml
62700,53.1053,3616868,poly-s3-p62700.graphml
62800,53.5556,3622820,poly-s3-p62800.graphml
62900,53.5205,3629204,poly-s3-p62900.graphml
63000,53.4427,3634104,poly-s3-p63000.graphml
6300,4.55233,373184,poly-s3-p6300.graphml
63100,53.5444,3643748,poly-s3-p63100.graphml
63200,53.7765,3646976,poly-s3-p63200.graphml
63300,53.6842,3653836,poly-s3-p63300.graphml
63400,54.7034,3660336,poly-s3-p63400.graphml
63500,53.9978,3663480,poly-s3-p63500.graphml
63600,54.0004,3669408,poly-s3-p63600.graphml
63700,54.0801,3677120,poly-s3-p63700.graphml
63800,54.3109,3683636,poly-s3-p63800.graphml
63900,54.5499,3688344,poly-s3-p63900.graphml
64000,54.6021,3692644,poly-s3-p64000.graphml
6400,4.64223,380412,poly-s3-p6400.graphml
64100,54.3804,3700056,poly-s3-p64100.graphml
64200,54.4774,3705216,poly-s3-p64200.graphml
64300,54.5784,3711736,poly-s3-p64300.graphml
64400,54.7587,3716500,poly-s3-p64400.graphml
64500,54.8401,3721340,poly-s3-p64500.graphml
64600,54.8114,3728084,poly-s3-p64600.graphml
64700,55.0403,3733032,poly-s3-p64700.graphml
64800,55.0446,3738220,poly-s3-p64800.graphml
64900,55.3248,3746896,poly-s3-p64900.graphml
65000,55.232,3752044,poly-s3-p65000.graphml
6500,4.68461,383808,poly-s3-p6500.graphml
65100,55.6602,3756768,poly-s3-p65100.graphml
65200,55.3818,3762676,poly-s3-p65200.graphml
65300,55.8026,3770856,poly-s3-p65300.graphml
65400,55.6722,3774464,poly-s3-p65400.graphml
65500,55.9203,3779348,poly-s3-p65500.graphml
65600,55.604,3791676,poly-s3-p65600.graphml
65700,55.873,3799004,poly-s3-p65700.graphml
65800,55.961,3805972,poly-s3-p65800.graphml
65900,56.057,3808888,poly-s3-p65900.graphml
66000,56.2234,3819204,poly-s3-p66000.graphml
6600,4.76851,389048,poly-s3-p6600.graphml
66100,56.2985,3819788,poly-s3-p66100.graphml
66200,56.264,3828860,poly-s3-p66200.graphml
66300,56.3578,3835800,poly-s3-p66300.graphml
66400,56.3332,3842976,poly-s3-p66400.graphml
66500,56.5967,3848072,poly-s3-p66500.graphml
66600,56.9676,3854288,poly-s3-p66600.graphml
66700,56.6926,3858644,poly-s3-p66700.graphml
66800,57.2086,3864396,poly-s3-p66800.graphml
66900,56.9367,3870332,poly-s3-p66900.graphml
67000,56.9729,3876656,poly-s3-p67000.graphml
6700,4.84627,394580,poly-s3-p6700.graphml
67100,57.0986,3883048,poly-s3-p67100.graphml
67200,57.2,3885936,poly-s3-p67200.graphml
67300,57.3241,3892820,poly-s3-p67300.graphml
67400,57.3271,3899240,poly-s3-p67400.graphml
67500,57.4303,3903936,poly-s3-p67500.graphml
67600,57.5218,3908528,poly-s3-p67600.graphml
67700,57.6389,3915428,poly-s3-p67700.graphml
67800,57.7837,3919200,poly-s3-p67800.graphml
67900,58.3178,3926456,poly-s3-p67900.graphml
68000,57.8603,3932244,poly-s3-p68000.graphml
6800,4.94699,400488,poly-s3-p6800.graphml
68100,57.9905,3938400,poly-s3-p68100.graphml
68200,57.9704,3943568,poly-s3-p68200.graphml
68300,58.3977,3949352,poly-s3-p68300.graphml
68400,58.333,3956560,poly-s3-p68400.graphml
68500,58.2393,3962808,poly-s3-p68500.graphml
68600,58.4059,3965928,poly-s3-p68600.graphml
68700,58.7556,3973536,poly-s3-p68700.graphml
68800,58.48,3981120,poly-s3-p68800.graphml
68900,58.8365,3984740,poly-s3-p68900.graphml
69000,59.1448,3991716,poly-s3-p69000.graphml
6900,5.02297,406832,poly-s3-p6900.graphml
69100,59.7584,3996832,poly-s3-p69100.graphml
69200,59.8885,4003444,poly-s3-p69200.graphml
69300,59.7601,4008060,poly-s3-p69300.graphml
69400,59.718,4014976,poly-s3-p69400.graphml
69500,59.684,4021720,poly-s3-p69500.graphml
69600,60.427,4024640,poly-s3-p69600.graphml
69700,60.5414,4031472,poly-s3-p69700.graphml
69800,60.6978,4036232,poly-s3-p69800.graphml
69900,60.7905,4044052,poly-s3-p69900.graphml
70000,60.9424,4048500,poly-s3-p70000.graphml
7000,5.13976,412348,poly-s3-p7000.graphml
70100,60.815,4054944,poly-s3-p70100.graphml
70200,59.983,4060688,poly-s3-p70200.graphml
70300,60.5288,4064904,poly-s3-p70300.graphml
70400,60.3552,4070808,poly-s3-p70400.graphml
70500,60.3214,4078356,poly-s3-p70500.graphml
70600,61.1931,4084608,poly-s3-p70600.graphml
70700,60.3842,4092292,poly-s3-p70700.graphml
70800,60.3277,4096536,poly-s3-p70800.graphml
70900,60.666,4101784,poly-s3-p70900.graphml
71000,60.5974,4107804,poly-s3-p71000.graphml
7100,5.18332,418416,poly-s3-p7100.graphml
71100,60.6922,4112172,poly-s3-p71100.graphml
71200,60.8484,4119004,poly-s3-p71200.graphml
71300,61.1149,4125188,poly-s3-p71300.graphml
71400,61.6476,4129772,poly-s3-p71400.graphml
71500,61.5461,4137892,poly-s3-p71500.graphml
71600,61.5955,4143088,poly-s3-p71600.graphml
71700,61.5787,4147664,poly-s3-p71700.graphml
71800,61.9271,4153712,poly-s3-p71800.graphml
71900,62.4349,4159728,poly-s3-p71900.graphml
72000,62.9176,4165244,poly-s3-p72000.graphml
7200,5.34147,424580,poly-s3-p7200.graphml
72100,62.9194,4172128,poly-s3-p72100.graphml
72200,63.138,4177480,poly-s3-p72200.graphml
72300,63.057,4182800,poly-s3-p72300.graphml
72400,63.2117,4186976,poly-s3-p72400.graphml
72500,63.1917,4195372,poly-s3-p72500.graphml
72600,62.5518,4199260,poly-s3-p72600.graphml
72700,62.098,4206768,poly-s3-p72700.graphml
72800,62.3603,4212252,poly-s3-p72800.graphml
72900,62.7952,4217600,poly-s3-p72900.graphml
73000,63.4446,4223164,poly-s3-p73000.graphml
7300,5.40545,431412,poly-s3-p7300.graphml
73100,63.8428,4230396,poly-s3-p73100.graphml
73200,64.0755,4235300,poly-s3-p73200.graphml
73300,64.18,4240572,poly-s3-p73300.graphml
73400,63.8499,4245540,poly-s3-p73400.graphml
73500,63.8538,4254508,poly-s3-p73500.graphml
73600,64.3845,4257640,poly-s3-p73600.graphml
73700,64.4181,4260640,poly-s3-p73700.graphml
73800,64.5779,4264612,poly-s3-p73800.graphml
73900,64.3802,4272380,poly-s3-p73900.graphml
74000,64.8315,4278272,poly-s3-p74000.graphml
7400,5.69956,435088,poly-s3-p7400.graphml
74100,64.9139,4284460,poly-s3-p74100.graphml
74200,66.2195,4292924,poly-s3-p74200.graphml
74300,65.4643,4295228,poly-s3-p74300.graphml
74400,64.1233,4301716,poly-s3-p74400.graphml
74500,64.0195,4307020,poly-s3-p74500.graphml
74600,64.0492,4312788,poly-s3-p74600.graphml
74700,63.8949,4317588,poly-s3-p74700.graphml
74800,65.2787,4322984,poly-s3-p74800.graphml
74900,64.0233,4329684,poly-s3-p74900.graphml
75000,64.5148,4338472,poly-s3-p75000.graphml
7500,5.48335,442360,poly-s3-p7500.graphml
75100,64.7614,4341140,poly-s3-p75100.graphml
75200,64.4116,4349260,poly-s3-p75200.graphml
75300,64.5498,4353668,poly-s3-p75300.graphml
75400,64.6451,4359844,poly-s3-p75400.graphml
75500,65.8217,4363700,poly-s3-p75500.graphml
75600,65.6104,4372220,poly-s3-p75600.graphml
75700,65.56,4377800,poly-s3-p75700.graphml
75800,65.4785,4382324,poly-s3-p75800.graphml
75900,65.6683,4387672,poly-s3-p75900.graphml
76000,65.8835,4394160,poly-s3-p76000.graphml
7600,5.6114,447296,poly-s3-p7600.graphml
76100,66.9448,4399852,poly-s3-p76100.graphml
76200,66.766,4404112,poly-s3-p76200.graphml
76300,65.6873,4413860,poly-s3-p76300.graphml
76400,65.781,4417996,poly-s3-p76400.graphml
76500,65.6064,4422076,poly-s3-p76500.graphml
76600,70.2121,4427732,poly-s3-p76600.graphml
76700,67.1762,4434528,poly-s3-p76700.graphml
76800,67.6805,4441332,poly-s3-p76800.graphml
76900,67.0173,4448396,poly-s3-p76900.graphml
77000,67.1537,4453572,poly-s3-p77000.graphml
7700,5.65439,452976,poly-s3-p7700.graphml
77100,69.2839,4456848,poly-s3-p77100.graphml
77200,67.1599,4462424,poly-s3-p77200.graphml
77300,67.6101,4468084,poly-s3-p77300.graphml
77400,69.8452,4477560,poly-s3-p77400.graphml
77500,68.5136,4479968,poly-s3-p77500.graphml
77600,71.2221,4487916,poly-s3-p77600.graphml
77700,68.1186,4493124,poly-s3-p77700.graphml
77800,67.9439,4500188,poly-s3-p77800.graphml
77900,67.7485,4504856,poly-s3-p77900.graphml
78000,70.0144,4511696,poly-s3-p78000.graphml
7800,5.98941,459744,poly-s3-p7800.graphml
78100,69.4319,4516116,poly-s3-p78100.graphml
78200,70.6912,4524284,poly-s3-p78200.graphml
78300,68.8604,4528620,poly-s3-p78300.graphml
78400,67.911,4536064,poly-s3-p78400.graphml
78500,72.9966,4540080,poly-s3-p78500.graphml
78600,69.3733,4545684,poly-s3-p78600.graphml
78700,67.7831,4550092,poly-s3-p78700.graphml
78800,67.7567,4559888,poly-s3-p78800.graphml
78900,69.7283,4561496,poly-s3-p78900.graphml
79000,71.3118,4568484,poly-s3-p79000.graphml
7900,6.24838,465004,poly-s3-p7900.graphml
79100,71.1275,4576148,poly-s3-p79100.graphml
79200,69.3602,4581360,poly-s3-p79200.graphml
79300,71.3149,4586112,poly-s3-p79300.graphml
79400,69.8329,4590148,poly-s3-p79400.graphml
79500,69.4776,4595996,poly-s3-p79500.graphml
79600,69.098,4601264,poly-s3-p79600.graphml
79700,69.2404,4609532,poly-s3-p79700.graphml
79800,69.1871,4615680,poly-s3-p79800.graphml
79900,68.957,4618964,poly-s3-p79900.graphml
80000,69.1585,4625232,poly-s3-p80000.graphml
8000,6.16939,471176,poly-s3-p8000.graphml
80100,69.1964,4629308,poly-s3-p80100.graphml
80200,69.4167,4636904,poly-s3-p80200.graphml
80300,70.6273,4642488,poly-s3-p80300.graphml
80400,70.1135,4648212,poly-s3-p80400.graphml
80500,69.625,4654856,poly-s3-p80500.graphml
80600,69.8508,4658908,poly-s3-p80600.graphml
80700,69.9475,4666568,poly-s3-p80700.graphml
80800,70.7235,4670964,poly-s3-p80800.graphml
80900,70.5224,4676056,poly-s3-p80900.graphml
81000,70.636,4682220,poly-s3-p81000.graphml
8100,5.98168,476300,poly-s3-p8100.graphml
81100,70.7467,4686580,poly-s3-p81100.graphml
81200,70.3465,4693420,poly-s3-p81200.graphml
81300,70.1511,4697700,poly-s3-p81300.graphml
81400,70.3876,4706340,poly-s3-p81400.graphml
81500,70.7204,4711324,poly-s3-p81500.graphml
81600,71.0504,4718836,poly-s3-p81600.graphml
81700,71.3715,4722228,poly-s3-p81700.graphml
81800,70.7344,4727132,poly-s3-p81800.graphml
81900,70.7969,4734564,poly-s3-p81900.graphml
82000,70.7032,4739568,poly-s3-p82000.graphml
8200,6.15255,483696,poly-s3-p8200.graphml
82100,71.6864,4746876,poly-s3-p82100.graphml
82200,71.5186,4753172,poly-s3-p82200.graphml
82300,71.0541,4759364,poly-s3-p82300.graphml
82400,70.9349,4762180,poly-s3-p82400.graphml
82500,72.4697,4768444,poly-s3-p82500.graphml
82600,73.6303,4773260,poly-s3-p82600.graphml
82700,71.1182,4780704,poly-s3-p82700.graphml
82800,72.154,4786852,poly-s3-p82800.graphml
82900,71.748,4795856,poly-s3-p82900.graphml
83000,71.931,4798516,poly-s3-p83000.graphml
8300,6.14935,488844,poly-s3-p8300.graphml
83100,72.5739,4807064,poly-s3-p83100.graphml
83200,72.0359,4809584,poly-s3-p83200.graphml
83300,72.6342,4815280,poly-s3-p83300.graphml
83400,72.2326,4821924,poly-s3-p83400.graphml
83500,72.7152,4827704,poly-s3-p83500.graphml
83600,72.2632,4831584,poly-s3-p83600.graphml
83700,73.0677,4836960,poly-s3-p83700.graphml
83800,72.4513,4845344,poly-s3-p83800.graphml
83900,74.1853,4849216,poly-s3-p83900.graphml
84000,75.4856,4855776,poly-s3-p84000.graphml
8400,6.26321,494916,poly-s3-p8400.graphml
84100,73.7505,4862284,poly-s3-p84100.graphml
84200,73.8495,4866852,poly-s3-p84200.graphml
84300,73.3575,4874672,poly-s3-p84300.graphml
84400,72.8606,4878004,poly-s3-p84400.graphml
84500,73.3107,4884368,poly-s3-p84500.graphml
84600,73.8283,4890016,poly-s3-p84600.graphml
84700,72.8453,4895284,poly-s3-p84700.graphml
84800,72.9617,4901268,poly-s3-p84800.graphml
84900,74.7244,4906480,poly-s3-p84900.graphml
85000,73.4474,4914864,poly-s3-p85000.graphml
8500,6.27564,500712,poly-s3-p8500.graphml
85100,73.2244,4918516,poly-s3-p85100.graphml
85200,73.3786,4925112,poly-s3-p85200.graphml
85300,74.0485,4930700,poly-s3-p85300.graphml
85400,75.3831,4936880,poly-s3-p85400.graphml
85500,76.6369,4940856,poly-s3-p85500.graphml
85600,75.0753,4947028,poly-s3-p85600.graphml
85700,75.0919,4952500,poly-s3-p85700.graphml
85800,74.0511,4959084,poly-s3-p85800.graphml
85900,74.2168,4965436,poly-s3-p85900.graphml
86000,75.6775,4969544,poly-s3-p86000.graphml
8600,6.40917,505992,poly-s3-p8600.graphml
86100,75.1584,4975776,poly-s3-p86100.graphml
86200,74.5001,4978544,poly-s3-p86200.graphml
86300,76.6398,4987092,poly-s3-p86300.graphml
86400,78.4914,4988348,poly-s3-p86400.graphml
86500,77.3593,4997956,poly-s3-p86500.graphml
86600,75.6459,5002676,poly-s3-p86600.graphml
86700,77.3456,5010692,poly-s3-p86700.graphml
86800,75.6381,5013976,poly-s3-p86800.graphml
86900,77.4358,5020084,poly-s3-p86900.graphml
87000,76.5906,5026360,poly-s3-p87000.graphml
8700,6.61775,511224,poly-s3-p8700.graphml
87100,76.5304,5030528,poly-s3-p87100.graphml
87200,76.9244,5036828,poly-s3-p87200.graphml
87300,77.1899,5042240,poly-s3-p87300.graphml
87400,76.736,5049736,poly-s3-p87400.graphml
87500,77.5271,5053876,poly-s3-p87500.graphml
87600,78.2952,5058728,poly-s3-p87600.graphml
87700,76.4183,5066396,poly-s3-p87700.graphml
87800,76.2457,5071724,poly-s3-p87800.graphml
87900,76.4587,5076932,poly-s3-p87900.graphml
88000,76.4874,5083228,poly-s3-p88000.graphml
8800,6.55521,516532,poly-s3-p8800.graphml
88100,76.8218,5086012,poly-s3-p88100.graphml
88200,79.8055,5092980,poly-s3-p88200.graphml
88300,76.888,5098984,poly-s3-p88300.graphml
88400,77.6249,5106348,poly-s3-p88400.graphml
88500,77.0841,5110952,poly-s3-p88500.graphml
88600,79.4351,5114996,poly-s3-p88600.graphml
88700,77.9311,5122752,poly-s3-p88700.graphml
88800,76.8808,5126240,poly-s3-p88800.graphml
88900,78.0335,5133368,poly-s3-p88900.graphml
89000,78.358,5138252,poly-s3-p89000.graphml
8900,6.58197,522032,poly-s3-p8900.graphml
89100,79.7995,5144304,poly-s3-p89100.graphml
89200,80.0062,5149444,poly-s3-p89200.graphml
89300,78.665,5155700,poly-s3-p89300.graphml
89400,77.6024,5161568,poly-s3-p89400.graphml
89500,77.7736,5167764,poly-s3-p89500.graphml
89600,78.6266,5171988,poly-s3-p89600.graphml
89700,78.5421,5177864,poly-s3-p89700.graphml
89800,78.8195,5183196,poly-s3-p89800.graphml
89900,78.8495,5189056,poly-s3-p89900.graphml
90000,78.9755,5194008,poly-s3-p90000.graphml
9000,6.72412,528044,poly-s3-p9000.graphml
90100,78.7669,5200436,poly-s3-p90100.graphml
90200,78.7173,5206832,poly-s3-p90200.graphml
90300,78.3364,5212508,poly-s3-p90300.graphml
90400,78.2007,5218324,poly-s3-p90400.graphml
90500,78.4097,5224556,poly-s3-p90500.graphml
90600,78.7374,5228628,poly-s3-p90600.graphml
90700,78.3439,5234244,poly-s3-p90700.graphml
90800,78.7882,5239744,poly-s3-p90800.graphml
90900,78.7754,5245240,poly-s3-p90900.graphml
91000,78.3911,5251452,poly-s3-p91000.graphml
9100,6.74738,533900,poly-s3-p9100.graphml
91100,78.7143,5257248,poly-s3-p91100.graphml
91200,78.9959,5263428,poly-s3-p91200.graphml
91300,79.0455,5268592,poly-s3-p91300.graphml
91400,79.828,5274632,poly-s3-p91400.graphml
91500,80.9263,5280796,poly-s3-p91500.graphml
91600,84.4833,5287596,poly-s3-p91600.graphml
91700,79.4029,5293712,poly-s3-p91700.graphml
91800,81.8145,5298916,poly-s3-p91800.graphml
91900,80.0835,5304440,poly-s3-p91900.graphml
92000,79.67,5309300,poly-s3-p92000.graphml
9200,6.85468,539108,poly-s3-p9200.graphml
92100,81.9439,5315696,poly-s3-p92100.graphml
92200,82.0553,5321460,poly-s3-p92200.graphml
92300,83.5814,5327252,poly-s3-p92300.graphml
92400,83.3786,5333276,poly-s3-p92400.graphml
92500,82.3014,5338708,poly-s3-p92500.graphml
92600,80.2747,5344608,poly-s3-p92600.graphml
92700,80.6523,5350180,poly-s3-p92700.graphml
92800,80.5682,5356504,poly-s3-p92800.graphml
92900,80.4878,5361184,poly-s3-p92900.graphml
93000,80.842,5367724,poly-s3-p93000.graphml
9300,6.94369,545200,poly-s3-p9300.graphml
93100,81.4394,5373428,poly-s3-p93100.graphml
93200,81.2476,5379812,poly-s3-p93200.graphml
93300,81.1185,5384956,poly-s3-p93300.graphml
93400,81.4428,5390728,poly-s3-p93400.graphml
93500,82.0286,5396064,poly-s3-p93500.graphml
93600,87.1837,5402008,poly-s3-p93600.graphml
93700,83.1777,5406924,poly-s3-p93700.graphml
93800,82.2688,5412488,poly-s3-p93800.graphml
93900,82.1245,5418952,poly-s3-p93900.graphml
94000,82.1203,5424944,poly-s3-p94000.graphml
9400,7.57954,551056,poly-s3-p9400.graphml
94100,84.3735,5430056,poly-s3-p94100.graphml
94200,82.7248,5436372,poly-s3-p94200.graphml
94300,85.6569,5442000,poly-s3-p94300.graphml
94400,85.2166,5447952,poly-s3-p94400.graphml
94500,86.0368,5454288,poly-s3-p94500.graphml
94600,87.4568,5459672,poly-s3-p94600.graphml
94700,83.6074,5466028,poly-s3-p94700.graphml
94800,82.8024,5472204,poly-s3-p94800.graphml
94900,83.1898,5477612,poly-s3-p94900.graphml
95000,82.6688,5484048,poly-s3-p95000.graphml
9500,7.11322,557844,poly-s3-p9500.graphml
95100,82.8867,5490376,poly-s3-p95100.graphml
95200,82.6184,5496800,poly-s3-p95200.graphml
95300,82.6935,5500976,poly-s3-p95300.graphml
95400,83.1141,5506172,poly-s3-p95400.graphml
95500,83.1909,5513172,poly-s3-p95500.graphml
95600,83.4883,5518588,poly-s3-p95600.graphml
95700,83.5521,5524064,poly-s3-p95700.graphml
95800,83.7362,5532032,poly-s3-p95800.graphml
95900,84.9337,5538376,poly-s3-p95900.graphml
96000,83.6309,5542916,poly-s3-p96000.graphml
9600,7.31288,563372,poly-s3-p9600.graphml
96100,84.5698,5547460,poly-s3-p96100.graphml
96200,85.551,5553140,poly-s3-p96200.graphml
96300,88.5367,5561164,poly-s3-p96300.graphml
96400,88.6756,5567828,poly-s3-p96400.graphml
96500,86.5688,5573164,poly-s3-p96500.graphml
96600,84.208,5579352,poly-s3-p96600.graphml
96700,86.041,5582488,poly-s3-p96700.graphml
96800,85.6554,5590572,poly-s3-p96800.graphml
96900,85.1533,5597148,poly-s3-p96900.graphml
97000,86.4657,5603108,poly-s3-p97000.graphml
9700,7.35481,569132,poly-s3-p9700.graphml
97100,86.1396,5607252,poly-s3-p97100.graphml
97200,86.4957,5612092,poly-s3-p97200.graphml
97300,86.2814,5618356,poly-s3-p97300.graphml
97400,85.7348,5622412,poly-s3-p97400.graphml
97500,87.0202,5627160,poly-s3-p97500.graphml
97600,87.2917,5633112,poly-s3-p97600.graphml
97700,85.7718,5641224,poly-s3-p97700.graphml
97800,85.7611,5643872,poly-s3-p97800.graphml
97900,86.3884,5652668,poly-s3-p97900.graphml
98000,87.747,5658712,poly-s3-p98000.graphml
9800,8.21906,575108,poly-s3-p9800.graphml
98100,89.9632,5661992,poly-s3-p98100.graphml
