100000,58.0448,5743104,poly-s1-p100000.graphml
10000,4.85938,585040,poly-s1-p10000.graphml
1000,0.378502,64928,poly-s1-p1000.graphml
100500,58.4118,5771160,poly-s1-p100500.graphml
101000,59.1441,5800488,poly-s1-p101000.graphml
101500,59.2375,5829628,poly-s1-p101500.graphml
102000,59.8667,5857872,poly-s1-p102000.graphml
102500,59.9167,5887324,poly-s1-p102500.graphml
103000,60.2675,5914900,poly-s1-p103000.graphml
103500,61.9443,5945140,poly-s1-p103500.graphml
104000,63.2589,5973720,poly-s1-p104000.graphml
104500,63.0411,6002248,poly-s1-p104500.graphml
105000,61.9511,6028260,poly-s1-p105000.graphml
10500,5.24842,614056,poly-s1-p10500.graphml
105500,62.322,6058248,poly-s1-p105500.graphml
106000,61.7142,6085420,poly-s1-p106000.graphml
106500,63.0928,6115708,poly-s1-p106500.graphml
107000,64.4137,6145828,poly-s1-p107000.graphml
107500,63.5585,6177644,poly-s1-p107500.graphml
108000,63.3223,6206972,poly-s1-p108000.graphml
108500,64.2615,6234780,poly-s1-p108500.graphml
109000,64.3864,6263260,poly-s1-p109000.graphml
109500,64.3101,6292856,poly-s1-p109500.graphml
110000,64.8451,6321640,poly-s1-p110000.graphml
11000,5.45037,644520,poly-s1-p11000.graphml
110500,64.9683,6350728,poly-s1-p110500.graphml
111000,65.0986,6381532,poly-s1-p111000.graphml
111500,65.5282,6408836,poly-s1-p111500.graphml
112000,65.5488,6436124,poly-s1-p112000.graphml
112500,65.6797,6464264,poly-s1-p112500.graphml
113000,65.6442,6492804,poly-s1-p113000.graphml
113500,65.9988,6522044,poly-s1-p113500.graphml
114000,66.5385,6551152,poly-s1-p114000.graphml
114500,67.0052,6578280,poly-s1-p114500.graphml
115000,67.1466,6608508,poly-s1-p115000.graphml
11500,5.62076,671844,poly-s1-p11500.graphml
12000,5.89096,701732,poly-s1-p12000.graphml
12500,6.20421,730936,poly-s1-p12500.graphml
13000,6.44522,759608,poly-s1-p13000.graphml
13500,6.68973,788916,poly-s1-p13500.graphml
14000,6.99673,816276,poly-s1-p14000.graphml
14500,7.26105,843012,poly-s1-p14500.graphml
15000,7.54117,875392,poly-s1-p15000.graphml
1500,0.612413,94172,poly-s1-p1500.graphml
15500,7.83406,902956,poly-s1-p15500.graphml
16000,8.07946,931752,poly-s1-p16000.graphml
16500,8.34637,961952,poly-s1-p16500.graphml
17000,8.64192,991664,poly-s1-p17000.graphml
17500,8.87014,1018612,poly-s1-p17500.graphml
18000,9.15828,1047436,poly-s1-p18000.graphml
18500,9.57369,1075428,poly-s1-p18500.graphml
19000,9.73912,1105048,poly-s1-p19000.graphml
19500,10.0566,1132256,poly-s1-p19500.graphml
20000,10.277,1160380,poly-s1-p20000.graphml
2000,0.837493,123276,poly-s1-p2000.graphml
20500,10.5986,1189000,poly-s1-p20500.graphml
21000,10.9143,1219080,poly-s1-p21000.graphml
21500,11.1687,1246996,poly-s1-p21500.graphml
22000,11.4094,1274840,poly-s1-p22000.graphml
22500,11.7403,1303724,poly-s1-p22500.graphml
23000,12.0066,1331248,poly-s1-p23000.graphml
23500,12.3294,1359148,poly-s1-p23500.graphml
24000,12.5869,1391760,poly-s1-p24000.graphml
24500,12.8787,1418960,poly-s1-p24500.graphml
25000,13.2442,1448128,poly-s1-p25000.graphml
2500,1.09392,152044,poly-s1-p2500.graphml
25500,13.4591,1477412,poly-s1-p25500.graphml
26000,13.7195,1504224,poly-s1-p26000.graphml
26500,14.0165,1535156,poly-s1-p26500.graphml
27000,14.5856,1563808,poly-s1-p27000.graphml
27500,14.6573,1592720,poly-s1-p27500.graphml
28000,14.8533,1623360,poly-s1-p28000.graphml
28500,15.2503,1648792,poly-s1-p28500.graphml
29000,15.3981,1675972,poly-s1-p29000.graphml
29500,15.7357,1703732,poly-s1-p29500.graphml
30000,15.9709,1731980,poly-s1-p30000.graphml
3000,1.31203,180536,poly-s1-p3000.graphml
30500,17.2237,1761136,poly-s1-p30500.graphml
31000,16.6499,1788508,poly-s1-p31000.graphml
31500,16.8522,1818164,poly-s1-p31500.graphml
32000,17.3693,1846488,poly-s1-p32000.graphml
32500,17.4477,1873900,poly-s1-p32500.graphml
33000,17.6659,1907572,poly-s1-p33000.graphml
33500,17.9946,1934996,poly-s1-p33500.graphml
34000,18.2588,1963136,poly-s1-p34000.graphml
34500,18.5393,1994072,poly-s1-p34500.graphml
35000,18.8179,2021824,poly-s1-p35000.graphml
3500,1.56018,209192,poly-s1-p3500.graphml
35500,19.0467,2052980,poly-s1-p35500.graphml
36000,19.496,2081856,poly-s1-p36000.graphml
36500,19.6812,2109624,poly-s1-p36500.graphml
37000,20.0301,2139016,poly-s1-p37000.graphml
37500,20.3182,2165976,poly-s1-p37500.graphml
38000,20.5618,2194680,poly-s1-p38000.graphml
38500,20.8642,2224096,poly-s1-p38500.graphml
39000,21.1079,2250352,poly-s1-p39000.graphml
39500,21.4247,2278844,poly-s1-p39500.graphml
40000,21.7447,2306436,poly-s1-p40000.graphml
4000,1.79465,238668,poly-s1-p4000.graphml
40500,21.9868,2334912,poly-s1-p40500.graphml
41000,22.4269,2363420,poly-s1-p41000.graphml
41500,22.7849,2393280,poly-s1-p41500.graphml
42000,22.9995,2424740,poly-s1-p42000.graphml
42500,23.1906,2452252,poly-s1-p42500.graphml
43000,23.5813,2480344,poly-s1-p43000.graphml
43500,23.8352,2508804,poly-s1-p43500.graphml
44000,24.0981,2537812,poly-s1-p44000.graphml
44500,24.5372,2566496,poly-s1-p44500.graphml
45000,24.7052,2596152,poly-s1-p45000.graphml
4500,2.03877,268068,poly-s1-p4500.graphml
45500,25.0111,2624696,poly-s1-p45500.graphml
46000,25.1778,2651272,poly-s1-p46000.graphml
46500,25.6496,2679048,poly-s1-p46500.graphml
47000,25.9274,2706900,poly-s1-p47000.graphml
47500,26.1317,2735124,poly-s1-p47500.graphml
48000,26.4785,2764340,poly-s1-p48000.graphml
48500,26.8141,2792764,poly-s1-p48500.graphml
49000,27.1438,2824880,poly-s1-p49000.graphml
49500,29.2715,2851936,poly-s1-p49500.graphml
50000,27.7591,2880436,poly-s1-p50000.graphml
5000,2.26529,295788,poly-s1-p5000.graphml
500,0.191805,36104,poly-s1-p500.graphml
50500,28.102,2911140,poly-s1-p50500.graphml
51000,28.3118,2937572,poly-s1-p51000.graphml
51500,28.6913,2965580,poly-s1-p51500.graphml
52000,28.8892,2994112,poly-s1-p52000.graphml
52500,29.3335,3022476,poly-s1-p52500.graphml
53000,29.5856,3050132,poly-s1-p53000.graphml
53500,29.844,3076516,poly-s1-p53500.graphml
54000,30.2229,3106204,poly-s1-p54000.graphml
54500,30.4894,3134112,poly-s1-p54500.graphml
55000,30.8539,3165104,poly-s1-p55000.graphml
5500,2.52938,324704,poly-s1-p5500.graphml
55500,31.2088,3192436,poly-s1-p55500.graphml
56000,31.4398,3221180,poly-s1-p56000.graphml
56500,31.6489,3249320,poly-s1-p56500.graphml
57000,32.0916,3277744,poly-s1-p57000.graphml
57500,32.2053,3306848,poly-s1-p57500.graphml
58000,32.5721,3334292,poly-s1-p58000.graphml
58500,32.8258,3361848,poly-s1-p58500.graphml
59000,33.2499,3388788,poly-s1-p59000.graphml
59500,33.5426,3418428,poly-s1-p59500.graphml
60000,33.8178,3447048,poly-s1-p60000.graphml
6000,2.79258,355764,poly-s1-p6000.graphml
60500,34.1926,3476804,poly-s1-p60500.graphml
61000,34.4094,3506308,poly-s1-p61000.graphml
61500,34.6562,3535420,poly-s1-p61500.graphml
62000,34.8996,3563148,poly-s1-p62000.graphml
62500,35.3738,3591980,poly-s1-p62500.graphml
63000,35.5956,3621760,poly-s1-p63000.graphml
63500,35.7042,3649944,poly-s1-p63500.graphml
64000,35.995,3678556,poly-s1-p64000.graphml
64500,36.275,3706724,poly-s1-p64500.graphml
65000,36.633,3735524,poly-s1-p65000.graphml
6500,3.0172,383148,poly-s1-p6500.graphml
65500,37.1006,3763216,poly-s1-p65500.graphml
66000,37.2368,3798924,poly-s1-p66000.graphml
66500,37.4106,3829460,poly-s1-p66500.graphml
67000,37.7514,3856720,poly-s1-p67000.graphml
67500,38.0438,3886380,poly-s1-p67500.graphml
68000,38.3394,3915824,poly-s1-p68000.graphml
68500,38.8361,3944212,poly-s1-p68500.graphml
69000,39.1104,3973928,poly-s1-p69000.graphml
69500,39.2816,4001328,poly-s1-p69500.graphml
70000,39.8723,4029668,poly-s1-p70000.graphml
7000,3.29114,411124,poly-s1-p7000.graphml
70500,42.018,4058668,poly-s1-p70500.graphml
71000,40.1662,4090180,poly-s1-p71000.graphml
71500,40.6265,4116412,poly-s1-p71500.graphml
72000,40.7462,4145476,poly-s1-p72000.graphml
72500,41.1113,4174380,poly-s1-p72500.graphml
73000,41.785,4203504,poly-s1-p73000.graphml
73500,43.3619,4231536,poly-s1-p73500.graphml
74000,42.14,4260116,poly-s1-p74000.graphml
74500,42.3033,4288700,poly-s1-p74500.graphml
75000,42.6109,4318424,poly-s1-p75000.graphml
7500,3.56111,438932,poly-s1-p7500.graphml
75500,42.8352,4345936,poly-s1-p75500.graphml
76000,43.37,4375032,poly-s1-p76000.graphml
76500,43.5359,4401676,poly-s1-p76500.graphml
77000,44.3141,4431032,poly-s1-p77000.graphml
77500,44.2242,4459456,poly-s1-p77500.graphml
78000,44.3749,4488060,poly-s1-p78000.graphml
78500,44.6428,4515800,poly-s1-p78500.graphml
79000,45.0357,4542692,poly-s1-p79000.graphml
79500,45.1946,4570716,poly-s1-p79500.graphml
80000,45.7727,4599232,poly-s1-p80000.graphml
8000,3.77868,466712,poly-s1-p8000.graphml
80500,45.9154,4627492,poly-s1-p80500.graphml
81000,46.2902,4656340,poly-s1-p81000.graphml
81500,46.7413,4683232,poly-s1-p81500.graphml
82000,46.8596,4711504,poly-s1-p82000.graphml
82500,47.2155,4742232,poly-s1-p82500.graphml
83000,47.5444,4771196,poly-s1-p83000.graphml
83500,47.6963,4798476,poly-s1-p83500.graphml
84000,48.0083,4827576,poly-s1-p84000.graphml
84500,48.485,4856380,poly-s1-p84500.graphml
85000,48.6086,4887012,poly-s1-p85000.graphml
8500,4.05909,497672,poly-s1-p8500.graphml
85500,49.3149,4917828,poly-s1-p85500.graphml
86000,49.5078,4943980,poly-s1-p86000.graphml
86500,49.9479,4972412,poly-s1-p86500.graphml
87000,49.6908,5000972,poly-s1-p87000.graphml
87500,50.0095,5030172,poly-s1-p87500.graphml
88000,50.3171,5059320,poly-s1-p88000.graphml
88500,50.6491,5086556,poly-s1-p88500.graphml
89000,51.3713,5114268,poly-s1-p89000.graphml
89500,51.353,5142392,poly-s1-p89500.graphml
90000,51.5093,5169168,poly-s1-p90000.graphml
9000,4.3297,527252,poly-s1-p9000.graphml
90500,51.9635,5197032,poly-s1-p90500.graphml
91000,52.1816,5225200,poly-s1-p91000.graphml
91500,52.5746,5253904,poly-s1-p91500.graphml
92000,53.0615,5283884,poly-s1-p92000.graphml
92500,54.5176,5312800,poly-s1-p92500.graphml
93000,53.536,5341208,poly-s1-p93000.graphml
93500,53.8114,5369608,poly-s1-p93500.graphml
94000,54.1787,5398448,poly-s1-p94000.graphml
94500,54.3415,5428568,poly-s1-p94500.graphml
95000,54.6274,5458004,poly-s1-p95000.graphml
9500,4.68012,556996,poly-s1-p9500.graphml
95500,55.2928,5485148,poly-s1-p95500.graphml
96000,55.318,5514420,poly-s1-p96000.graphml
96500,56.066,5539512,poly-s1-p96500.graphml
97000,55.9599,5568992,poly-s1-p97000.graphml
97500,56.2472,5598764,poly-s1-p97500.graphml
98000,56.9614,5628564,poly-s1-p98000.graphml
98500,56.8516,5658164,poly-s1-p98500.graphml
99000,57.4153,5687580,poly-s1-p99000.graphml
99500,57.5152,5717032,poly-s1-p99500.graphml
100000,57.7362,5749020,poly-s3-p100000.graphml
10000,4.87498,584972,poly-s3-p10000.graphml
100100,57.9872,5755620,poly-s3-p100100.graphml
100200,57.882,5764288,poly-s3-p100200.graphml
100300,57.9465,5769044,poly-s3-p100300.graphml
100400,58.0857,5774972,poly-s3-p100400.graphml
100500,58.082,5780112,poly-s3-p100500.graphml
100600,58.0573,5784264,poly-s3-p100600.graphml
100700,58.2606,5792140,poly-s3-p100700.graphml
100800,58.4729,5793920,poly-s3-p100800.graphml
100900,58.6239,5803248,poly-s3-p100900.graphml
101000,58.5479,5807024,poly-s3-p101000.graphml
10100,4.88176,590428,poly-s3-p10100.graphml
101100,58.5213,5814820,poly-s3-p101100.graphml
101200,58.6146,5820556,poly-s3-p101200.graphml
101300,58.538,5825648,poly-s3-p101300.graphml
101400,58.5628,5828884,poly-s3-p101400.graphml
101500,58.7681,5837752,poly-s3-p101500.graphml
101600,58.7426,5843576,poly-s3-p101600.graphml
101700,58.8067,5847976,poly-s3-p101700.graphml
101800,59.0186,5852216,poly-s3-p101800.graphml
101900,59.077,5858764,poly-s3-p101900.graphml
102000,59.113,5864628,poly-s3-p102000.graphml
10200,4.96035,595660,poly-s3-p10200.graphml
102100,59.1081,5872564,poly-s3-p102100.graphml
102200,59.1358,5877948,poly-s3-p102200.graphml
102300,59.1824,5883816,poly-s3-p102300.graphml
102400,59.3389,5889692,poly-s3-p102400.graphml
102500,59.3866,5893696,poly-s3-p102500.graphml
102600,59.3773,5900092,poly-s3-p102600.graphml
102700,59.3305,5903060,poly-s3-p102700.graphml
102800,60.8996,5907312,poly-s3-p102800.graphml
102900,59.6077,5915020,poly-s3-p102900.graphml
103000,59.6809,5920796,poly-s3-p103000.graphml
10300,5.02507,602012,poly-s3-p10300.graphml
103100,59.9434,5927756,poly-s3-p103100.graphml
103200,60.0159,5934656,poly-s3-p103200.graphml
103300,59.6182,5938856,poly-s3-p103300.graphml
103400,59.6354,5945960,poly-s3-p103400.graphml
103500,59.8727,5953388,poly-s3-p103500.graphml
103600,60.5986,5957764,poly-s3-p103600.graphml
103700,60.1068,5964236,poly-s3-p103700.graphml
103800,60.2032,5967176,poly-s3-p103800.graphml
103900,60.3182,5973260,poly-s3-p103900.graphml
104000,60.241,5981088,poly-s3-p104000.graphml
10400,5.0737,607484,poly-s3-p10400.graphml
104100,60.6194,5986412,poly-s3-p104100.graphml
104200,61.5724,5992916,poly-s3-p104200.graphml
104300,60.7767,5999768,poly-s3-p104300.graphml
104400,60.3197,6005340,poly-s3-p104400.graphml
104500,60.4798,6010520,poly-s3-p104500.graphml
104600,61.0549,6014652,poly-s3-p104600.graphml
104700,60.7643,6019636,poly-s3-p104700.graphml
104800,60.7702,6028696,poly-s3-p104800.graphml
104900,60.7115,6031844,poly-s3-p104900.graphml
105000,60.8263,6039080,poly-s3-p105000.graphml
10500,5.09287,612780,poly-s3-p10500.graphml
105100,60.9858,6044768,poly-s3-p105100.graphml
105200,60.9113,6049744,poly-s3-p105200.graphml
105300,61.1809,6056044,poly-s3-p105300.graphml
105400,61.1087,6060940,poly-s3-p105400.graphml
105500,61.188,6065948,poly-s3-p105500.graphml
105600,61.2281,6071328,poly-s3-p105600.graphml
105700,61.3467,6076416,poly-s3-p105700.graphml
105800,61.4434,6083848,poly-s3-p105800.graphml
105900,61.3702,6089876,poly-s3-p105900.graphml
106000,61.4337,6094940,poly-s3-p106000.graphml
10600,5.16727,618172,poly-s3-p10600.graphml
106100,61.5826,6102508,poly-s3-p106100.graphml
106200,61.5194,6106500,poly-s3-p106200.graphml
106300,61.8769,6112052,poly-s3-p106300.graphml
106400,62.0005,6118136,poly-s3-p106400.graphml
106500,61.9958,6124308,poly-s3-p106500.graphml
106600,61.7149,6131732,poly-s3-p106600.graphml
106700,61.9587,6135364,poly-s3-p106700.graphml
106800,61.8963,6141536,poly-s3-p106800.graphml
106900,62.1242,6146452,poly-s3-p106900.graphml
107000,61.885,6152968,poly-s3-p107000.graphml
10700,5.22731,624732,poly-s3-p10700.graphml
107100,62.3287,6159324,poly-s3-p107100.graphml
107200,62.2331,6163548,poly-s3-p107200.graphml
107300,62.144,6168164,poly-s3-p107300.graphml
107400,62.2327,6176292,poly-s3-p107400.graphml
107500,62.4807,6182356,poly-s3-p107500.graphml
107600,62.4751,6188744,poly-s3-p107600.graphml
107700,62.3522,6193212,poly-s3-p107700.graphml
107800,62.6245,6199728,poly-s3-p107800.graphml
107900,62.6104,6205500,poly-s3-p107900.graphml
108000,63.0929,6211452,poly-s3-p108000.graphml
10800,5.25096,630596,poly-s3-p10800.graphml
108100,62.7477,6217364,poly-s3-p108100.graphml
108200,62.7497,6222416,poly-s3-p108200.graphml
108300,62.7397,6229448,poly-s3-p108300.graphml
108400,62.7298,6233156,poly-s3-p108400.graphml
108500,63.1355,6240060,poly-s3-p108500.graphml
108600,62.9438,6244396,poly-s3-p108600.graphml
108700,63.0595,6250688,poly-s3-p108700.graphml
108800,63.1132,6256748,poly-s3-p108800.graphml
108900,63.142,6262492,poly-s3-p108900.graphml
109000,63.4551,6268572,poly-s3-p109000.graphml
10900,5.35782,635924,poly-s3-p10900.graphml
109100,64.0127,6274088,poly-s3-p109100.graphml
109200,63.5367,6280880,poly-s3-p109200.graphml
109300,63.4988,6286324,poly-s3-p109300.graphml
109400,65.3014,6290976,poly-s3-p109400.graphml
109500,63.9019,6297044,poly-s3-p109500.graphml
109600,63.6531,6301544,poly-s3-p109600.graphml
109700,63.9304,6308436,poly-s3-p109700.graphml
109800,63.9829,6315404,poly-s3-p109800.graphml
109900,63.9375,6319696,poly-s3-p109900.graphml
110000,63.7842,6324744,poly-s3-p110000.graphml
11000,5.37047,641372,poly-s3-p11000.graphml
1100,0.43088,70964,poly-s3-p1100.graphml
11100,5.4187,647572,poly-s3-p11100.graphml
11200,5.46008,653160,poly-s3-p11200.graphml
11300,5.53136,659072,poly-s3-p11300.graphml
11400,5.59709,665620,poly-s3-p11400.graphml
11500,5.62509,671588,poly-s3-p11500.graphml
11600,5.69813,677036,poly-s3-p11600.graphml
11700,5.75996,682932,poly-s3-p11700.graphml
11800,5.78845,688600,poly-s3-p11800.graphml
11900,5.84551,697824,poly-s3-p11900.graphml
12000,5.94285,703388,poly-s3-p12000.graphml
1200,0.480139,76892,poly-s3-p1200.graphml
12100,5.98726,707300,poly-s3-p12100.graphml
12200,6.00283,713348,poly-s3-p12200.graphml
12300,6.04416,718804,poly-s3-p12300.graphml
12400,6.16279,725880,poly-s3-p12400.graphml
12500,6.18806,730488,poly-s3-p12500.graphml
12600,6.24197,738344,poly-s3-p12600.graphml
12700,6.29566,742832,poly-s3-p12700.graphml
12800,6.35513,747516,poly-s3-p12800.graphml
12900,6.38509,754148,poly-s3-p12900.graphml
13000,6.42931,760388,poly-s3-p13000.graphml
1300,0.536232,82832,poly-s3-p1300.graphml
13100,6.4831,763696,poly-s3-p13100.graphml
13200,6.54241,769544,poly-s3-p13200.graphml
13300,6.6177,776768,poly-s3-p13300.graphml
13400,6.64373,781248,poly-s3-p13400.graphml
13500,6.6925,788224,poly-s3-p13500.graphml
13600,6.76679,791708,poly-s3-p13600.graphml
13700,6.79773,798632,poly-s3-p13700.graphml
13800,6.8994,803916,poly-s3-p13800.graphml
13900,6.92236,810488,poly-s3-p13900.graphml
14000,6.97115,814464,poly-s3-p14000.graphml
1400,0.576606,89028,poly-s3-p1400.graphml
14100,7.03306,821376,poly-s3-p14100.graphml
14200,7.08957,827320,poly-s3-p14200.graphml
14300,7.26539,833392,poly-s3-p14300.graphml
14400,7.20612,836820,poly-s3-p14400.graphml
14500,7.30602,843856,poly-s3-p14500.graphml
14600,7.30916,849784,poly-s3-p14600.graphml
14700,7.36472,855032,poly-s3-p14700.graphml
14800,7.49644,860164,poly-s3-p14800.graphml
14900,7.46767,865236,poly-s3-p14900.graphml
15000,7.52652,872600,poly-s3-p15000.graphml
1500,0.622057,94876,poly-s3-p1500.graphml
15100,7.60696,876944,poly-s3-p15100.graphml
15200,7.68629,883236,poly-s3-p15200.graphml
15300,7.72055,889356,poly-s3-p15300.graphml
15400,7.83299,895944,poly-s3-p15400.graphml
15500,7.873,901904,poly-s3-p15500.graphml
15600,7.87208,907236,poly-s3-p15600.graphml
15700,8.0534,911852,poly-s3-p15700.graphml
15800,8.4788,918912,poly-s3-p15800.graphml
15900,8.05204,923308,poly-s3-p15900.graphml
16000,8.12609,930340,poly-s3-p16000.graphml
1600,0.660619,100352,poly-s3-p1600.graphml
16100,8.12153,934708,poly-s3-p16100.graphml
16200,8.22248,941156,poly-s3-p16200.graphml
16300,8.27148,947020,poly-s3-p16300.graphml
16400,8.32,954880,poly-s3-p16400.graphml
16500,8.40795,959768,poly-s3-p16500.graphml
16600,8.43001,967468,poly-s3-p16600.graphml
16700,8.51144,970936,poly-s3-p16700.graphml
16800,8.52569,977684,poly-s3-p16800.graphml
16900,8.60719,981780,poly-s3-p16900.graphml
17000,8.6871,987420,poly-s3-p17000.graphml
1700,0.704067,105904,poly-s3-p1700.graphml
17100,8.69259,992772,poly-s3-p17100.graphml
17200,8.72718,1000184,poly-s3-p17200.graphml
17300,8.78669,1005780,poly-s3-p17300.graphml
17400,8.87066,1011384,poly-s3-p17400.graphml
17500,8.95587,1016432,poly-s3-p17500.graphml
17600,8.94203,1021212,poly-s3-p17600.graphml
17700,9.057,1027816,poly-s3-p17700.graphml
17800,9.03727,1033344,poly-s3-p17800.graphml
17900,9.10298,1039420,poly-s3-p17900.graphml
18000,9.65584,1045488,poly-s3-p18000.graphml
1800,0.758819,111340,poly-s3-p1800.graphml
18100,9.27907,1051696,poly-s3-p18100.graphml
18200,9.32732,1056956,poly-s3-p18200.graphml
18300,9.37186,1063184,poly-s3-p18300.graphml
18400,9.54249,1068284,poly-s3-p18400.graphml
18500,9.53949,1072936,poly-s3-p18500.graphml
18600,9.52914,1078488,poly-s3-p18600.graphml
18700,9.56851,1084232,poly-s3-p18700.graphml
18800,9.6403,1089092,poly-s3-p18800.graphml
18900,9.71749,1096380,poly-s3-p18900.graphml
19000,9.89868,1101840,poly-s3-p19000.graphml
1900,0.796081,117320,poly-s3-p1900.graphml
19100,9.78059,1107860,poly-s3-p19100.graphml
19200,9.82232,1113492,poly-s3-p19200.graphml
19300,9.9532,1119876,poly-s3-p19300.graphml
19400,10.0091,1124652,poly-s3-p19400.graphml
19500,10.0341,1130832,poly-s3-p19500.graphml
19600,10.0613,1136676,poly-s3-p19600.graphml
19700,10.1388,1142660,poly-s3-p19700.graphml
19800,10.1835,1148844,poly-s3-p19800.graphml
19900,10.2289,1154388,poly-s3-p19900.graphml
20000,10.2919,1158724,poly-s3-p20000.graphml
2000,0.846897,122440,poly-s3-p2000.graphml
20100,10.3208,1166104,poly-s3-p20100.graphml
20200,10.4105,1170800,poly-s3-p20200.graphml
20300,10.4407,1176480,poly-s3-p20300.graphml
20400,10.8186,1182412,poly-s3-p20400.graphml
20500,10.5481,1188088,poly-s3-p20500.graphml
20600,10.6622,1193856,poly-s3-p20600.graphml
20700,10.6967,1199688,poly-s3-p20700.graphml
20800,10.7911,1205844,poly-s3-p20800.graphml
20900,10.8027,1211476,poly-s3-p20900.graphml
21000,10.828,1216396,poly-s3-p21000.graphml
2100,0.893574,128536,poly-s3-p2100.graphml
21100,10.8795,1222972,poly-s3-p21100.graphml
21200,11.0348,1228108,poly-s3-p21200.graphml
21300,11.0174,1234760,poly-s3-p21300.graphml
21400,11.0824,1239332,poly-s3-p21400.graphml
21500,11.1305,1245292,poly-s3-p21500.graphml
21600,11.1763,1250852,poly-s3-p21600.graphml
21700,11.2329,1256016,poly-s3-p21700.graphml
21800,11.3013,1261376,poly-s3-p21800.graphml
21900,11.3773,1266136,poly-s3-p21900.graphml
22000,11.3917,1271896,poly-s3-p22000.graphml
2200,0.963513,134280,poly-s3-p2200.graphml
22100,11.5024,1277988,poly-s3-p22100.graphml
22200,11.5199,1283804,poly-s3-p22200.graphml
22300,11.5552,1290232,poly-s3-p22300.graphml
22400,11.6065,1294480,poly-s3-p22400.graphml
22500,11.7191,1300436,poly-s3-p22500.graphml
22600,11.8046,1306224,poly-s3-p22600.graphml
22700,11.8158,1313236,poly-s3-p22700.graphml
22800,11.8878,1318568,poly-s3-p22800.graphml
22900,11.9082,1324464,poly-s3-p22900.graphml
23000,12.0115,1330152,poly-s3-p23000.graphml
2300,1.01416,139488,poly-s3-p2300.graphml
23100,12.1038,1335180,poly-s3-p23100.graphml
23200,12.1456,1341460,poly-s3-p23200.graphml
23300,12.1936,1346976,poly-s3-p23300.graphml
23400,12.2124,1353088,poly-s3-p23400.graphml
23500,12.2571,1359484,poly-s3-p23500.graphml
23600,12.3589,1365564,poly-s3-p23600.graphml
23700,12.3554,1370688,poly-s3-p23700.graphml
23800,12.5246,1378288,poly-s3-p23800.graphml
23900,12.5139,1383812,poly-s3-p23900.graphml
24000,12.6213,1388096,poly-s3-p24000.graphml
2400,1.02544,145828,poly-s3-p2400.graphml
24100,12.7117,1393424,poly-s3-p24100.graphml
24200,12.6459,1401544,poly-s3-p24200.graphml
24300,12.7552,1405664,poly-s3-p24300.graphml
24400,12.7735,1411356,poly-s3-p24400.graphml
24500,12.8445,1418368,poly-s3-p24500.graphml
24600,13.0789,1426436,poly-s3-p24600.graphml
24700,13.0161,1429808,poly-s3-p24700.graphml
24800,12.9953,1435312,poly-s3-p24800.graphml
24900,13.0681,1440640,poly-s3-p24900.graphml
25000,13.2094,1447576,poly-s3-p25000.graphml
2500,1.07115,151584,poly-s3-p2500.graphml
25100,13.2951,1453716,poly-s3-p25100.graphml
25200,13.2672,1458072,poly-s3-p25200.graphml
25300,13.3303,1463224,poly-s3-p25300.graphml
25400,13.4121,1468744,poly-s3-p25400.graphml
25500,13.4492,1477520,poly-s3-p25500.graphml
25600,13.863,1481972,poly-s3-p25600.graphml
25700,13.5579,1486420,poly-s3-p25700.graphml
25800,13.5963,1494400,poly-s3-p25800.graphml
25900,13.7504,1497540,poly-s3-p25900.graphml
26000,13.7518,1502304,poly-s3-p26000.graphml
2600,1.13225,157204,poly-s3-p2600.graphml
26100,13.7723,1513120,poly-s3-p26100.graphml
26200,13.8806,1514628,poly-s3-p26200.graphml
26300,13.8612,1521272,poly-s3-p26300.graphml
26400,13.9503,1527364,poly-s3-p26400.graphml
26500,14.4686,1533536,poly-s3-p26500.graphml
26600,14.0599,1537892,poly-s3-p26600.graphml
26700,14.0865,1544672,poly-s3-p26700.graphml
26800,14.1787,1550008,poly-s3-p26800.graphml
26900,14.2055,1555660,poly-s3-p26900.graphml
27000,14.2434,1563792,poly-s3-p27000.graphml
2700,1.16618,162424,poly-s3-p2700.graphml
27100,14.2433,1567364,poly-s3-p27100.graphml
27200,14.303,1572952,poly-s3-p27200.graphml
27300,14.3977,1578956,poly-s3-p27300.graphml
27400,14.4476,1584576,poly-s3-p27400.graphml
27500,14.4815,1589384,poly-s3-p27500.graphml
27600,14.5772,1595788,poly-s3-p27600.graphml
27700,14.8334,1601396,poly-s3-p27700.graphml
27800,14.6832,1608904,poly-s3-p27800.graphml
27900,14.8138,1614780,poly-s3-p27900.graphml
28000,14.794,1621472,poly-s3-p28000.graphml
2800,1.21654,168980,poly-s3-p2800.graphml
28100,14.9105,1624644,poly-s3-p28100.graphml
28200,14.8908,1630408,poly-s3-p28200.graphml
28300,14.9792,1635752,poly-s3-p28300.graphml
28400,15.08,1641584,poly-s3-p28400.graphml
28500,15.0425,1648980,poly-s3-p28500.graphml
28600,15.2813,1654316,poly-s3-p28600.graphml
28700,15.1307,1660552,poly-s3-p28700.graphml
28800,15.3292,1668044,poly-s3-p28800.graphml
28900,15.4084,1671608,poly-s3-p28900.graphml
29000,15.3646,1677512,poly-s3-p29000.graphml
2900,1.2598,174380,poly-s3-p2900.graphml
29100,15.4147,1684012,poly-s3-p29100.graphml
29200,15.6042,1691852,poly-s3-p29200.graphml
29300,15.5265,1697360,poly-s3-p29300.graphml
29400,15.5656,1700612,poly-s3-p29400.graphml
29500,15.7155,1705844,poly-s3-p29500.graphml
29600,15.7997,1713108,poly-s3-p29600.graphml
29700,15.7419,1718928,poly-s3-p29700.graphml
29800,16.1121,1726148,poly-s3-p29800.graphml
29900,15.8545,1730372,poly-s3-p29900.graphml
30000,15.9426,1734420,poly-s3-p30000.graphml
3000,1.30572,180400,poly-s3-p3000.graphml
30100,15.9986,1740832,poly-s3-p30100.graphml
30200,16.1312,1746844,poly-s3-p30200.graphml
30300,16.1134,1750208,poly-s3-p30300.graphml
30400,16.2295,1756584,poly-s3-p30400.graphml
30500,16.2682,1766288,poly-s3-p30500.graphml
30600,16.3198,1772472,poly-s3-p30600.graphml
30700,16.3255,1773940,poly-s3-p30700.graphml
30800,16.5564,1781616,poly-s3-p30800.graphml
30900,16.6045,1785812,poly-s3-p30900.graphml
31000,16.5252,1792728,poly-s3-p31000.graphml
3100,1.35121,186668,poly-s3-p3100.graphml
31100,16.6252,1796348,poly-s3-p31100.graphml
31200,16.6826,1805216,poly-s3-p31200.graphml
31300,16.6898,1810760,poly-s3-p31300.graphml
31400,16.8168,1812996,poly-s3-p31400.graphml
31500,16.8268,1822464,poly-s3-p31500.graphml
31600,17.0257,1826420,poly-s3-p31600.graphml
31700,17.0582,1832144,poly-s3-p31700.graphml
31800,17.0434,1837192,poly-s3-p31800.graphml
31900,17.0979,1845540,poly-s3-p31900.graphml
32000,17.1508,1850068,poly-s3-p32000.graphml
3200,1.40994,192712,poly-s3-p3200.graphml
32100,17.1773,1854960,poly-s3-p32100.graphml
32200,17.2732,1861016,poly-s3-p32200.graphml
32300,17.3336,1867296,poly-s3-p32300.graphml
32400,17.6812,1873316,poly-s3-p32400.graphml
32500,17.4141,1877644,poly-s3-p32500.graphml
32600,17.6548,1884916,poly-s3-p32600.graphml
32700,17.551,1888936,poly-s3-p32700.graphml
32800,17.6338,1899036,poly-s3-p32800.graphml
32900,17.6031,1905336,poly-s3-p32900.graphml
33000,17.6604,1909428,poly-s3-p33000.graphml
3300,1.483,198216,poly-s3-p3300.graphml
33100,17.7852,1916240,poly-s3-p33100.graphml
33200,17.7723,1922908,poly-s3-p33200.graphml
33300,17.8975,1927068,poly-s3-p33300.graphml
33400,17.9584,1930960,poly-s3-p33400.graphml
33500,18.0204,1939040,poly-s3-p33500.graphml
33600,18.8941,1944692,poly-s3-p33600.graphml
33700,18.1531,1949436,poly-s3-p33700.graphml
33800,18.1917,1956024,poly-s3-p33800.graphml
33900,18.1952,1963028,poly-s3-p33900.graphml
34000,18.2558,1966792,poly-s3-p34000.graphml
3400,1.51071,203928,poly-s3-p3400.graphml
34100,18.2817,1973716,poly-s3-p34100.graphml
34200,18.3753,1977012,poly-s3-p34200.graphml
34300,18.4716,1984636,poly-s3-p34300.graphml
34400,18.4915,1990136,poly-s3-p34400.graphml
34500,18.6911,1996400,poly-s3-p34500.graphml
34600,18.6019,2000096,poly-s3-p34600.graphml
34700,18.6747,2008288,poly-s3-p34700.graphml
34800,18.8825,2012336,poly-s3-p34800.graphml
34900,18.7998,2016580,poly-s3-p34900.graphml
35000,18.7526,2023896,poly-s3-p35000.graphml
3500,1.55491,209860,poly-s3-p3500.graphml
35100,18.9777,2030256,poly-s3-p35100.graphml
35200,18.9097,2037136,poly-s3-p35200.graphml
35300,19.1933,2042072,poly-s3-p35300.graphml
35400,19.0223,2047416,poly-s3-p35400.graphml
35500,19.6201,2053820,poly-s3-p35500.graphml
35600,19.2788,2060484,poly-s3-p35600.graphml
35700,19.3616,2068076,poly-s3-p35700.graphml
35800,19.3209,2073404,poly-s3-p35800.graphml
35900,19.4159,2078452,poly-s3-p35900.graphml
36000,19.4889,2085128,poly-s3-p36000.graphml
3600,1.59868,216056,poly-s3-p3600.graphml
36100,19.4354,2089676,poly-s3-p36100.graphml
36200,19.4834,2096572,poly-s3-p36200.graphml
36300,19.5543,2101408,poly-s3-p36300.graphml
36400,19.7037,2107336,poly-s3-p36400.graphml
36500,19.6689,2114356,poly-s3-p36500.graphml
36600,19.7977,2119092,poly-s3-p36600.graphml
36700,19.9379,2124852,poly-s3-p36700.graphml
36800,19.8377,2130324,poly-s3-p36800.graphml
36900,22.0318,2135832,poly-s3-p36900.graphml
37000,19.9523,2143704,poly-s3-p37000.graphml
3700,1.66637,221964,poly-s3-p3700.graphml
37100,20.0359,2148076,poly-s3-p37100.graphml
37200,20.1761,2152048,poly-s3-p37200.graphml
37300,20.5214,2160392,poly-s3-p37300.graphml
37400,20.2414,2167780,poly-s3-p37400.graphml
37500,20.4149,2171232,poly-s3-p37500.graphml
37600,20.3032,2177804,poly-s3-p37600.graphml
37700,20.398,2183372,poly-s3-p37700.graphml
37800,20.5035,2187608,poly-s3-p37800.graphml
37900,20.5141,2193128,poly-s3-p37900.graphml
38000,20.5947,2199244,poly-s3-p38000.graphml
3800,1.68469,227360,poly-s3-p3800.graphml
38100,20.6859,2203520,poly-s3-p38100.graphml
38200,20.7567,2212204,poly-s3-p38200.graphml
38300,20.7481,2216084,poly-s3-p38300.graphml
38400,20.767,2220852,poly-s3-p38400.graphml
38500,20.9378,2227308,poly-s3-p38500.graphml
38600,20.8984,2231856,poly-s3-p38600.graphml
38700,20.9899,2237996,poly-s3-p38700.graphml
38800,20.9539,2243484,poly-s3-p38800.graphml
38900,21.0553,2249752,poly-s3-p38900.graphml
39000,21.1792,2254228,poly-s3-p39000.graphml
3900,1.7448,232984,poly-s3-p3900.graphml
39100,21.2467,2262404,poly-s3-p39100.graphml
39200,21.3145,2267196,poly-s3-p39200.graphml
39300,21.3007,2273332,poly-s3-p39300.graphml
39400,21.4256,2278756,poly-s3-p39400.graphml
39500,21.4101,2283996,poly-s3-p39500.graphml
39600,21.4934,2290532,poly-s3-p39600.graphml
39700,21.6107,2294524,poly-s3-p39700.graphml
39800,21.6365,2300344,poly-s3-p39800.graphml
39900,21.6784,2306304,poly-s3-p39900.graphml
40000,21.6868,2312964,poly-s3-p40000.graphml
4000,1.78894,237940,poly-s3-p4000.graphml
40100,21.7012,2318748,poly-s3-p40100.graphml
40200,21.9072,2324564,poly-s3-p40200.graphml
40300,21.9097,2330960,poly-s3-p40300.graphml
40400,21.9485,2336404,poly-s3-p40400.graphml
40500,22.0572,2342584,poly-s3-p40500.graphml
40600,22.0323,2348700,poly-s3-p40600.graphml
40700,22.3296,2353368,poly-s3-p40700.graphml
40800,22.1982,2358772,poly-s3-p40800.graphml
40900,22.2957,2365120,poly-s3-p40900.graphml
41000,22.4677,2371732,poly-s3-p41000.graphml
4100,1.82473,244732,poly-s3-p4100.graphml
41100,22.3991,2375520,poly-s3-p41100.graphml
41200,22.5673,2381384,poly-s3-p41200.graphml
41300,22.5271,2387144,poly-s3-p41300.graphml
41400,22.5198,2391788,poly-s3-p41400.graphml
41500,22.7534,2398228,poly-s3-p41500.graphml
41600,22.6221,2402940,poly-s3-p41600.graphml
41700,22.7477,2409300,poly-s3-p41700.graphml
41800,22.8546,2414340,poly-s3-p41800.graphml
41900,22.9463,2420080,poly-s3-p41900.graphml
42000,22.8888,2425768,poly-s3-p42000.graphml
4200,1.87722,250760,poly-s3-p4200.graphml
42100,23.7319,2432048,poly-s3-p42100.graphml
42200,23.0606,2437564,poly-s3-p42200.graphml
42300,23.1051,2443328,poly-s3-p42300.graphml
42400,23.1389,2450072,poly-s3-p42400.graphml
42500,23.1984,2454300,poly-s3-p42500.graphml
42600,23.2561,2461472,poly-s3-p42600.graphml
42700,23.2949,2466944,poly-s3-p42700.graphml
42800,23.365,2472440,poly-s3-p42800.graphml
42900,23.3825,2477516,poly-s3-p42900.graphml
43000,23.5112,2481952,poly-s3-p43000.graphml
4300,1.9244,256536,poly-s3-p4300.graphml
43100,23.5667,2489180,poly-s3-p43100.graphml
43200,23.5917,2495344,poly-s3-p43200.graphml
43300,23.6024,2501504,poly-s3-p43300.graphml
43400,23.7773,2505616,poly-s3-p43400.graphml
43500,23.8847,2512268,poly-s3-p43500.graphml
43600,23.8319,2517060,poly-s3-p43600.graphml
43700,23.8808,2523456,poly-s3-p43700.graphml
43800,24.0589,2528436,poly-s3-p43800.graphml
43900,24.4879,2533336,poly-s3-p43900.graphml
44000,24.0579,2539520,poly-s3-p44000.graphml
4400,1.99926,261448,poly-s3-p4400.graphml
44100,24.1282,2545712,poly-s3-p44100.graphml
44200,24.1552,2551016,poly-s3-p44200.graphml
44300,24.2653,2555680,poly-s3-p44300.graphml
44400,24.3378,2561336,poly-s3-p44400.graphml
44500,24.3784,2567852,poly-s3-p44500.graphml
44600,24.4296,2573720,poly-s3-p44600.graphml
44700,24.4101,2578684,poly-s3-p44700.graphml
44800,24.5846,2584720,poly-s3-p44800.graphml
44900,24.5399,2590188,poly-s3-p44900.graphml
45000,24.752,2596120,poly-s3-p45000.graphml
4500,2.02169,267484,poly-s3-p4500.graphml
45100,24.6129,2602268,poly-s3-p45100.graphml
45200,24.7384,2606700,poly-s3-p45200.graphml
45300,24.7898,2612508,poly-s3-p45300.graphml
45400,24.8301,2618132,poly-s3-p45400.graphml
45500,24.9547,2623804,poly-s3-p45500.graphml
45600,24.9525,2629176,poly-s3-p45600.graphml
45700,25.0048,2634720,poly-s3-p45700.graphml
45800,25.0763,2640200,poly-s3-p45800.graphml
45900,25.0651,2645136,poly-s3-p45900.graphml
46000,25.2341,2651080,poly-s3-p46000.graphml
4600,2.08935,273220,poly-s3-p4600.graphml
46100,25.2439,2658004,poly-s3-p46100.graphml
46200,25.2676,2662764,poly-s3-p46200.graphml
46300,25.4201,2667852,poly-s3-p46300.graphml
46400,25.4627,2673544,poly-s3-p46400.graphml
46500,25.5428,2679240,poly-s3-p46500.graphml
46600,25.4557,2684400,poly-s3-p46600.graphml
46700,25.6338,2690780,poly-s3-p46700.graphml
46800,25.6402,2696132,poly-s3-p46800.graphml
46900,25.6611,2701960,poly-s3-p46900.graphml
47000,25.7951,2706952,poly-s3-p47000.graphml
4700,2.14059,278872,poly-s3-p4700.graphml
47100,25.9103,2713528,poly-s3-p47100.graphml
47200,25.9437,2718928,poly-s3-p47200.graphml
47300,25.9889,2724864,poly-s3-p47300.graphml
47400,25.9453,2729832,poly-s3-p47400.graphml
47500,26.093,2736232,poly-s3-p47500.graphml
47600,26.1098,2741432,poly-s3-p47600.graphml
47700,26.6652,2749504,poly-s3-p47700.graphml
47800,26.4068,2754600,poly-s3-p47800.graphml
47900,26.3708,2760680,poly-s3-p47900.graphml
48000,26.4014,2765552,poly-s3-p48000.graphml
4800,2.1792,284504,poly-s3-p4800.graphml
48100,26.4686,2772188,poly-s3-p48100.graphml
48200,26.528,2779336,poly-s3-p48200.graphml
48300,26.6088,2782760,poly-s3-p48300.graphml
48400,26.6942,2787564,poly-s3-p48400.graphml
48500,26.8226,2791464,poly-s3-p48500.graphml
48600,26.9208,2797308,poly-s3-p48600.graphml
48700,26.9171,2804088,poly-s3-p48700.graphml
48800,26.9636,2807716,poly-s3-p48800.graphml
48900,27.121,2815704,poly-s3-p48900.graphml
49000,27.0236,2819888,poly-s3-p49000.graphml
4900,2.22774,289512,poly-s3-p4900.graphml
49100,27.1452,2826288,poly-s3-p49100.graphml
49200,27.2141,2832336,poly-s3-p49200.graphml
49300,27.3469,2838016,poly-s3-p49300.graphml
49400,27.2774,2844260,poly-s3-p49400.graphml
49500,27.3985,2850548,poly-s3-p49500.graphml
49600,27.3741,2857128,poly-s3-p49600.graphml
49700,27.3943,2861484,poly-s3-p49700.graphml
49800,28.3711,2865596,poly-s3-p49800.graphml
49900,27.4985,2873400,poly-s3-p49900.graphml
50000,27.6783,2879900,poly-s3-p50000.graphml
5000,2.28108,294980,poly-s3-p5000.graphml
50100,27.802,2885128,poly-s3-p50100.graphml
50200,27.8962,2890660,poly-s3-p50200.graphml
50300,27.8626,2897544,poly-s3-p50300.graphml
50400,27.9159,2903384,poly-s3-p50400.graphml
50500,27.8847,2905480,poly-s3-p50500.graphml
50600,28.0179,2910684,poly-s3-p50600.graphml
50700,28.0109,2918888,poly-s3-p50700.graphml
50800,28.1213,2923888,poly-s3-p50800.graphml
50900,28.1207,2931856,poly-s3-p50900.graphml
51000,28.2331,2934828,poly-s3-p51000.graphml
5100,2.32981,301960,poly-s3-p5100.graphml
51100,28.3147,2941952,poly-s3-p51100.graphml
51200,28.3145,2947328,poly-s3-p51200.graphml
51300,28.4301,2954260,poly-s3-p51300.graphml
51400,28.42,2960184,poly-s3-p51400.graphml
51500,28.6971,2963916,poly-s3-p51500.graphml
51600,28.5578,2969448,poly-s3-p51600.graphml
51700,28.6202,2978228,poly-s3-p51700.graphml
51800,28.6486,2984008,poly-s3-p51800.graphml
51900,28.7473,2989744,poly-s3-p51900.graphml
52000,28.8338,2994640,poly-s3-p52000.graphml
5200,2.37351,307032,poly-s3-p5200.graphml
52100,28.9003,2998972,poly-s3-p52100.graphml
52200,28.9744,3005392,poly-s3-p52200.graphml
52300,29.0816,3012324,poly-s3-p52300.graphml
52400,29.3837,3016640,poly-s3-p52400.graphml
52500,29.2423,3022632,poly-s3-p52500.graphml
52600,29.1474,3028348,poly-s3-p52600.graphml
52700,29.2942,3035504,poly-s3-p52700.graphml
52800,29.2843,3039088,poly-s3-p52800.graphml
52900,29.6049,3045720,poly-s3-p52900.graphml
53000,29.4729,3051988,poly-s3-p53000.graphml
5300,2.42921,313036,poly-s3-p5300.graphml
53100,29.4506,3056144,poly-s3-p53100.graphml
53200,29.6088,3062940,poly-s3-p53200.graphml
53300,29.6908,3068832,poly-s3-p53300.graphml
53400,29.6114,3073732,poly-s3-p53400.graphml
53500,29.8859,3079172,poly-s3-p53500.graphml
53600,29.8318,3087012,poly-s3-p53600.graphml
53700,30.0225,3091284,poly-s3-p53700.graphml
53800,29.9575,3097328,poly-s3-p53800.graphml
53900,29.9625,3104820,poly-s3-p53900.graphml
54000,30.0738,3109156,poly-s3-p54000.graphml
5400,2.48062,318288,poly-s3-p5400.graphml
54100,30.4489,3114156,poly-s3-p54100.graphml
54200,30.1135,3119240,poly-s3-p54200.graphml
54300,30.1274,3123484,poly-s3-p54300.graphml
54400,30.3076,3131616,poly-s3-p54400.graphml
54500,30.2754,3136228,poly-s3-p54500.graphml
54600,30.3799,3142176,poly-s3-p54600.graphml
54700,30.4224,3146492,poly-s3-p54700.graphml
54800,30.4497,3154996,poly-s3-p54800.graphml
54900,30.5435,3158172,poly-s3-p54900.graphml
55000,30.6628,3168356,poly-s3-p55000.graphml
5500,2.52262,325100,poly-s3-p5500.graphml
55100,30.6861,3172824,poly-s3-p55100.graphml
55200,31.0243,3179492,poly-s3-p55200.graphml
55300,30.8108,3185072,poly-s3-p55300.graphml
55400,30.7359,3189280,poly-s3-p55400.graphml
55500,30.8928,3197752,poly-s3-p55500.graphml
55600,30.8931,3203052,poly-s3-p55600.graphml
55700,30.9687,3207712,poly-s3-p55700.graphml
55800,31.1054,3213196,poly-s3-p55800.graphml
55900,31.1113,3216608,poly-s3-p55900.graphml
56000,31.2457,3222164,poly-s3-p56000.graphml
5600,2.5785,329656,poly-s3-p5600.graphml
56100,31.2375,3229844,poly-s3-p56100.graphml
56200,33.5793,3233052,poly-s3-p56200.graphml
56300,31.3712,3241532,poly-s3-p56300.graphml
56400,31.4143,3247648,poly-s3-p56400.graphml
56500,31.4861,3251852,poly-s3-p56500.graphml
56600,31.6322,3257436,poly-s3-p56600.graphml
56700,31.5136,3262756,poly-s3-p56700.graphml
56800,31.642,3269384,poly-s3-p56800.graphml
56900,31.8927,3274980,poly-s3-p56900.graphml
57000,31.8128,3282436,poly-s3-p57000.graphml
5700,2.62807,336156,poly-s3-p5700.graphml
57100,31.8907,3286964,poly-s3-p57100.graphml
57200,31.9311,3292728,poly-s3-p57200.graphml
57300,31.88,3299336,poly-s3-p57300.graphml
57400,31.9698,3304604,poly-s3-p57400.graphml
57500,32.1782,3310256,poly-s3-p57500.graphml
57600,32.1823,3316404,poly-s3-p57600.graphml
57700,32.1865,3320548,poly-s3-p57700.graphml
57800,32.3505,3329964,poly-s3-p57800.graphml
57900,32.2782,3334160,poly-s3-p57900.graphml
58000,32.5197,3339304,poly-s3-p58000.graphml
5800,2.67109,342424,poly-s3-p5800.graphml
58100,32.4543,3346660,poly-s3-p58100.graphml
58200,32.6012,3353064,poly-s3-p58200.graphml
58300,32.4888,3359476,poly-s3-p58300.graphml
58400,32.5804,3363284,poly-s3-p58400.graphml
58500,32.6982,3367816,poly-s3-p58500.graphml
58600,32.6904,3373160,poly-s3-p58600.graphml
58700,32.8869,3380724,poly-s3-p58700.graphml
58800,33.0266,3385136,poly-s3-p58800.graphml
58900,33.0005,3390736,poly-s3-p58900.graphml
59000,33.1299,3395972,poly-s3-p59000.graphml
5900,2.71342,348696,poly-s3-p5900.graphml
59100,33.6232,3401076,poly-s3-p59100.graphml
59200,33.3664,3407600,poly-s3-p59200.graphml
59300,33.3828,3412828,poly-s3-p59300.graphml
59400,33.3012,3418408,poly-s3-p59400.graphml
59500,33.4756,3425892,poly-s3-p59500.graphml
59600,33.5059,3433604,poly-s3-p59600.graphml
59700,33.5973,3435644,poly-s3-p59700.graphml
59800,33.5657,3442640,poly-s3-p59800.graphml
59900,33.7075,3448480,poly-s3-p59900.graphml
60000,33.5765,3453704,poly-s3-p60000.graphml
6000,2.7857,354588,poly-s3-p6000.graphml
60100,33.7038,3458964,poly-s3-p60100.graphml
60200,33.8906,3465832,poly-s3-p60200.graphml
60300,34.0353,3470356,poly-s3-p60300.graphml
60400,33.9578,3476652,poly-s3-p60400.graphml
60500,34.0038,3481760,poly-s3-p60500.graphml
60600,34.1155,3487236,poly-s3-p60600.graphml
60700,34.1917,3492740,poly-s3-p60700.graphml
60800,34.1884,3497848,poly-s3-p60800.graphml
60900,34.3054,3506224,poly-s3-p60900.graphml
61000,34.5628,3511476,poly-s3-p61000.graphml
6100,2.83405,360072,poly-s3-p6100.graphml
61100,34.441,3518276,poly-s3-p61100.graphml
61200,34.5219,3521848,poly-s3-p61200.graphml
61300,34.8989,3526824,poly-s3-p61300.graphml
61400,34.7665,3534572,poly-s3-p61400.graphml
61500,34.6537,3540912,poly-s3-p61500.graphml
61600,34.7094,3545456,poly-s3-p61600.graphml
61700,34.804,3549464,poly-s3-p61700.graphml
61800,34.6381,3556324,poly-s3-p61800.graphml
61900,34.7782,3562328,poly-s3-p61900.graphml
62000,34.9044,3568116,poly-s3-p62000.graphml
6200,2.89749,366928,poly-s3-p6200.graphml
62100,35.0489,3571104,poly-s3-p62100.graphml
62200,34.9228,3578540,poly-s3-p62200.graphml
62300,34.9113,3582468,poly-s3-p62300.graphml
62400,35.2003,3586588,poly-s3-p62400.graphml
62500,35.2465,3594960,poly-s3-p62500.graphml
62600,35.1728,3601532,poly-s3-p62600.graphml
62700,35.1942,3605928,poly-s3-p62700.graphml
62800,35.1489,3612784,poly-s3-p62800.graphml
62900,35.2551,3619264,poly-s3-p62900.graphml
63000,35.3853,3621916,poly-s3-p63000.graphml
6300,2.94862,372280,poly-s3-p6300.graphml
63100,35.4634,3628576,poly-s3-p63100.graphml
63200,35.4978,3634996,poly-s3-p63200.graphml
63300,35.619,3640324,poly-s3-p63300.graphml
63400,35.6628,3646612,poly-s3-p63400.graphml
63500,35.743,3650736,poly-s3-p63500.graphml
63600,35.7713,3660296,poly-s3-p63600.graphml
63700,35.8606,3665104,poly-s3-p63700.graphml
63800,35.997,3671644,poly-s3-p63800.graphml
63900,35.9487,3676876,poly-s3-p63900.graphml
64000,36.4216,3681532,poly-s3-p64000.graphml
6400,2.9822,378436,poly-s3-p6400.graphml
64100,36.0698,3686324,poly-s3-p64100.graphml
64200,36.0257,3694860,poly-s3-p64200.graphml
64300,36.1037,3700284,poly-s3-p64300.graphml
64400,36.2166,3706456,poly-s3-p64400.graphml
64500,36.2474,3710712,poly-s3-p64500.graphml
64600,36.5726,3718028,poly-s3-p64600.graphml
64700,36.3026,3722104,poly-s3-p64700.graphml
64800,36.5753,3727132,poly-s3-p64800.graphml
64900,36.5587,3732560,poly-s3-p64900.graphml
65000,36.9847,3739040,poly-s3-p65000.graphml
6500,3.02295,383460,poly-s3-p6500.graphml
65100,36.5306,3747016,poly-s3-p65100.graphml
65200,36.7636,3752120,poly-s3-p65200.graphml
65300,36.7676,3759244,poly-s3-p65300.graphml
65400,36.8429,3760944,poly-s3-p65400.graphml
65500,36.9352,3769704,poly-s3-p65500.graphml
65600,37.0854,3781640,poly-s3-p65600.graphml
65700,37.3368,3785388,poly-s3-p65700.graphml
65800,37.0803,3791600,poly-s3-p65800.graphml
65900,37.0889,3797220,poly-s3-p65900.graphml
66000,37.5191,3803668,poly-s3-p66000.graphml
6600,3.08436,388144,poly-s3-p6600.graphml
66100,37.1823,3807808,poly-s3-p66100.graphml
66200,37.2825,3814768,poly-s3-p66200.graphml
66300,37.2822,3820524,poly-s3-p66300.graphml
66400,37.416,3829388,poly-s3-p66400.graphml
66500,37.4817,3833960,poly-s3-p66500.graphml
66600,37.4947,3841032,poly-s3-p66600.graphml
66700,37.4742,3847480,poly-s3-p66700.graphml
66800,37.6693,3852080,poly-s3-p66800.graphml
66900,37.7287,3857788,poly-s3-p66900.graphml
67000,37.7438,3863324,poly-s3-p67000.graphml
6700,3.11875,394908,poly-s3-p6700.graphml
67100,37.8204,3869904,poly-s3-p67100.graphml
67200,37.94,3875984,poly-s3-p67200.graphml
67300,40.1614,3880968,poly-s3-p67300.graphml
67400,38.1204,3886908,poly-s3-p67400.graphml
67500,38.0645,3891568,poly-s3-p67500.graphml
67600,38.6718,3898004,poly-s3-p67600.graphml
67700,38.2862,3901480,poly-s3-p67700.graphml
67800,38.2146,3906108,poly-s3-p67800.graphml
67900,38.2471,3915048,poly-s3-p67900.graphml
68000,38.6009,3921740,poly-s3-p68000.graphml
6800,3.18126,400208,poly-s3-p6800.graphml
68100,38.5438,3927616,poly-s3-p68100.graphml
68200,38.5188,3931664,poly-s3-p68200.graphml
68300,38.6264,3936208,poly-s3-p68300.graphml
68400,38.549,3944120,poly-s3-p68400.graphml
68500,38.8354,3948912,poly-s3-p68500.graphml
68600,41.2236,3953904,poly-s3-p68600.graphml
68700,38.8406,3962864,poly-s3-p68700.graphml
68800,39.0138,3966420,poly-s3-p68800.graphml
68900,38.8323,3971624,poly-s3-p68900.graphml
69000,38.951,3976888,poly-s3-p69000.graphml
6900,3.27193,404932,poly-s3-p6900.graphml
69100,39.0753,3983664,poly-s3-p69100.graphml
69200,39.1647,3989344,poly-s3-p69200.graphml
69300,39.2615,3996328,poly-s3-p69300.graphml
69400,39.3385,3999612,poly-s3-p69400.graphml
69500,39.3941,4006980,poly-s3-p69500.graphml
69600,39.4324,4013464,poly-s3-p69600.graphml
69700,39.318,4018788,poly-s3-p69700.graphml
69800,39.7107,4023020,poly-s3-p69800.graphml
69900,39.4974,4030048,poly-s3-p69900.graphml
70000,39.5205,4035644,poly-s3-p70000.graphml
7000,3.30127,412320,poly-s3-p7000.graphml
70100,39.6108,4042524,poly-s3-p70100.graphml
70200,39.7579,4047880,poly-s3-p70200.graphml
70300,39.7593,4053996,poly-s3-p70300.graphml
70400,39.8023,4060076,poly-s3-p70400.graphml
70500,40.0336,4065604,poly-s3-p70500.graphml
70600,39.9025,4071648,poly-s3-p70600.graphml
70700,39.9827,4079132,poly-s3-p70700.graphml
70800,39.9587,4081512,poly-s3-p70800.graphml
70900,40.1451,4088024,poly-s3-p70900.graphml
71000,40.1462,4093872,poly-s3-p71000.graphml
7100,3.35001,419280,poly-s3-p7100.graphml
71100,40.3596,4098820,poly-s3-p71100.graphml
71200,44.9526,4105180,poly-s3-p71200.graphml
71300,40.3691,4110620,poly-s3-p71300.graphml
71400,40.3334,4115952,poly-s3-p71400.graphml
71500,40.7358,4122876,poly-s3-p71500.graphml
71600,40.4622,4128784,poly-s3-p71600.graphml
71700,40.6283,4133552,poly-s3-p71700.graphml
71800,40.7602,4139460,poly-s3-p71800.graphml
71900,40.7438,4147200,poly-s3-p71900.graphml
72000,40.7599,4153460,poly-s3-p72000.graphml
7200,3.46093,423260,poly-s3-p7200.graphml
72100,40.8232,4157952,poly-s3-p72100.graphml
72200,41.6436,4165552,poly-s3-p72200.graphml
72300,40.874,4167684,poly-s3-p72300.graphml
72400,41.0069,4173796,poly-s3-p72400.graphml
72500,41.064,4181060,poly-s3-p72500.graphml
72600,41.208,4185024,poly-s3-p72600.graphml
72700,41.2418,4193268,poly-s3-p72700.graphml
72800,41.2875,4199296,poly-s3-p72800.graphml
72900,41.3613,4204524,poly-s3-p72900.graphml
73000,41.5006,4210336,poly-s3-p73000.graphml
7300,3.45942,429356,poly-s3-p7300.graphml
73100,41.8771,4216852,poly-s3-p73100.graphml
73200,41.4809,4221020,poly-s3-p73200.graphml
73300,41.6487,4226036,poly-s3-p73300.graphml
73400,41.7162,4232100,poly-s3-p73400.graphml
73500,41.6849,4236568,poly-s3-p73500.graphml
73600,41.7545,4239976,poly-s3-p73600.graphml
73700,41.8529,4246572,poly-s3-p73700.graphml
73800,41.8411,4249936,poly-s3-p73800.graphml
73900,41.9159,4257272,poly-s3-p73900.graphml
74000,41.9219,4263632,poly-s3-p74000.graphml
7400,3.49028,434496,poly-s3-p7400.graphml
74100,41.965,4269744,poly-s3-p74100.graphml
74200,42.2221,4274548,poly-s3-p74200.graphml
74300,42.276,4283548,poly-s3-p74300.graphml
74400,42.1487,4287012,poly-s3-p74400.graphml
74500,42.1998,4292440,poly-s3-p74500.graphml
74600,42.2913,4302348,poly-s3-p74600.graphml
74700,42.5124,4304284,poly-s3-p74700.graphml
74800,42.499,4308916,poly-s3-p74800.graphml
74900,42.3539,4314844,poly-s3-p74900.graphml
75000,43.8301,4323516,poly-s3-p75000.graphml
7500,3.5323,441532,poly-s3-p7500.graphml
75100,42.5505,4328760,poly-s3-p75100.graphml
75200,42.6952,4335520,poly-s3-p75200.graphml
75300,42.6597,4339952,poly-s3-p75300.graphml
75400,42.9022,4345044,poly-s3-p75400.graphml
75500,42.836,4351388,poly-s3-p75500.graphml
75600,42.9999,4356324,poly-s3-p75600.graphml
75700,42.9106,4364500,poly-s3-p75700.graphml
75800,43.0448,4369832,poly-s3-p75800.graphml
75900,43.0882,4375216,poly-s3-p75900.graphml
76000,43.1655,4379996,poly-s3-p76000.graphml
7600,3.62519,447092,poly-s3-p7600.graphml
76100,43.3199,4388576,poly-s3-p76100.graphml
76200,43.3081,4392048,poly-s3-p76200.graphml
76300,43.2096,4397920,poly-s3-p76300.graphml
76400,43.3622,4401784,poly-s3-p76400.graphml
76500,43.7217,4409024,poly-s3-p76500.graphml
76600,43.4706,4414496,poly-s3-p76600.graphml
76700,43.4981,4420264,poly-s3-p76700.graphml
76800,43.7348,4426728,poly-s3-p76800.graphml
76900,43.6471,4429884,poly-s3-p76900.graphml
77000,43.7347,4438116,poly-s3-p77000.graphml
7700,3.63579,452092,poly-s3-p7700.graphml
77100,43.7707,4442692,poly-s3-p77100.graphml
77200,43.9139,4448300,poly-s3-p77200.graphml
77300,43.824,4453372,poly-s3-p77300.graphml
77400,44.1762,4460612,poly-s3-p77400.graphml
77500,44.142,4466700,poly-s3-p77500.graphml
77600,44.3623,4472336,poly-s3-p77600.graphml
77700,44.8152,4480300,poly-s3-p77700.graphml
77800,44.3146,4486572,poly-s3-p77800.graphml
77900,44.283,4489088,poly-s3-p77900.graphml
78000,44.5565,4496460,poly-s3-p78000.graphml
7800,3.68433,458644,poly-s3-p7800.graphml
78100,44.4016,4504156,poly-s3-p78100.graphml
78200,44.7324,4508444,poly-s3-p78200.graphml
78300,44.4547,4513376,poly-s3-p78300.graphml
78400,44.6475,4519456,poly-s3-p78400.graphml
78500,44.6721,4526864,poly-s3-p78500.graphml
78600,44.9396,4531416,poly-s3-p78600.graphml
78700,44.7968,4535884,poly-s3-p78700.graphml
78800,44.949,4542420,poly-s3-p78800.graphml
78900,44.9274,4545860,poly-s3-p78900.graphml
79000,45.1713,4552832,poly-s3-p79000.graphml
7900,3.74717,464012,poly-s3-p7900.graphml
79100,45.0471,4559456,poly-s3-p79100.graphml
79200,44.9714,4565180,poly-s3-p79200.graphml
79300,45.0983,4570580,poly-s3-p79300.graphml
79400,45.251,4574804,poly-s3-p79400.graphml
79500,45.2498,4580036,poly-s3-p79500.graphml
79600,45.4698,4587992,poly-s3-p79600.graphml
79700,45.3685,4591688,poly-s3-p79700.graphml
79800,45.3127,4597924,poly-s3-p79800.graphml
79900,45.6332,4603764,poly-s3-p79900.graphml
80000,46.3715,4610616,poly-s3-p80000.graphml
8000,3.7855,469928,poly-s3-p8000.graphml
80100,45.5968,4614884,poly-s3-p80100.graphml
80200,45.6913,4624088,poly-s3-p80200.graphml
80300,45.7319,4626704,poly-s3-p80300.graphml
80400,45.907,4632496,poly-s3-p80400.graphml
80500,45.8396,4642380,poly-s3-p80500.graphml
80600,45.9006,4645052,poly-s3-p80600.graphml
80700,46.0005,4652660,poly-s3-p80700.graphml
80800,46.16,4656784,poly-s3-p80800.graphml
80900,46.1231,4661996,poly-s3-p80900.graphml
81000,46.2783,4667512,poly-s3-p81000.graphml
8100,3.83697,475212,poly-s3-p8100.graphml
81100,46.2192,4673692,poly-s3-p81100.graphml
81200,46.2946,4680704,poly-s3-p81200.graphml
81300,46.3716,4683732,poly-s3-p81300.graphml
81400,46.4221,4691448,poly-s3-p81400.graphml
81500,46.6513,4696304,poly-s3-p81500.graphml
81600,46.4335,4703800,poly-s3-p81600.graphml
81700,46.6413,4709760,poly-s3-p81700.graphml
81800,46.8089,4711464,poly-s3-p81800.graphml
81900,46.9811,4720144,poly-s3-p81900.graphml
82000,46.8459,4724608,poly-s3-p82000.graphml
8200,3.89874,482756,poly-s3-p8200.graphml
82100,46.9712,4732140,poly-s3-p82100.graphml
82200,47.0616,4737708,poly-s3-p82200.graphml
82300,47.3527,4744152,poly-s3-p82300.graphml
82400,46.9201,4746704,poly-s3-p82400.graphml
82500,47.4599,4754020,poly-s3-p82500.graphml
82600,47.302,4759440,poly-s3-p82600.graphml
82700,47.3546,4767684,poly-s3-p82700.graphml
82800,47.2132,4771940,poly-s3-p82800.graphml
82900,47.4094,4778424,poly-s3-p82900.graphml
83000,47.6572,4782692,poly-s3-p83000.graphml
8300,3.95277,487624,poly-s3-p8300.graphml
83100,47.3897,4789996,poly-s3-p83100.graphml
83200,47.5204,4794116,poly-s3-p83200.graphml
83300,47.4783,4799288,poly-s3-p83300.graphml
83400,47.7276,4806648,poly-s3-p83400.graphml
83500,47.6192,4812332,poly-s3-p83500.graphml
83600,48.6798,4819056,poly-s3-p83600.graphml
83700,47.8087,4822844,poly-s3-p83700.graphml
83800,47.8133,4829516,poly-s3-p83800.graphml
83900,47.9395,4832732,poly-s3-p83900.graphml
84000,48.1958,4838668,poly-s3-p84000.graphml
8400,3.98908,493380,poly-s3-p8400.graphml
84100,48.1782,4844580,poly-s3-p84100.graphml
84200,48.1214,4851288,poly-s3-p84200.graphml
84300,48.2714,4855760,poly-s3-p84300.graphml
84400,48.1076,4861624,poly-s3-p84400.graphml
84500,48.2905,4867292,poly-s3-p84500.graphml
84600,48.2993,4871560,poly-s3-p84600.graphml
84700,48.3336,4878304,poly-s3-p84700.graphml
84800,48.5389,4885680,poly-s3-p84800.graphml
84900,48.6641,4890224,poly-s3-p84900.graphml
85000,48.6747,4897616,poly-s3-p85000.graphml
8500,4.05755,499840,poly-s3-p8500.graphml
85100,48.7484,4901448,poly-s3-p85100.graphml
85200,48.7967,4906616,poly-s3-p85200.graphml
85300,48.958,4913432,poly-s3-p85300.graphml
85400,48.6341,4918020,poly-s3-p85400.graphml
85500,49.0064,4923644,poly-s3-p85500.graphml
85600,49.0279,4929680,poly-s3-p85600.graphml
85700,48.8729,4935420,poly-s3-p85700.graphml
85800,49.6305,4941976,poly-s3-p85800.graphml
85900,49.1103,4948024,poly-s3-p85900.graphml
86000,49.013,4951136,poly-s3-p86000.graphml
8600,4.10128,504536,poly-s3-p8600.graphml
86100,49.1277,4959128,poly-s3-p86100.graphml
86200,49.1262,4963160,poly-s3-p86200.graphml
86300,49.3269,4967736,poly-s3-p86300.graphml
86400,49.4241,4974044,poly-s3-p86400.graphml
86500,49.4137,4981372,poly-s3-p86500.graphml
86600,49.3989,4986844,poly-s3-p86600.graphml
86700,49.4334,4993472,poly-s3-p86700.graphml
86800,49.6034,4996752,poly-s3-p86800.graphml
86900,49.7956,5002540,poly-s3-p86900.graphml
87000,49.8425,5007652,poly-s3-p87000.graphml
8700,4.1421,509384,poly-s3-p8700.graphml
87100,50.026,5012308,poly-s3-p87100.graphml
87200,50.3387,5020180,poly-s3-p87200.graphml
87300,49.8687,5025476,poly-s3-p87300.graphml
87400,50.0154,5029492,poly-s3-p87400.graphml
87500,49.8489,5036372,poly-s3-p87500.graphml
87600,50.2645,5041196,poly-s3-p87600.graphml
87700,50.1567,5046472,poly-s3-p87700.graphml
87800,51.8415,5055124,poly-s3-p87800.graphml
87900,50.7222,5060320,poly-s3-p87900.graphml
88000,50.5986,5063964,poly-s3-p88000.graphml
8800,4.21614,515976,poly-s3-p8800.graphml
88100,50.8722,5069180,poly-s3-p88100.graphml
88200,50.9143,5073488,poly-s3-p88200.graphml
88300,50.5944,5080684,poly-s3-p88300.graphml
88400,50.7645,5087472,poly-s3-p88400.graphml
88500,52.4554,5093364,poly-s3-p88500.graphml
88600,50.9429,5096024,poly-s3-p88600.graphml
88700,51.5057,5105356,poly-s3-p88700.graphml
88800,51.978,5108976,poly-s3-p88800.graphml
88900,51.657,5115492,poly-s3-p88900.graphml
89000,51.5727,5120008,poly-s3-p89000.graphml
8900,4.2562,520536,poly-s3-p8900.graphml
89100,51.298,5124720,poly-s3-p89100.graphml
89200,51.3139,5132980,poly-s3-p89200.graphml
89300,51.4636,5138012,poly-s3-p89300.graphml
89400,51.415,5143816,poly-s3-p89400.graphml
89500,51.4119,5148396,poly-s3-p89500.graphml
89600,51.8595,5153692,poly-s3-p89600.graphml
89700,51.7826,5159964,poly-s3-p89700.graphml
89800,51.9137,5165172,poly-s3-p89800.graphml
89900,52.2661,5170968,poly-s3-p89900.graphml
90000,51.7179,5177228,poly-s3-p90000.graphml
9000,4.30022,527096,poly-s3-p9000.graphml
90100,51.8604,5182020,poly-s3-p90100.graphml
90200,52.4476,5187876,poly-s3-p90200.graphml
90300,52.0844,5194064,poly-s3-p90300.graphml
90400,52.4149,5200236,poly-s3-p90400.graphml
90500,52.134,5205456,poly-s3-p90500.graphml
90600,52.3619,5211776,poly-s3-p90600.graphml
90700,52.408,5215888,poly-s3-p90700.graphml
90800,52.4235,5220912,poly-s3-p90800.graphml
90900,52.5175,5227168,poly-s3-p90900.graphml
91000,52.892,5232360,poly-s3-p91000.graphml
9100,4.37173,532244,poly-s3-p9100.graphml
91100,52.9567,5238708,poly-s3-p91100.graphml
91200,52.8089,5244920,poly-s3-p91200.graphml
91300,52.6706,5250004,poly-s3-p91300.graphml
91400,53.0172,5256632,poly-s3-p91400.graphml
91500,52.8486,5261880,poly-s3-p91500.graphml
91600,53.0576,5268844,poly-s3-p91600.graphml
91700,52.7807,5274328,poly-s3-p91700.graphml
91800,52.9196,5279660,poly-s3-p91800.graphml
91900,53.8075,5285524,poly-s3-p91900.graphml
92000,53.356,5291008,poly-s3-p92000.graphml
9200,4.43075,537308,poly-s3-p9200.graphml
92100,54.1584,5296724,poly-s3-p92100.graphml
92200,53.6092,5302212,poly-s3-p92200.graphml
92300,53.2849,5308316,poly-s3-p92300.graphml
92400,53.9051,5314716,poly-s3-p92400.graphml
92500,53.4741,5319656,poly-s3-p92500.graphml
92600,53.4446,5325580,poly-s3-p92600.graphml
92700,53.6391,5330984,poly-s3-p92700.graphml
92800,53.498,5337096,poly-s3-p92800.graphml
92900,53.7545,5342432,poly-s3-p92900.graphml
93000,53.6487,5348996,poly-s3-p93000.graphml
9300,4.5745,543784,poly-s3-p9300.graphml
93100,53.7128,5353892,poly-s3-p93100.graphml
93200,53.854,5360548,poly-s3-p93200.graphml
93300,54.3817,5365508,poly-s3-p93300.graphml
93400,53.8986,5371624,poly-s3-p93400.graphml
93500,54.2252,5377176,poly-s3-p93500.graphml
93600,54.1892,5382916,poly-s3-p93600.graphml
93700,54.1861,5387488,poly-s3-p93700.graphml
93800,54.1947,5393312,poly-s3-p93800.graphml
93900,54.2177,5399256,poly-s3-p93900.graphml
94000,54.4156,5405296,poly-s3-p94000.graphml
9400,4.53184,549516,poly-s3-p9400.graphml
94100,54.3999,5410476,poly-s3-p94100.graphml
94200,54.422,5416756,poly-s3-p94200.graphml
94300,54.4768,5422496,poly-s3-p94300.graphml
94400,54.6414,5428356,poly-s3-p94400.graphml
94500,54.704,5434624,poly-s3-p94500.graphml
94600,54.6804,5439916,poly-s3-p94600.graphml
94700,55.7732,5446764,poly-s3-p94700.graphml
94800,55.81,5452504,poly-s3-p94800.graphml
94900,55.5262,5458376,poly-s3-p94900.graphml
95000,55.3283,5464844,poly-s3-p95000.graphml
9500,4.645,556508,poly-s3-p9500.graphml
95100,55.6194,5470660,poly-s3-p95100.graphml
95200,56.5005,5476208,poly-s3-p95200.graphml
95300,55.8887,5482348,poly-s3-p95300.graphml
95400,55.5378,5486444,poly-s3-p95400.graphml
95500,55.8663,5492164,poly-s3-p95500.graphml
95600,55.9164,5498032,poly-s3-p95600.graphml
95700,55.7416,5503952,poly-s3-p95700.graphml
95800,55.9579,5511708,poly-s3-p95800.graphml
95900,55.4547,5515972,poly-s3-p95900.graphml
96000,56.0482,5522424,poly-s3-p96000.graphml
9600,4.62836,562244,poly-s3-p9600.graphml
96100,55.5687,5527628,poly-s3-p96100.graphml
96200,56.1572,5533212,poly-s3-p96200.graphml
96300,55.8961,5540888,poly-s3-p96300.graphml
96400,56.0261,5546580,poly-s3-p96400.graphml
96500,56.5057,5551400,poly-s3-p96500.graphml
96600,56.327,5556604,poly-s3-p96600.graphml
96700,56.1616,5562612,poly-s3-p96700.graphml
96800,56.8901,5571420,poly-s3-p96800.graphml
96900,56.1807,5574452,poly-s3-p96900.graphml
97000,57.2193,5579628,poly-s3-p97000.graphml
9700,4.69501,567404,poly-s3-p9700.graphml
97100,56.2606,5583828,poly-s3-p97100.graphml
97200,56.9597,5591336,poly-s3-p97200.graphml
97300,56.6128,5597884,poly-s3-p97300.graphml
97400,56.8914,5604764,poly-s3-p97400.graphml
97500,56.6347,5607996,poly-s3-p97500.graphml
97600,56.7151,5613332,poly-s3-p97600.graphml
97700,56.6564,5618272,poly-s3-p97700.graphml
97800,57.1336,5625292,poly-s3-p97800.graphml
97900,58.0056,5629480,poly-s3-p97900.graphml
98000,57.5581,5634756,poly-s3-p98000.graphml
9800,4.76953,573604,poly-s3-p9800.graphml
98100,58.1084,5640128,poly-s3-p98100.graphml
98200,57.5029,5646068,poly-s3-p98200.graphml
98300,57.6653,5651760,poly-s3-p98300.graphml
98400,57.8809,5657068,poly-s3-p98400.graphml
98500,57.5378,5664440,poly-s3-p98500.graphml
98600,58.2714,5670528,poly-s3-p98600.graphml
98700,59.3807,5676984,poly-s3-p98700.graphml
98800,57.8781,5683148,poly-s3-p98800.graphml
98900,57.6592,5688320,poly-s3-p98900.graphml
99000,57.5095,5692516,poly-s3-p99000.graphml
9900,4.77949,578800,poly-s3-p9900.graphml
99100,57.5406,5700328,poly-s3-p99100.graphml
99200,58.2539,5704064,poly-s3-p99200.graphml
99300,57.7131,5711964,poly-s3-p99300.graphml
99400,57.6361,5719244,poly-s3-p99400.graphml
99500,57.931,5724120,poly-s3-p99500.graphml
99600,57.6331,5729752,poly-s3-p99600.graphml
99700,57.8817,5733392,poly-s3-p99700.graphml
99800,57.7775,5740896,poly-s3-p99800.graphml
99900,57.9099,5746076,poly-s3-p99900.graphml
100000,59.1809,5743732,poly-s1-p100000.graphml
10000,4.90056,584944,poly-s1-p10000.graphml
1000,0.396005,64920,poly-s1-p1000.graphml
100,0.034163,19276,poly-s1-p100.graphml
1100,0.435325,71216,poly-s1-p1100.graphml
1200,0.469258,77108,poly-s1-p1200.graphml
1300,0.516373,82992,poly-s1-p1300.graphml
1400,0.560041,88768,poly-s1-p1400.graphml
1500,0.617898,94348,poly-s1-p1500.graphml
1600,0.668365,100884,poly-s1-p1600.graphml
1700,0.702915,105808,poly-s1-p1700.graphml
1800,0.755311,111504,poly-s1-p1800.graphml
1900,0.791988,117320,poly-s1-p1900.graphml
2000,0.838732,123176,poly-s1-p2000.graphml
200,0.074413,19276,poly-s1-p200.graphml
2100,0.876238,129368,poly-s1-p2100.graphml
2200,0.927308,135076,poly-s1-p2200.graphml
2300,0.97033,140452,poly-s1-p2300.graphml
2400,1.01954,146204,poly-s1-p2400.graphml
2500,1.06983,152040,poly-s1-p2500.graphml
2600,1.11507,157564,poly-s1-p2600.graphml
2700,1.17099,163848,poly-s1-p2700.graphml
2800,1.2167,169820,poly-s1-p2800.graphml
2900,1.32265,175136,poly-s1-p2900.graphml
3000,1.32187,180724,poly-s1-p3000.graphml
300,0.110587,24656,poly-s1-p300.graphml
3100,1.35387,185748,poly-s1-p3100.graphml
3200,1.4143,191808,poly-s1-p3200.graphml
3300,1.44577,198376,poly-s1-p3300.graphml
3400,1.49842,204124,poly-s1-p3400.graphml
3500,1.55391,209112,poly-s1-p3500.graphml
3600,1.59861,215660,poly-s1-p3600.graphml
3700,1.66216,221764,poly-s1-p3700.graphml
3800,1.69732,226832,poly-s1-p3800.graphml
3900,1.74828,232660,poly-s1-p3900.graphml
4000,1.7892,238700,poly-s1-p4000.graphml
400,0.142378,30648,poly-s1-p400.graphml
4100,1.85356,244916,poly-s1-p4100.graphml
4200,1.91163,250536,poly-s1-p4200.graphml
4300,1.96755,255632,poly-s1-p4300.graphml
4400,1.99882,262336,poly-s1-p4400.graphml
4500,2.14572,268056,poly-s1-p4500.graphml
4600,2.22736,273296,poly-s1-p4600.graphml
4700,2.15777,278664,poly-s1-p4700.graphml
4800,2.19092,283484,poly-s1-p4800.graphml
4900,2.33785,289916,poly-s1-p4900.graphml
50000,28.9072,2882032,poly-s1-p50000.graphml
5000,2.40164,295728,poly-s1-p5000.graphml
500,0.185696,36072,poly-s1-p500.graphml
5100,2.38837,301652,poly-s1-p5100.graphml
5200,2.54465,307720,poly-s1-p5200.graphml
5300,2.7745,314140,poly-s1-p5300.graphml
5400,2.84798,319044,poly-s1-p5400.graphml
5500,2.88413,324792,poly-s1-p5500.graphml
5600,2.61697,331560,poly-s1-p5600.graphml
5700,2.62806,337212,poly-s1-p5700.graphml
5800,2.68294,342860,poly-s1-p5800.graphml
5900,2.73236,348992,poly-s1-p5900.graphml
6000,2.8456,356412,poly-s1-p6000.graphml
600,0.221863,41944,poly-s1-p600.graphml
6100,2.84669,361672,poly-s1-p6100.graphml
6200,2.99446,365712,poly-s1-p6200.graphml
6300,3.14444,371588,poly-s1-p6300.graphml
6400,2.98976,376848,poly-s1-p6400.graphml
6500,3.06808,382524,poly-s1-p6500.graphml
6600,3.0869,387700,poly-s1-p6600.graphml
6700,3.1508,393632,poly-s1-p6700.graphml
6800,3.20603,399396,poly-s1-p6800.graphml
6900,3.28358,405456,poly-s1-p6900.graphml
7000,3.30803,411684,poly-s1-p7000.graphml
700,0.259259,47840,poly-s1-p700.graphml
7100,3.36986,417012,poly-s1-p7100.graphml
7200,3.41569,422688,poly-s1-p7200.graphml
7300,3.43389,429384,poly-s1-p7300.graphml
7400,3.71892,432736,poly-s1-p7400.graphml
7500,3.58823,439012,poly-s1-p7500.graphml
7600,3.65659,444624,poly-s1-p7600.graphml
7700,3.68019,450784,poly-s1-p7700.graphml
7800,3.769,457200,poly-s1-p7800.graphml
7900,3.88146,461800,poly-s1-p7900.graphml
8000,3.82355,467372,poly-s1-p8000.graphml
800,0.32698,54132,poly-s1-p800.graphml
8100,3.84237,473220,poly-s1-p8100.graphml
8200,3.91283,480152,poly-s1-p8200.graphml
8300,3.94938,486128,poly-s1-p8300.graphml
8400,4.01173,491844,poly-s1-p8400.graphml
8500,4.12294,497692,poly-s1-p8500.graphml
8600,4.15264,503412,poly-s1-p8600.graphml
8700,4.37865,509732,poly-s1-p8700.graphml
8800,4.35465,516080,poly-s1-p8800.graphml
8900,4.58888,520932,poly-s1-p8900.graphml
90000,52.3447,5170088,poly-s1-p90000.graphml
9000,4.39358,526824,poly-s1-p9000.graphml
900,0.348193,59168,poly-s1-p900.graphml
9100,4.39203,532432,poly-s1-p9100.graphml
9200,4.4887,537940,poly-s1-p9200.graphml
9300,4.60609,544624,poly-s1-p9300.graphml
9400,4.57427,551292,poly-s1-p9400.graphml
9500,4.6312,556676,poly-s1-p9500.graphml
9600,4.71405,562076,poly-s1-p9600.graphml
9700,4.7211,568604,poly-s1-p9700.graphml
9800,4.80121,573788,poly-s1-p9800.graphml
9900,4.83904,578712,poly-s1-p9900.graphml
10000,4.95557,584472,poly-s3-p10000.graphml
1000,0.414937,64944,poly-s3-p1000.graphml
100,0.033481,19276,poly-s3-p100.graphml
1100,0.439488,70764,poly-s3-p1100.graphml
1200,0.488247,77116,poly-s3-p1200.graphml
1300,0.539589,82956,poly-s3-p1300.graphml
1400,0.58939,88928,poly-s3-p1400.graphml
1500,0.63805,94800,poly-s3-p1500.graphml
1600,0.676421,100488,poly-s3-p1600.graphml
1700,0.708712,105740,poly-s3-p1700.graphml
1800,0.772925,111608,poly-s3-p1800.graphml
1900,0.809253,117208,poly-s3-p1900.graphml
2000,0.859966,122444,poly-s3-p2000.graphml
200,0.072042,19276,poly-s3-p200.graphml
2100,0.908025,128720,poly-s3-p2100.graphml
2200,0.967688,134284,poly-s3-p2200.graphml
2300,0.986467,139476,poly-s3-p2300.graphml
2400,1.02797,145832,poly-s3-p2400.graphml
2500,1.07995,151544,poly-s3-p2500.graphml
2600,1.13114,157064,poly-s3-p2600.graphml
2700,1.17473,162584,poly-s3-p2700.graphml
2800,1.21038,169328,poly-s3-p2800.graphml
2900,1.26919,174364,poly-s3-p2900.graphml
3000,1.33003,180420,poly-s3-p3000.graphml
300,0.106663,24272,poly-s3-p300.graphml
3100,1.36806,186520,poly-s3-p3100.graphml
3200,1.41212,192780,poly-s3-p3200.graphml
3300,1.48048,198208,poly-s3-p3300.graphml
3400,1.5209,203900,poly-s3-p3400.graphml
3500,1.59052,209936,poly-s3-p3500.graphml
3600,1.67432,216380,poly-s3-p3600.graphml
3700,1.69277,221868,poly-s3-p3700.graphml
3800,1.70725,227412,poly-s3-p3800.graphml
3900,1.75841,232932,poly-s3-p3900.graphml
4000,1.8109,237820,poly-s3-p4000.graphml
400,0.144694,30340,poly-s3-p400.graphml
4100,1.83086,244756,poly-s3-p4100.graphml
4200,1.87373,250760,poly-s3-p4200.graphml
4300,1.97714,256572,poly-s3-p4300.graphml
4400,2.02741,261436,poly-s3-p4400.graphml
4500,2.05971,267492,poly-s3-p4500.graphml
4600,2.08106,273260,poly-s3-p4600.graphml
4700,2.15482,279088,poly-s3-p4700.graphml
4800,2.20743,284212,poly-s3-p4800.graphml
4900,2.22948,289508,poly-s3-p4900.graphml
5000,2.36668,294836,poly-s3-p5000.graphml
500,0.185488,36524,poly-s3-p500.graphml
5100,2.34279,301692,poly-s3-p5100.graphml
5200,2.38656,307032,poly-s3-p5200.graphml
5300,2.42719,312948,poly-s3-p5300.graphml
5400,2.5157,318524,poly-s3-p5400.graphml
5500,2.57401,324736,poly-s3-p5500.graphml
5600,2.6011,329816,poly-s3-p5600.graphml
5700,2.62952,336156,poly-s3-p5700.graphml
5800,2.67549,342424,poly-s3-p5800.graphml
5900,2.72384,348884,poly-s3-p5900.graphml
6000,2.78712,354832,poly-s3-p6000.graphml
600,0.225513,42884,poly-s3-p600.graphml
6100,2.83365,359964,poly-s3-p6100.graphml
6200,2.86986,367448,poly-s3-p6200.graphml
6300,2.94894,372200,poly-s3-p6300.graphml
6400,3.00804,379684,poly-s3-p6400.graphml
6500,3.07595,383308,poly-s3-p6500.graphml
6600,3.18666,388432,poly-s3-p6600.graphml
6700,3.16021,393848,poly-s3-p6700.graphml
6800,3.32279,399204,poly-s3-p6800.graphml
6900,3.27747,404960,poly-s3-p6900.graphml
7000,3.40651,411500,poly-s3-p7000.graphml
700,0.259346,48560,poly-s3-p700.graphml
7100,3.37615,417960,poly-s3-p7100.graphml
7200,3.40853,424280,poly-s3-p7200.graphml
7300,3.53246,429284,poly-s3-p7300.graphml
7400,3.5456,433896,poly-s3-p7400.graphml
7500,3.59314,440760,poly-s3-p7500.graphml
7600,3.70605,445992,poly-s3-p7600.graphml
7700,3.77369,452016,poly-s3-p7700.graphml
7800,3.74385,458624,poly-s3-p7800.graphml
7900,3.91216,464564,poly-s3-p7900.graphml
8000,3.83441,470036,poly-s3-p8000.graphml
800,0.310684,53416,poly-s3-p800.graphml
8100,3.89958,475932,poly-s3-p8100.graphml
8200,3.99687,482764,poly-s3-p8200.graphml
8300,3.96827,487588,poly-s3-p8300.graphml
8400,4.02553,493008,poly-s3-p8400.graphml
8500,4.06867,499300,poly-s3-p8500.graphml
8600,4.11938,504700,poly-s3-p8600.graphml
8700,4.26175,509428,poly-s3-p8700.graphml
8800,4.26206,515452,poly-s3-p8800.graphml
8900,4.31272,520632,poly-s3-p8900.graphml
9000,4.5688,527020,poly-s3-p9000.graphml
900,0.347898,59144,poly-s3-p900.graphml
9100,4.41734,532508,poly-s3-p9100.graphml
9200,4.40891,538304,poly-s3-p9200.graphml
9300,4.49027,544000,poly-s3-p9300.graphml
9400,4.53956,549648,poly-s3-p9400.graphml
9500,4.58526,556220,poly-s3-p9500.graphml
9600,4.73978,561964,poly-s3-p9600.graphml
9700,4.83663,567964,poly-s3-p9700.graphml
9800,4.7558,573696,poly-s3-p9800.graphml
9900,4.81136,578968,poly-s3-p9900.graphml
10000,4.94694,584032,poly-s9-p10000.graphml
1000,0.403177,65260,poly-s9-p1000.graphml
100,0.033143,19276,poly-s9-p100.graphml
1100,0.457373,71424,poly-s9-p1100.graphml
1200,0.494601,76368,poly-s9-p1200.graphml
1300,0.524773,82236,poly-s9-p1300.graphml
1400,0.577524,88360,poly-s9-p1400.graphml
1500,0.623311,93968,poly-s9-p1500.graphml
1600,0.663613,99848,poly-s9-p1600.graphml
1700,0.723356,105504,poly-s9-p1700.graphml
1800,0.760167,111468,poly-s9-p1800.graphml
1900,0.803702,116672,poly-s9-p1900.graphml
2000,0.850734,122268,poly-s9-p2000.graphml
200,0.076609,19388,poly-s9-p200.graphml
2100,0.893138,128304,poly-s9-p2100.graphml
2200,0.937006,134264,poly-s9-p2200.graphml
2300,0.991323,139712,poly-s9-p2300.graphml
2400,1.08102,144988,poly-s9-p2400.graphml
2500,1.06861,150532,poly-s9-p2500.graphml
2600,1.11613,156748,poly-s9-p2600.graphml
2700,1.1904,162528,poly-s9-p2700.graphml
2800,1.1997,168356,poly-s9-p2800.graphml
2900,1.25338,173956,poly-s9-p2900.graphml
3000,1.30224,179724,poly-s9-p3000.graphml
300,0.117411,25328,poly-s9-p300.graphml
3100,1.34969,185612,poly-s9-p3100.graphml
3200,1.40843,191376,poly-s9-p3200.graphml
3300,1.46291,197088,poly-s9-p3300.graphml
3400,1.51977,203968,poly-s9-p3400.graphml
3500,1.58138,209972,poly-s9-p3500.graphml
3600,1.62958,215108,poly-s9-p3600.graphml
3700,1.66947,221192,poly-s9-p3700.graphml
3800,1.70831,226472,poly-s9-p3800.graphml
3900,1.76766,231972,poly-s9-p3900.graphml
4000,1.80646,238360,poly-s9-p4000.graphml
400,0.154875,30432,poly-s9-p400.graphml
4100,1.92111,245604,poly-s9-p4100.graphml
4200,1.93768,250816,poly-s9-p4200.graphml
4300,1.96078,257068,poly-s9-p4300.graphml
4400,2.02902,262768,poly-s9-p4400.graphml
4500,2.0893,267848,poly-s9-p4500.graphml
4600,2.12976,273764,poly-s9-p4600.graphml
4700,2.18877,279528,poly-s9-p4700.graphml
4800,2.22098,284800,poly-s9-p4800.graphml
4900,2.25774,290752,poly-s9-p4900.graphml
5000,2.30041,296520,poly-s9-p5000.graphml
500,0.183518,36032,poly-s9-p500.graphml
5100,2.35485,301828,poly-s9-p5100.graphml
5200,2.41131,308632,poly-s9-p5200.graphml
5300,2.4647,313820,poly-s9-p5300.graphml
5400,2.49001,319052,poly-s9-p5400.graphml
5500,2.51842,325528,poly-s9-p5500.graphml
5600,2.55925,331364,poly-s9-p5600.graphml
5700,2.63032,337388,poly-s9-p5700.graphml
5800,2.70381,342340,poly-s9-p5800.graphml
5900,2.77431,348616,poly-s9-p5900.graphml
6000,2.80016,353836,poly-s9-p6000.graphml
600,0.226869,42484,poly-s9-p600.graphml
6100,2.84648,359916,poly-s9-p6100.graphml
6200,2.90382,365324,poly-s9-p6200.graphml
6300,2.94203,370564,poly-s9-p6300.graphml
6400,3.02408,376320,poly-s9-p6400.graphml
6500,3.08106,381352,poly-s9-p6500.graphml
6600,3.10414,387284,poly-s9-p6600.graphml
6700,3.13664,393052,poly-s9-p6700.graphml
6800,3.22024,399456,poly-s9-p6800.graphml
6900,3.26076,405724,poly-s9-p6900.graphml
7000,3.31713,411476,poly-s9-p7000.graphml
700,0.272988,48532,poly-s9-p700.graphml
7100,3.34779,418396,poly-s9-p7100.graphml
7200,3.41094,423028,poly-s9-p7200.graphml
7300,3.44867,429548,poly-s9-p7300.graphml
7400,3.53403,434516,poly-s9-p7400.graphml
7500,3.5543,441044,poly-s9-p7500.graphml
7600,3.60784,446256,poly-s9-p7600.graphml
7700,3.70148,451600,poly-s9-p7700.graphml
7800,4.02582,457304,poly-s9-p7800.graphml
7900,3.74803,462816,poly-s9-p7900.graphml
8000,3.80691,469068,poly-s9-p8000.graphml
800,0.313297,54480,poly-s9-p800.graphml
8100,3.88246,475264,poly-s9-p8100.graphml
8200,3.94392,481408,poly-s9-p8200.graphml
8300,3.986,487628,poly-s9-p8300.graphml
8400,4.03106,490236,poly-s9-p8400.graphml
8500,4.06689,497832,poly-s9-p8500.graphml
8600,4.1128,504328,poly-s9-p8600.graphml
8700,4.19077,509648,poly-s9-p8700.graphml
8800,4.23196,515944,poly-s9-p8800.graphml
8900,4.29513,521404,poly-s9-p8900.graphml
9000,4.37466,527712,poly-s9-p9000.graphml
900,0.347591,59608,poly-s9-p900.graphml
9100,4.41484,533716,poly-s9-p9100.graphml
9200,4.46526,538476,poly-s9-p9200.graphml
9300,4.66961,545624,poly-s9-p9300.graphml
9400,4.5522,551016,poly-s9-p9400.graphml
9500,4.60817,555784,poly-s9-p9500.graphml
9600,5.02141,561524,poly-s9-p9600.graphml
9700,4.74542,567456,poly-s9-p9700.graphml
9800,4.81453,573000,poly-s9-p9800.graphml
9900,4.86457,578708,poly-s9-p9900.graphml
